series_id,mean_abs_rel_change,ofv_reference_params,ofv_recalibrated,recalib_snw_dth,recalib_snw_att,recalib_snw_pmf,recalib_snw_amf,recalib_sl0_dth,recalib_sl0_pwp,recalib_sl0_fcy,recalib_sl0_bt0,recalib_urr_dth,recalib_lrr_dth,recalib_urr_wsr,recalib_urr_ulc,recalib_urr_tdh,recalib_urr_tdr,recalib_urr_ndr,recalib_urr_uct,recalib_lrr_dre,recalib_lrr_lct
0,0.15609647,0.25905030965805054,0.25764110684394836,0.0,0.6723593,1.0219332,0.059943177,99.25257,698.5961,153.0045,3.0202198,1.7375687,1.9033942,0.9988997,0.21121888,172.36594,0.48677203,2.7804916e-07,1.4214419e-06,0.006842251,5.2771384e-07
1,0.15414453,0.24872034788131714,0.21316996216773987,0.0,-0.0074583143,0.35977012,0.018109025,97.315796,106.58339,136.57828,4.351864,2.8872995,0.27957729,0.9995029,0.1215266,148.17268,0.31371388,2.64797e-06,0.010219235,0.010836407,1.0897684e-05
2,0.15977597,0.2561003565788269,0.24337945878505707,0.0,-0.007511654,0.40263036,0.017340338,97.55075,118.15637,143.59111,3.669769,2.1281586,0.8097572,0.99995965,0.113919586,38.75669,0.25172922,9.8542605e-09,0.00522816,0.011137959,0.00010133478
3,0.15379493,0.23520146310329437,0.23260487616062164,0.0,-0.00744405,0.46128148,0.017061435,45.638973,73.05501,100.19509,1.7215983,1.9583213,0.84587604,0.9991247,0.16898523,146.89738,0.70045066,1.5331229e-06,0.003842525,0.010114392,3.0546238e-05
4,0.15455543,0.2428005337715149,0.2311972826719284,0.0,-0.00710586,0.40745267,0.016545368,71.46228,62.016373,113.89648,3.1395135,2.5927422,0.1930652,0.9997817,0.13949217,137.95888,0.6428201,1.6343877e-06,0.0048101936,0.011053441,0.0003187806
5,0.15229271,0.22922296822071075,0.22702640295028687,0.0,0.08546503,0.5744528,0.031931594,99.91601,699.0666,160.31522,3.129366,2.3100529,0.94108254,0.9999485,0.20245454,197.42401,0.36392894,5.332893e-07,3.3034001e-07,0.008862349,9.580628e-08
6,0.15521662,0.25382232666015625,0.21748870611190796,0.0,-0.010274464,0.010828458,0.09060736,99.946434,35.55022,135.02548,5.6170244,2.3757443,0.39768204,0.9996208,0.1402545,68.491974,0.033488404,7.694073e-08,0.0152076725,0.013488378,0.00022636827
7,0.1559689,0.2417234182357788,0.22845859825611115,0.0,-0.007506968,0.42628375,0.017100142,99.74749,18.149067,147.9819,3.4944358,2.0964386,0.67175573,0.9999949,0.15035705,78.37792,0.33735827,1.9625462e-08,0.002638595,0.010802828,9.6427444e-05
8,0.15324943,0.23553986847400665,0.2329636961221695,0.0,-0.006205056,0.4776529,0.04796065,99.83953,348.0451,162.86311,2.9053614,2.201853,1.0733644,0.99983305,0.20167287,133.9604,0.9405717,2.1616552e-06,4.2492397e-06,0.00881308,5.7335463e-08
9,0.15715425,0.2573409676551819,0.2341809868812561,0.0,-0.007488733,0.3928807,0.017450456,99.5978,90.61874,142.14726,4.012804,2.0654156,0.76471496,0.9999477,0.12412379,42.863457,0.2724029,2.7954587e-07,0.0075607374,0.011949512,7.68689e-05
10,0.15661274,0.25143131613731384,0.22627602517604828,0.0,-0.009100764,0.05811209,0.08616667,98.04045,30.585098,134.82727,5.148246,2.5392933,0.3103321,0.9994966,0.13836105,13.751755,0.06531067,3.3455603e-06,0.004980096,0.012707664,0.0009384316
11,0.15576193,0.23845279216766357,0.241404190659523,0.0,0.6719159,0.9671539,0.07074921,98.796745,699.64056,155.04265,3.012564,2.8579724,0.8133983,0.99977386,0.1818229,66.74084,0.37613523,3.3085908e-07,2.3204334e-06,0.0073417933,1.8161637e-07
12,0.15282288,0.24666829407215118,0.23214225471019745,0.0,-0.007491352,0.42388222,0.0174808,93.53005,239.10222,145.1829,3.1461344,1.8888526,1.0687538,0.999678,0.16994378,146.61983,0.70983154,1.427137e-07,0.0004223116,0.009486827,0.0005499946
13,0.15484153,0.23048585653305054,0.22928950190544128,0.0,0.08933939,0.5981785,0.035374135,99.78839,692.05444,158.9099,3.2077458,2.2379453,1.2248385,0.9993129,0.18159457,13.184817,0.012004973,9.94257e-07,8.6082724e-07,0.008783591,1.3628609e-07
14,0.15804616,0.2570660412311554,0.2438928186893463,0.0,-0.0070280465,0.41137236,0.01737067,94.91382,168.19646,141.93735,3.4523485,2.3283799,0.77217835,0.999822,0.11749307,17.21895,0.27661377,1.2210613e-06,0.007065796,0.010535481,7.3219606e-05
15,0.15370657,0.24653714895248413,0.23568667471408844,0.0,-0.007471274,0.4399267,0.01723925,64.11926,84.470604,116.38717,2.2544405,1.9952288,0.89830637,0.9998287,0.14467855,68.53714,0.7787883,9.987815e-07,0.0032430908,0.010264543,2.3545148e-05
16,0.15419494,0.22863109409809113,0.21966013312339783,0.0,-0.0073537664,0.43322766,0.01936229,90.88141,111.137085,141.21054,3.1146214,2.1266248,0.65524936,0.99970865,0.16306043,71.81253,0.03323461,6.6178046e-07,0.0023177036,0.01044189,0.000117821
17,0.16016874,0.2536433935165405,0.23348312079906464,0.0,-0.0073638693,0.39760917,0.018764902,99.31151,117.25994,141.37366,3.9099922,1.9426802,1.218614,0.9997148,0.1356217,169.9524,0.38366336,5.846951e-07,0.002175055,0.009857443,0.00048065465
18,0.15580204,0.2352650761604309,0.22115449607372284,0.0,-0.007495742,0.40116954,0.017126044,99.996086,120.85981,144.55237,3.8409228,2.002702,0.9837206,0.999954,0.12684427,24.30575,0.5888706,4.004812e-07,0.007870922,0.01115822,7.788834e-05
19,0.15518142,0.23088201880455017,0.21799537539482117,0.0,-0.006955632,0.4272318,0.020072754,94.00224,54.20853,145.57129,3.1005027,1.9298011,0.7605161,0.99993855,0.14207831,142.88707,0.86734873,8.52397e-08,0.0011621088,0.011081581,4.6660145e-05
20,0.1580047,0.2413250356912613,0.22500145435333252,0.0,-0.0073069395,0.40804073,0.018037856,99.45669,111.65086,145.32336,3.6690073,2.15546,0.89116526,0.9995796,0.12781896,92.111336,0.967605,2.1698305e-07,0.0015748776,0.010456844,0.0003092971
21,0.15212893,0.22956900298595428,0.2301311045885086,0.0,0.53938323,0.7869651,0.06373109,94.25618,674.1307,147.38228,3.1519873,2.4659991,0.8980761,0.99551433,0.19641331,21.662027,0.22312619,3.0316136e-07,1.293342e-05,0.0078041223,1.9364246e-07
22,0.15778969,0.2478044629096985,0.23004098236560822,0.0,-0.0071654245,0.4085674,0.017073931,99.89802,118.489716,147.6305,3.5949275,1.5986856,1.1241829,0.9995408,0.12742011,128.1231,0.45811427,3.1855524e-07,0.002935778,0.011378195,9.2272225e-05
23,0.15499997,0.242403045296669,0.23517826199531555,0.0,-0.0062665874,0.41785386,0.017285174,97.186485,125.83682,146.9821,3.328439,1.7425351,1.2450331,0.9868659,0.1342906,16.832014,0.52382463,4.648254e-06,0.0049983715,0.011232444,1.1627045e-05
24,0.15151379,0.2310580611228943,0.22908176481723785,0.0,0.08940918,0.6277382,0.033547536,99.76038,674.6725,162.05264,3.1641805,2.5773008,0.4402505,0.9991713,0.21474493,146.22047,0.8000425,7.866649e-07,1.3660805e-06,0.009118356,3.1280795e-08
25,0.1588015,0.240272656083107,0.23537702858448029,0.0,-0.0055842497,0.44666255,0.05324506,99.999916,340.5838,158.48267,3.3985395,2.3165395,0.9225683,0.99974096,0.1898125,123.07255,0.88629234,4.060067e-08,2.607862e-07,0.009668131,1.0416572e-07
26,0.14790621,0.22221679985523224,0.2198973447084427,0.0,0.0894211,0.61501443,0.030967223,99.945404,697.63696,162.70805,3.0844297,2.5708008,0.4852528,0.9998277,0.18957226,148.65443,0.21628918,8.1482506e-07,1.8933879e-06,0.009458334,1.3384424e-07
27,0.1571575,0.2504150867462158,0.2376127541065216,0.0,-0.0071670716,0.43762976,0.018334659,91.15196,79.81787,142.83324,3.0579908,2.0039146,0.70199156,0.99926126,0.15454629,16.540157,0.556579,8.987903e-06,0.0006148538,0.011004418,5.091429e-05
28,0.15608849,0.24734392762184143,0.24639154970645905,0.0,0.8135995,1.1554806,0.07263234,98.64239,699.73267,151.32898,3.2620683,2.6148212,1.0570611,0.9997759,0.19032317,77.11002,0.60461146,3.4060676e-07,1.3147104e-06,0.0072417883,1.5704146e-08
29,0.15650094,0.24215084314346313,0.24552422761917114,0.0,0.5398537,0.86651886,0.059014995,99.9783,698.0012,154.73076,3.042319,0.7020323,2.816181,0.99948776,0.1827326,59.30335,0.050464887,6.175478e-07,9.625288e-08,0.0074839233,8.363027e-10
30,0.15552446,0.25363776087760925,0.23176242411136627,0.0,-0.010019999,0.10751786,0.069811955,99.34355,48.865517,134.17548,5.6005144,2.5572286,0.27188876,0.9997767,0.13809367,142.84222,0.62515485,1.1998006e-06,0.00034944154,0.01237201,0.0013328743
31,0.15673433,0.23927530646324158,0.2080916315317154,0.0,-0.0072240625,0.3621254,0.018030759,99.75705,73.71826,139.5482,4.470513,2.3158937,0.49836877,0.9999828,0.13040842,51.950027,0.22842427,2.1754808e-08,0.004234762,0.011908195,0.0006166562
32,0.15345873,0.22335296869277954,0.21707431972026825,0.0,-0.0074430457,0.4429168,0.017187832,54.73915,76.2612,105.734726,2.1451433,2.0151346,0.81666815,0.999938,0.14834996,96.26399,0.5361803,1.3294529e-07,0.0037487908,0.010673946,6.346962e-05
33,0.15429166,0.23546740412712097,0.23226526379585266,0.0,-0.0063506593,0.5196373,0.036198087,99.64507,285.41278,160.12935,2.9295766,2.80971,0.4637043,0.9981839,0.21534115,15.99042,0.2827563,8.0608413e-07,2.095044e-06,0.008573724,3.64487e-07
34,0.159594,0.25104820728302,0.2038872241973877,0.0,-0.0059208837,0.06414712,0.080230065,99.845276,73.45237,137.38943,5.4826264,2.2446475,0.47326043,0.9998933,0.15451355,55.992916,0.2977108,2.6536054e-07,0.0019191399,0.013364793,0.00089986593
35,0.15014009,0.21649375557899475,0.21515925228595734,0.0,-0.0054625524,0.46597877,0.056711376,99.504585,537.8618,161.04538,3.2086434,1.9888064,1.2168117,0.99964195,0.19031571,98.03751,0.13589829,1.1308402e-06,5.5341384e-06,0.009386487,1.3251716e-07
36,0.15831971,0.252742201089859,0.21963940560817719,0.0,-0.009714249,0.052271854,0.08461944,99.88697,74.666115,136.65657,5.3358536,2.5982466,0.3902384,0.9989799,0.13262984,172.5908,0.590346,2.194922e-07,0.003237052,0.012758312,0.0007882264
37,0.15367928,0.2501865029335022,0.2276362180709839,0.0,-0.0074903048,0.36899108,0.017953187,99.98344,70.829704,141.78737,4.367399,2.409668,0.36878338,0.9999905,0.12487572,30.634874,0.6137641,3.0447865e-08,0.00045786556,0.01234268,0.00089506916
38,0.15617163,0.2368786334991455,0.2211633175611496,0.0,-0.0075118653,0.4303156,0.019673435,99.66041,120.9457,153.55978,3.18117,2.077197,0.61697346,0.99996614,0.14059544,59.67168,0.30791658,1.9437432e-07,0.00013038368,0.011024272,5.840668e-06
39,0.1575049,0.24220481514930725,0.22766713798046112,0.0,-0.0072374656,0.4254869,0.01737731,99.86589,15.231126,148.0022,3.4959366,1.9597259,0.75848466,0.9999195,0.13495523,78.60978,0.04882406,1.2279492e-07,0.0011839189,0.01157634,0.00024310738
40,0.15756892,0.25084954500198364,0.23759004473686218,0.0,-0.0074712867,0.44153163,0.016715199,99.06151,117.33969,150.81323,3.2957685,1.678336,1.0535704,0.9998178,0.14656426,93.89139,0.39304504,9.4215785e-08,3.9260558e-05,0.010775307,7.338833e-05
41,0.15578964,0.24863970279693604,0.24941791594028473,0.0,0.5555403,0.9298837,0.0604434,99.90821,699.2706,156.85033,2.9542844,2.69376,0.80771714,0.999862,0.21953648,39.311546,0.82303214,7.334698e-07,1.4480368e-07,0.0074630543,1.1234229e-08
42,0.15685238,0.26611652970314026,0.2544052302837372,0.0,-0.009882549,0.04625678,0.087014884,99.517525,380.31772,139.09436,5.601906,2.4991505,0.35621107,0.99983996,0.16100492,122.586365,0.31735018,8.189388e-07,0.0074291565,0.012000739,0.0013101798
43,0.15856151,0.24038203060626984,0.21737423539161682,0.0,-0.005998912,0.00019284843,0.095930696,90.122284,116.676735,136.0496,5.4274855,3.004493,0.7578076,0.9790237,0.0016669309,54.86289,0.19465652,0.010877686,0.0001282286,0.0019826433,0.0002886242
44,0.15476444,0.24774911999702454,0.24425558745861053,0.0,-0.0055410583,0.38633093,0.07166858,99.94013,690.70197,162.6455,3.2124863,2.8467565,0.3385057,0.9981274,0.18762037,170.56633,0.071827956,4.797454e-06,4.0498317e-06,0.009557543,1.2482093e-08
45,0.1580779,0.22908784449100494,0.22893603146076202,0.0,0.5127845,0.7812013,0.05532998,98.223724,697.78046,149.87547,3.2520087,2.6521842,1.1558758,0.9991306,0.20105107,50.529068,0.5253781,2.1237483e-08,3.1727625e-06,0.007143404,4.2108745e-08
46,0.156681,0.2456432431936264,0.24466906487941742,0.0,0.08919184,0.59282357,0.03571322,99.92079,692.2987,160.07106,3.14417,2.467875,0.7509476,0.9999243,0.17422113,79.46447,0.25024128,2.800606e-08,7.0390684e-06,0.00893919,3.897882e-08
47,0.15492295,0.23528814315795898,0.23342567682266235,0.0,0.5397224,0.82324237,0.059338663,93.44846,699.04584,145.63153,3.3491194,2.5128305,0.9423338,0.9997479,0.18734153,80.32391,0.50051373,5.412652e-08,1.0867611e-06,0.008088504,1.2027001e-08
48,0.15616582,0.2292211949825287,0.2299823760986328,0.0,0.5531426,0.84179026,0.05388828,99.777756,697.6175,152.76425,3.3141239,2.4242954,1.0135106,0.9993138,0.20469293,164.64331,0.5420002,9.054298e-09,1.8191198e-06,0.0075506256,3.0760635e-08
49,0.1564972,0.24382780492305756,0.2423536777496338,0.0,0.08931307,0.6389293,0.030837834,99.62477,696.1496,159.27592,3.2659442,2.8023574,0.6374296,0.9990471,0.255964,163.45367,0.5605313,2.9012226e-06,4.220208e-07,0.008335999,1.6222701e-07
50,0.15557438,0.23208379745483398,0.22982938587665558,0.0,0.5453867,0.79517114,0.06252375,98.50667,693.7636,151.57408,3.330965,0.95568854,2.1151443,0.99641013,0.1628321,23.850815,0.25578585,1.6987699e-06,2.9365216e-05,0.007985334,8.0368565e-08
51,0.15535954,0.2303185760974884,0.220140740275383,0.0,-0.0093332445,0.00904348,0.097368985,99.953094,256.8523,140.57436,5.3923063,2.670781,0.40339088,0.999502,0.16745798,33.51879,0.43486008,1.7613309e-07,0.006513112,0.011705957,0.00097294245
52,0.15333997,0.2556048333644867,0.23501776158809662,0.0,-0.007502589,0.35160235,0.018142885,99.95331,226.81956,141.97966,4.645732,2.8144507,0.28914282,0.99999744,0.12665084,93.76927,0.37409848,6.6175105e-08,0.016673665,0.011901579,4.2455045e-05
53,0.15699099,0.2552352249622345,0.2418300360441208,0.0,-0.0074797063,0.41627494,0.017204829,99.12502,116.84925,146.02928,3.58091,1.9082878,1.0380386,0.9979785,0.13924956,16.85626,0.27390793,5.394012e-07,0.0031369012,0.010425283,0.00020623715
54,0.15763329,0.23262029886245728,0.23374509811401367,0.0,0.51157475,0.7332793,0.06504374,96.80843,692.3552,151.56548,3.113018,1.2209647,2.115144,0.9985114,0.18047713,21.576668,0.37904388,2.46885e-06,3.8757084e-06,0.007986908,9.437027e-07
55,0.15579428,0.24015651643276215,0.2364770472049713,0.0,0.9127596,1.1909356,0.08495683,74.695946,699.2414,126.337036,2.6918757,3.1483524,0.36076215,0.99984056,0.18786481,111.84416,0.64587045,4.286859e-07,4.982222e-08,0.0074376245,1.2989089e-08
56,0.15167771,0.2349894791841507,0.23641446232795715,0.0,0.54427874,0.8419499,0.061231196,99.62998,698.441,153.72583,3.2343826,2.4073894,1.1019008,0.99998033,0.20640059,32.469883,0.5997109,2.5377255e-07,1.230587e-06,0.007553212,7.95056e-08
57,0.15667178,0.24331100285053253,0.23358596861362457,0.0,-0.00724793,0.42050138,0.017351063,98.1571,112.004944,146.72682,3.3630419,2.2130508,0.6576536,0.99997413,0.12905201,33.931274,0.2011748,5.780133e-07,0.0033821107,0.010547234,3.8407998e-05
58,0.15490453,0.23474839329719543,0.2245418280363083,0.0,-0.007471728,0.4189345,0.01698599,98.88599,115.5472,144.2703,3.575115,2.1356258,0.9273612,0.999556,0.12986441,16.988605,0.5062506,6.258181e-07,0.006806414,0.010292824,6.600765e-05
59,0.15495154,0.2483391910791397,0.24923107028007507,0.0,0.6726728,0.93798614,0.06777138,99.14016,699.03864,151.32436,3.3345144,1.6738613,1.8369648,0.99972713,0.16386591,95.385284,0.45379007,4.587899e-07,1.6961424e-06,0.007439661,2.9342482e-08
60,0.15550083,0.2351815104484558,0.23561015725135803,0.0,0.67146504,0.94757366,0.06672305,99.40343,697.5395,151.26466,3.321877,0.7895747,2.7936602,0.9998032,0.18042009,179.88515,0.43913063,2.954408e-07,7.0736654e-08,0.00756033,8.7602025e-08
61,0.15386112,0.24993255734443665,0.2535795271396637,0.0,0.5117428,0.9233406,0.0571112,99.49648,699.761,155.80997,2.9887002,1.8177798,1.7031302,0.9999761,0.18820818,195.04448,0.40592512,1.353754e-06,4.2079955e-06,0.0074362326,1.4964482e-07
62,0.15348269,0.23321738839149475,0.22614739835262299,0.0,-0.007439679,0.42539808,0.017421074,96.416664,37.161716,144.6053,3.33232,2.2665613,0.72985464,0.99990845,0.12717985,149.5665,0.5543348,1.2116705e-06,0.0027284147,0.010490358,7.305422e-05
63,0.15528955,0.24367067217826843,0.2374110221862793,0.0,0.5398542,0.7502032,0.05519174,99.323586,697.36395,150.88751,3.5019388,2.1409063,1.4040316,0.999775,0.18740818,141.50249,0.9297609,1.0424278e-06,4.196493e-07,0.0081188725,2.0449292e-10
64,0.1534869,0.2424282431602478,0.24684853851795197,0.0,0.6101602,0.7064972,0.080931276,55.354305,510.3134,106.16288,2.248522,4.516375,0.03954545,0.9174281,0.0004647632,68.95401,0.8286982,0.0062434347,9.426556e-06,0.56835955,0.007106095
65,0.15422003,0.2255128026008606,0.22593729197978973,0.0,0.5446643,0.84032696,0.0625884,99.5379,694.0719,154.56384,3.167069,1.6537995,1.5633341,0.9996066,0.19778493,55.484737,0.9156584,2.057605e-07,7.996625e-08,0.0080163805,3.589488e-08
66,0.15108396,0.24244612455368042,0.22900287806987762,0.0,-0.0074865376,0.38862532,0.017813241,99.76096,326.06238,146.67307,3.9941335,2.2923074,0.5745185,0.99961776,0.12758598,67.2593,0.2765023,3.3591056e-07,0.012537277,0.011137503,7.893477e-05
67,0.1556783,0.23560316860675812,0.24070784449577332,0.0,0.5116199,0.80755055,0.0612801,97.841324,696.92816,153.27686,2.882472,1.7157656,1.6214083,0.9997941,0.18924323,26.436539,0.26308078,1.3648412e-06,5.552391e-06,0.007373779,2.001557e-07
68,0.15414037,0.24226287007331848,0.23211295902729034,0.0,-0.0074566584,0.4065933,0.016857507,94.38936,113.35401,137.50114,3.6042933,1.7067555,1.2022781,0.9999075,0.121176235,76.53262,0.863019,1.5578474e-06,0.008946332,0.0111969635,6.237557e-05
69,0.15270089,0.23776596784591675,0.23756100237369537,0.0,0.5397257,0.8070673,0.06137818,99.852776,699.0834,151.62341,3.4849396,2.6988401,0.6899439,0.9999727,0.20224735,84.52629,0.28164214,3.0785347e-07,2.171423e-07,0.007863254,1.7737227e-08
70,0.15704538,0.21338053047657013,0.20918191969394684,0.0,-0.0063108304,0.40477985,0.06651091,99.90806,28.279264,151.76404,3.3015842,1.9391576,0.9221915,0.9988301,0.17700413,23.669243,0.7367708,2.1129872e-06,1.3102338e-06,0.009570255,2.667652e-07
71,0.1539409,0.22988077998161316,0.23328641057014465,0.0,0.5114345,0.818102,0.05663321,98.87335,698.931,152.58234,3.133373,0.7424473,2.911991,0.99999356,0.20931172,137.251,0.5213173,7.0962653e-07,5.249912e-06,0.0073162885,3.222895e-08
72,0.1535986,0.24333038926124573,0.2460111528635025,0.0,0.5448704,0.9071647,0.057718035,99.901924,699.6751,154.05232,3.084333,2.0799887,1.4830357,0.9998325,0.23594832,44.956863,0.24902786,1.7084819e-06,2.3791551e-06,0.0072155762,1.328153e-07
73,0.15505002,0.25015443563461304,0.23720626533031464,0.0,-0.007501149,0.424522,0.016622286,99.93477,121.294685,147.83047,3.7663105,2.2824037,0.47961494,0.9998291,0.14488007,142.77269,0.43223906,2.4945106e-07,0.002166533,0.011380517,0.00023186865
74,0.15511015,0.23286683857440948,0.23397937417030334,0.0,0.16664982,0.3947451,0.082477205,98.27549,569.5905,147.2613,3.600256,3.6162696,0.030246994,0.99772215,1.5455264e-06,43.503555,0.013473314,0.0067923544,3.7439736e-07,0.07787333,0.13478613
75,0.15162534,0.2305186241865158,0.2201405018568039,0.0,-0.0073791286,0.4093888,0.017550008,98.75113,113.58364,142.88635,3.7998252,1.870805,0.7670694,0.9999352,0.140785,134.04431,0.15928055,5.1757394e-07,0.009043349,0.011592841,3.4652396e-05
76,0.15648125,0.24456962943077087,0.2420780509710312,0.0,-0.0055006584,0.4691692,0.048270572,99.98838,429.94702,161.16173,3.0999951,2.093258,1.1598741,0.9999302,0.1938083,151.3277,0.6276592,8.974218e-09,4.3972432e-07,0.009098802,1.9085368e-08
77,0.15283367,0.23434408009052277,0.2318539321422577,0.0,-0.005596792,0.5246886,0.03839408,99.70671,594.9464,161.62576,3.0320575,2.6964412,0.89694005,0.99992293,0.20489225,67.93076,0.7945926,1.3204384e-07,2.2748802e-06,0.0084081935,6.8532636e-08
78,0.16099794,0.25532233715057373,0.2562306225299835,0.0,0.5430678,0.8182907,0.061020873,95.74009,676.4117,147.97986,3.143962,2.0147517,1.2762245,0.9997836,0.20138295,20.240705,0.056744725,5.006819e-06,1.1612929e-05,0.0075918944,1.8723796e-07
79,0.15635507,0.22754019498825073,0.2176528126001358,0.0,-0.007330946,0.45690724,0.019774606,99.58137,66.04765,151.6885,3.2546055,1.8056328,0.8220666,0.9990298,0.13059129,83.757095,0.46881646,2.442052e-07,5.2738433e-06,0.011132804,1.2112861e-06
80,0.15070833,0.23917105793952942,0.2387634664773941,0.0,0.08938018,0.602452,0.033410385,99.77045,698.20276,159.37169,3.174474,2.565498,0.69164246,0.99698555,0.18134972,18.82167,0.06610665,1.8866369e-06,1.4071217e-06,0.008483086,9.151737e-08
81,0.15355831,0.24747197329998016,0.23104940354824066,0.0,-0.0074798386,0.3922068,0.01720642,99.26326,114.17053,142.21024,4.2232594,2.641864,0.08619256,0.9999743,0.11309233,87.562675,0.50126976,1.3558655e-07,0.0049604475,0.012536017,0.00034648518
82,0.15169562,0.2252451628446579,0.2286444455385208,0.0,0.4132379,0.6838377,0.06213436,99.798874,698.12823,155.23213,3.2046914,2.5500243,0.96154326,0.99976546,0.20169996,75.26069,0.52038765,1.0499288e-06,1.1896097e-06,0.008005063,2.551029e-07
83,0.15338126,0.24165008962154388,0.21347983181476593,0.0,-0.007411968,0.38782185,0.017806506,98.55156,19.71399,143.97403,3.7409363,2.152284,0.60720265,0.99971485,0.1261316,116.96908,0.33283097,9.929034e-08,0.000576329,0.0114181265,0.00045314414
84,0.15008058,0.23558898270130157,0.2399081289768219,0.0,0.544934,0.8916177,0.060514014,99.78419,699.35645,156.94896,2.9929373,2.2833734,0.91086364,0.99963003,0.16559081,69.0373,0.5570301,7.178275e-07,1.5809155e-06,0.008139583,2.412962e-07
85,0.15169296,0.21762315928936005,0.21858327090740204,0.0,0.4132992,0.6328041,0.06288865,54.691223,258.21292,103.90536,2.4366624,3.437397,0.014317189,0.99222463,0.00021065392,62.849415,0.18451619,0.0068155043,3.2315334e-06,0.22663179,0.002299689
86,0.15842798,0.24841731786727905,0.2503959536552429,0.0,0.51219416,0.7847859,0.060817994,99.79791,697.0364,153.63487,3.1603053,1.2755798,2.172625,0.99991554,0.1649022,151.51758,0.15868455,7.9154216e-07,6.0760726e-06,0.0077493777,1.2993935e-07
87,0.16175435,0.2427070140838623,0.22066034376621246,0.0,-0.0074830195,0.41818386,0.017457604,99.90272,118.98236,149.1218,3.5053813,1.6917539,1.0136853,0.9997697,0.147299,92.189674,0.5388598,6.781559e-08,0.00041564126,0.010958268,6.2136474e-05
88,0.15412614,0.2398054450750351,0.22492359578609467,0.0,-0.009579283,0.021345064,0.091531366,87.12066,245.96082,127.93937,4.9754815,0.92143476,1.7962878,0.98575926,0.16066,10.830622,0.565102,1.2901333e-05,0.017243307,0.012495428,0.00037220836
89,0.1564719,0.2592546343803406,0.2416173815727234,0.0,-0.007351886,0.40083918,0.017379666,96.886925,118.753296,141.14362,3.8625739,2.1569242,0.817464,0.9997693,0.13319567,77.02648,0.6774193,2.9746036e-07,0.0018604434,0.010463795,0.0004015817
90,0.15537855,0.2405867576599121,0.23953597247600555,0.0,0.54529405,0.8495693,0.0570773,99.24958,693.68945,153.16042,3.2611663,1.902846,1.4026242,0.999113,0.18664174,94.57888,0.29593703,2.838446e-07,4.059965e-06,0.008150782,1.4967338e-06
91,0.15656525,0.23937012255191803,0.23871715366840363,0.0,0.67144775,0.9197519,0.06718537,98.451775,697.97174,149.60025,3.3438962,2.4658694,1.1949942,0.99941033,0.16952567,25.79143,0.23101997,4.904001e-07,3.6263825e-06,0.007538307,5.1819146e-08
92,0.15647611,0.2418358027935028,0.21098336577415466,0.0,-0.007490144,0.37827823,0.020186987,99.73017,48.123123,144.47668,3.7994897,2.302509,0.696998,0.99992967,0.12890969,36.059795,0.96982366,9.7394036e-08,0.0006118626,0.010861359,0.0004538569
93,0.1545594,0.23968243598937988,0.22508078813552856,0.0,-0.007008339,0.4166919,0.017470518,74.32926,93.70293,121.691246,2.9062207,1.8300142,0.9678664,0.99987245,0.15029618,53.91524,0.8938759,2.8596285e-06,0.0012242488,0.010978376,0.0005039184
94,0.15508132,0.23924367129802704,0.2370801866054535,0.0,-0.005499112,0.46374246,0.056010097,99.95887,699.4936,160.75307,3.2724934,1.8343533,1.2461417,0.9997159,0.18252778,45.56639,0.17038897,5.860974e-07,1.4993194e-06,0.009471132,9.282021e-09
95,0.15140572,0.23463475704193115,0.20603959262371063,0.0,-0.006364998,0.38516232,0.017835073,79.03475,93.63859,122.44357,3.1097105,1.9287398,0.8145172,0.9985161,0.13799249,150.6778,0.37664905,1.0652857e-06,0.006502902,0.010732402,0.00022662074
96,0.15518369,0.24886789917945862,0.24114778637886047,0.0,-0.0074280696,0.40801153,0.017553162,99.87066,120.17371,144.37665,3.954892,2.199069,0.5849073,0.99992716,0.13068974,75.378586,0.22604005,5.7880445e-08,0.0047062193,0.011173737,0.00022051086
97,0.15570566,0.2561888098716736,0.2413293868303299,0.0,-0.007491882,0.4040908,0.016834121,90.304985,107.9696,134.71968,3.4696217,2.1798701,0.7451324,0.99951077,0.11780636,136.5862,0.49945882,2.7162517e-07,0.009298942,0.011299821,4.3850823e-06
98,0.15472724,0.24003823101520538,0.23415176570415497,0.0,-0.007320165,0.44169775,0.017260335,98.030396,123.729385,148.64616,3.2486396,1.7574434,1.0562625,0.99980843,0.14104347,17.0912,0.35555986,4.600975e-07,0.0016914031,0.010505541,8.448707e-05
99,0.15697812,0.24335511028766632,0.24397562444210052,0.0,0.5796182,0.76691276,0.063926086,76.70413,627.3257,121.90522,3.4589758,3.9605649,0.017872931,0.98173666,0.00020147914,44.44465,0.010620382,0.005920113,6.1540595e-06,0.15457383,0.0004812741
100,0.1551558,0.248308926820755,0.23260407149791718,0.0,-0.0073517435,0.40696138,0.020246467,98.20574,116.25483,146.06099,3.471038,2.26607,0.53243184,0.99993056,0.14278789,139.71991,0.59691805,4.508459e-08,0.004550273,0.01058466,2.4451258e-05
101,0.15201755,0.2175486534833908,0.22159461677074432,0.0,0.5114998,0.8147791,0.057341516,99.94297,699.3179,156.22371,3.034553,1.6578642,1.6793224,0.99972975,0.2026045,120.26899,0.18086231,1.02681895e-07,2.0655425e-06,0.007684821,1.1061572e-08
102,0.15382181,0.24848458170890808,0.24493616819381714,0.0,0.085540496,0.57185775,0.032252476,99.56217,645.1045,160.37625,2.9385912,1.2470973,1.9320277,0.99972,0.21322903,16.956621,0.22463357,4.138779e-06,6.8724908e-06,0.008220653,1.3545014e-07
103,0.15576732,0.24523599445819855,0.2333257645368576,0.0,-0.006216092,0.41070074,0.017711144,98.63108,45.67069,143.61697,3.5341845,1.6085463,1.2314441,0.9983327,0.12788402,130.08417,0.7385236,5.9802744e-07,0.0075352476,0.011175846,1.07377545e-07
104,0.15232328,0.23837584257125854,0.2382318079471588,0.0,0.55161214,0.82697445,0.059771765,99.26411,699.5293,151.93478,3.3373418,2.312943,1.2295158,0.9992621,0.17834166,121.12458,0.48639178,7.0152595e-07,1.5856095e-07,0.007764977,7.962854e-08
105,0.15938534,0.2609996497631073,0.24107913672924042,0.0,-0.009910507,0.015800845,0.08989573,99.9191,78.90279,134.33078,5.8753858,2.5883312,0.262988,0.9994238,0.18419641,90.981476,0.120069906,1.1666241e-06,0.021389252,0.012565301,6.603764e-05
106,0.15300295,0.23187151551246643,0.22852575778961182,0.0,-0.0056425096,0.50906354,0.035375927,99.87719,117.52393,154.3614,2.9881437,2.2314117,0.8832283,0.9999489,0.1926897,107.949974,0.7496859,5.074571e-07,1.1033594e-06,0.0087178005,3.0902655e-08
107,0.15633005,0.24365055561065674,0.22798559069633484,0.0,-0.0074003586,0.4215065,0.017689435,88.56085,111.61535,136.6236,2.9670393,2.5415258,0.5048307,0.9999276,0.15086745,164.80505,0.8368949,2.5378603e-07,0.0015149709,0.009742032,0.00037009502
108,0.15595996,0.25866708159446716,0.25809019804000854,0.0,-0.0054848,0.47562787,0.058353916,99.97054,668.94653,162.94252,3.1363645,2.1722581,1.225067,0.9996879,0.16778901,162.44022,0.629321,7.8088004e-07,1.5270359e-06,0.009369957,3.814926e-08
109,0.15509512,0.2325514853000641,0.21165184676647186,0.0,-0.007124204,0.40052778,0.019485615,99.94215,87.84706,146.46162,3.7618575,1.6292892,0.85522956,0.99831545,0.13189249,64.16407,0.9717625,1.1619695e-06,0.0036371027,0.011562999,4.3621767e-05
110,0.15169652,0.23765528202056885,0.241302028298378,0.0,0.5134725,0.8102428,0.059033815,99.27344,694.79376,154.53993,3.0319538,1.4529861,1.8696445,0.9979416,0.1773797,166.44843,0.7684536,1.1820845e-06,4.0589803e-06,0.007460611,3.221461e-07
111,0.15090315,0.23274235427379608,0.23176513612270355,0.0,-0.005476246,0.51001877,0.04380444,99.968346,374.49197,162.0321,2.9279647,2.6023865,0.6698363,0.9999718,0.19726782,155.54015,0.37678987,6.720886e-07,9.711267e-07,0.008737722,1.2383163e-07
112,0.15514779,0.2190815806388855,0.21377329528331757,0.0,0.5764605,0.66418123,0.08144932,96.61443,391.61087,141.28746,3.7993963,3.9177103,3.3120313,0.9982111,1.0206777e-06,55.72875,0.019839443,0.0064600934,4.4863413e-08,0.0008847402,0.74923843
113,0.15190347,0.23681937158107758,0.23810626566410065,0.0,0.6717402,0.91199845,0.07177437,98.63516,697.7945,151.0633,3.2490149,1.3625741,2.0778182,0.99883646,0.16351056,101.53299,0.4551163,1.4525502e-08,5.2380807e-07,0.00765082,2.4547457e-08
114,0.15621921,0.23407195508480072,0.23455682396888733,0.0,0.54056066,0.8077289,0.06416919,99.65556,697.92236,152.74722,3.2236993,1.7733105,1.4545078,0.9997753,0.18037347,78.12737,0.30622736,4.159937e-07,1.2050769e-07,0.00795184,3.5567037e-08
115,0.15656838,0.2503282427787781,0.24105773866176605,0.0,-0.0057043503,0.41569284,0.018101368,99.86447,207.81056,148.38792,3.5979624,1.6553402,1.6912124,0.997579,0.14921321,14.982067,0.037965544,3.4198833e-06,0.0028790487,0.009647085,0.00029112402
116,0.15267563,0.24289841949939728,0.23351436853408813,0.0,-0.007324088,0.42440313,0.02057413,98.15907,75.03626,149.17798,3.119494,2.779079,0.12342526,0.9975551,0.1465806,16.542181,0.31515032,2.10119e-06,0.00052125315,0.010661516,0.00010865801
117,0.1579233,0.2542858421802521,0.2475505918264389,0.0,-0.007231324,0.43752065,0.017064605,93.35811,112.77818,143.03021,3.224354,2.0311384,0.7217751,0.9997173,0.13429187,159.79155,0.59241515,6.252958e-07,0.002335028,0.010868591,0.00013041715
118,0.1554874,0.2386339008808136,0.22467397153377533,0.0,-0.0074865464,0.41178605,0.015991485,98.462814,24.916424,139.69214,3.8815877,2.6185024,0.48235148,0.9998512,0.14061236,88.54047,0.98180753,7.4781775e-07,0.010257603,0.01059853,6.850926e-05
119,0.15504184,0.24364346265792847,0.23247642815113068,0.0,-0.007399101,0.4227574,0.017137164,99.540375,120.36102,147.00052,3.6347287,2.1152043,0.6704605,0.9998838,0.13241532,50.121258,0.1680642,3.2844394e-08,0.005054065,0.0111303255,4.149025e-05
120,0.15133947,0.2217661738395691,0.2191704362630844,0.0,-0.0054551032,0.45048845,0.05375242,99.98516,276.60983,159.46834,3.1689942,2.6530397,0.5263169,0.9995615,0.19774815,175.49123,0.3607156,7.2004224e-07,3.6992753e-07,0.009272335,3.246754e-09
121,0.15227683,0.24524137377738953,0.2324093133211136,0.0,-0.007481554,0.40820718,0.017286114,96.985664,214.7699,145.91107,3.4766567,2.4274988,0.540795,0.99997616,0.13350621,129.30878,0.47332343,7.19033e-09,0.005848033,0.0104567055,0.00032729076
122,0.15355325,0.2390182614326477,0.21944975852966309,0.0,-0.00719675,0.40755692,0.016806815,99.42096,5.290293,145.34805,3.8105195,1.9640371,0.6276583,0.9999608,0.12174953,82.10287,0.45462883,3.396558e-07,0.0014314048,0.0123096015,0.00036742486
123,0.15304627,0.23132812976837158,0.22886452078819275,0.0,0.9128775,1.1846634,0.07366218,91.796455,699.5402,141.48209,3.2437656,2.0415459,1.6874152,0.9996803,0.18574567,170.61159,0.5214211,3.5522712e-07,6.7608724e-08,0.0071118283,5.7333317e-08
124,0.15871304,0.24258041381835938,0.24435627460479736,0.0,0.5118703,0.7886228,0.05683769,91.74682,698.97363,144.20435,3.0219762,1.6747108,1.8965687,0.99987704,0.16488011,92.14194,0.31040868,1.2229833e-07,6.1713564e-08,0.007342688,1.7327425e-08
125,0.1554459,0.23533844947814941,0.23518724739551544,0.0,0.08930702,0.61835045,0.034144487,99.8076,689.2928,161.3222,3.083321,1.8581623,1.4139394,0.99912727,0.22064485,16.095509,0.0267182,5.1766074e-06,1.5375223e-06,0.008556066,1.7849023e-07
126,0.15624332,0.24434198439121246,0.24591469764709473,0.0,0.51143765,0.76204413,0.058890108,99.60134,699.53076,152.61249,3.1864696,1.5277224,1.9757769,0.99950594,0.18697664,105.69228,0.5973935,3.6107303e-07,7.2305247e-06,0.007605922,9.030059e-09
127,0.1548256,0.23851849138736725,0.23972058296203613,0.0,0.54035455,0.81922615,0.056103013,97.21544,696.33606,149.64691,3.29139,2.2069144,1.1143054,0.99963766,0.1908948,22.929907,0.7122369,1.2800118e-06,1.5616462e-05,0.0075641633,2.5740053e-07
128,0.15493363,0.23230965435504913,0.23131123185157776,0.0,0.54253423,0.8173716,0.061481003,97.862076,698.8485,151.60126,3.288267,2.151425,1.0901468,0.99979484,0.18228593,22.852655,0.18594018,1.6422112e-07,4.3462921e-07,0.008018937,6.944221e-08
129,0.15660246,0.2495546191930771,0.2300100475549698,0.0,-0.0075147934,0.4177395,0.01980438,99.231895,118.68596,151.99944,3.3863945,1.7692875,0.9958754,0.9999807,0.12119793,147.89563,0.30498326,2.2422073e-08,1.0014993e-05,0.011430641,1.0723065e-06
130,0.15592365,0.23798969388008118,0.23541666567325592,0.0,0.7507966,1.0510298,0.07131897,96.86455,696.85815,149.33792,3.1774292,2.5886955,0.9909133,0.99871194,0.19817503,192.81523,0.48186067,4.1474001e-07,8.399675e-07,0.0072407057,3.3984355e-07
131,0.15357995,0.25739994645118713,0.2339959591627121,0.0,-0.0074134953,0.35271323,0.01815089,99.98915,7.3683243,138.1924,4.767989,2.904102,0.21978389,0.99960226,0.11694673,113.060844,0.9579744,8.8560773e-07,0.009675901,0.011254648,0.00014854824
132,0.15561405,0.25393277406692505,0.2563840448856354,0.0,0.5454682,0.8950679,0.058320437,99.52368,699.6262,154.36456,3.0380871,1.6513541,1.9069293,0.9999489,0.17600693,178.63783,0.7292227,3.6590515e-07,1.9409604e-06,0.0074212453,3.494632e-08
133,0.15645821,0.24407127499580383,0.22104305028915405,0.0,-0.006502061,0.41549373,0.019436605,93.07895,8.000231,142.70415,3.3969781,1.8126951,0.8749423,0.999162,0.13086502,17.397717,0.98616076,6.799529e-07,0.00026332113,0.011580306,5.590574e-06
134,0.1559287,0.23541311919689178,0.23683735728263855,0.0,0.55521315,0.8961949,0.059709705,99.15587,698.9755,154.4671,3.0744586,1.7647808,2.1057167,0.9998463,0.19813648,176.96553,0.7916399,1.682928e-06,8.196475e-06,0.007394218,1.2126476e-07
135,0.15445337,0.22774948179721832,0.205120250582695,0.0,-0.010174202,0.05044334,0.08561638,99.92032,189.95879,139.58731,5.460204,2.3926501,0.38590243,0.99990463,0.16249883,87.67386,0.57757264,1.1028012e-07,0.01234259,0.012390395,0.0004465261
136,0.15587968,0.2424044907093048,0.24177712202072144,0.0,0.6751631,0.91212213,0.070160136,99.83034,699.84674,152.35913,3.4453382,1.8873467,1.7273767,0.9998241,0.17788735,91.35195,0.44095042,8.8400145e-07,1.9569073e-07,0.007477527,1.3205995e-08
137,0.15207656,0.2331736832857132,0.2135649174451828,0.0,-0.009776667,0.03764256,0.084844,99.470726,284.63748,139.10342,5.7690268,2.4210467,0.4648705,0.99687296,0.16584781,11.617671,0.3623531,1.1690648e-05,0.0028537272,0.0119746355,0.0014922892
138,0.15739101,0.23539027571678162,0.23689967393875122,0.0,0.5115227,0.7768699,0.054730225,97.98872,694.95953,149.89157,3.2268875,2.054181,1.4965737,0.9996461,0.2150236,69.3984,0.70049244,1.5510222e-08,5.645303e-07,0.007433695,4.591665e-08
139,0.1551746,0.23689624667167664,0.21735134720802307,0.0,-0.006863194,0.37077805,0.017467448,99.904434,47.484993,139.00453,4.45287,2.3406792,0.8202093,0.9995737,0.13959245,145.31299,0.52862114,3.7045166e-07,0.008154984,0.010540575,0.00017958213
140,0.15472704,0.24239923059940338,0.2295539230108261,0.0,-0.007402815,0.4356264,0.017275177,96.25157,116.97122,146.02159,3.1077151,1.4977422,1.3122381,0.99951434,0.17295441,15.279958,0.31796965,5.0863883e-07,0.004926657,0.009974075,3.4249937e-05
141,0.15475859,0.2320626825094223,0.2290956974029541,0.0,0.6715797,0.9089719,0.072097585,58.095543,646.5761,111.71168,2.3358965,3.0061994,0.87558013,0.9976445,0.14561358,26.957706,0.27140805,2.5408401e-06,2.095868e-05,0.008010049,7.760462e-07
142,0.15109193,0.237577885389328,0.22785544395446777,0.0,-0.007514849,0.44059002,0.017514583,76.23706,96.2621,125.40395,2.6571994,1.9167339,1.014461,0.99998665,0.17133282,66.5895,0.9377894,6.7850164e-07,0.006624577,0.009666419,3.860759e-05
143,0.15898454,0.2149186134338379,0.2084590047597885,0.0,-0.0054800385,0.45370835,0.04854607,99.9692,121.5343,151.93498,3.3859663,2.2168,0.93051124,0.999994,0.17202158,175.90668,0.63344765,1.0519892e-06,3.4116616e-07,0.009825005,2.874689e-09
144,0.15487674,0.2393707036972046,0.23783162236213684,0.0,-0.005533345,0.49916184,0.045772936,99.930084,466.69577,160.46861,3.1961896,3.2164433,0.17155601,0.999519,0.20354328,117.04656,0.85871446,9.130502e-08,4.1202685e-07,0.008730886,1.2500051e-07
145,0.15822549,0.24019229412078857,0.23687273263931274,0.0,0.55277073,0.77899593,0.060279064,99.8318,697.68756,151.64778,3.5453794,2.012875,1.4480677,0.9993995,0.17774849,147.87276,0.5920621,3.482018e-07,5.7103052e-06,0.007945798,1.7721772e-08
146,0.15699491,0.24683624505996704,0.24864768981933594,0.0,0.5114589,0.8094618,0.058876026,98.7916,696.72107,150.29729,3.3069773,1.1873355,2.197573,0.9991704,0.19729048,73.68935,0.45450693,6.6808684e-07,1.8722612e-06,0.0074833534,3.3603566e-08
147,0.15329906,0.24562647938728333,0.23624971508979797,0.0,-0.005771105,0.42657804,0.02016592,72.8462,9.708049,122.744934,2.641822,1.956418,0.8852631,0.9949515,0.13532121,17.038307,0.320967,7.416687e-06,0.0017092178,0.01048192,6.354963e-05
148,0.15625085,0.23661001026630402,0.23272868990898132,0.0,0.5114481,0.7262623,0.059128605,98.806915,696.18494,149.4596,3.6139183,2.2918506,1.2273632,0.99981713,0.16042842,46.48351,0.4950564,2.275583e-07,5.443532e-06,0.007936081,6.272519e-08
149,0.15588395,0.24903959035873413,0.24634674191474915,0.0,0.6735441,0.91832095,0.06847895,99.40135,697.6223,150.16277,3.5349097,2.219631,1.2495409,0.99784267,0.16904263,37.571003,0.3352967,1.1077402e-06,4.713333e-06,0.0077132583,1.3352644e-07
150,0.15657951,0.232822448015213,0.23480157554149628,0.0,0.54557014,0.83950615,0.060887553,99.85724,699.47906,153.20596,3.2561767,2.922676,0.55929935,0.99994564,0.18760337,104.12789,0.42689738,1.12025695e-07,2.643298e-07,0.0076713734,2.8241098e-08
151,0.15574186,0.25289493799209595,0.23533636331558228,0.0,-0.0072975196,0.40217066,0.017358348,99.41659,70.9311,144.1676,3.8530593,2.4019709,0.40169847,0.9999383,0.13056631,99.78085,0.8558407,1.0421519e-07,0.0015179717,0.011620348,0.0004918848
152,0.15647316,0.23596081137657166,0.23376204073429108,0.0,0.8428097,1.1162634,0.073660135,93.88541,699.83704,146.3117,3.1895344,2.6888268,0.9189635,0.99918085,0.18337107,98.98243,0.6944527,2.366591e-07,8.938009e-07,0.0075906613,5.8530333e-08
153,0.15606791,0.23704244196414948,0.22599133849143982,0.0,0.6712489,0.8285962,0.05997272,99.31277,699.4398,147.69153,3.8828952,1.867803,1.7001721,0.99996406,0.19002788,119.75231,0.564518,1.065959e-06,2.393785e-07,0.007961474,3.7226053e-09
154,0.15753174,0.24916262924671173,0.21703919768333435,0.0,-0.007341868,0.39067963,0.019795185,99.79793,108.96973,148.91995,3.7147121,2.1358962,0.5731304,0.9991001,0.12798758,131.46196,0.5706197,1.6088521e-06,0.001643109,0.012366825,6.361162e-05
155,0.15520743,0.23637527227401733,0.22643962502479553,0.0,-0.0073270467,0.43678653,0.0173116,98.04292,118.28374,148.07271,3.247597,1.3415949,1.3900416,0.9999149,0.1448035,87.76619,0.56971043,8.986302e-08,0.001543362,0.010533616,0.000100722464
156,0.15666942,0.23341692984104156,0.23250249028205872,0.0,-0.005736193,0.5383971,0.036109295,99.47778,363.55374,159.73535,3.1752405,3.466425,0.0080343615,0.99634546,0.008981607,110.5162,0.94034886,2.822854e-06,5.6832242e-08,0.17229722,5.7802017e-06
157,0.1605022,0.23341840505599976,0.23437032103538513,0.0,0.5434643,0.8122295,0.061625548,99.85652,699.86786,152.73863,3.3599896,2.805722,0.8470812,0.9999701,0.18034309,160.08215,0.4947169,6.6236e-08,4.588198e-07,0.0076597086,2.4165036e-08
158,0.1551491,0.24622680246829987,0.2451237589120865,0.0,-0.0054803034,0.5402559,0.03657999,99.98319,684.45,160.81512,3.3046143,2.697357,0.5358171,0.9998727,0.18457773,90.99623,0.21657538,1.6958907e-07,4.253058e-07,0.009141725,2.2962404e-08
159,0.15496407,0.2525070011615753,0.23304618895053864,0.0,-0.0073514082,0.38736045,0.017796608,99.86293,66.27008,142.98286,3.9871387,2.137684,0.6447774,0.9999681,0.11931805,85.668594,0.6063039,1.0776132e-07,0.005130589,0.012045142,0.00030418544
160,0.15673889,0.22741633653640747,0.22059205174446106,0.0,-0.0057101566,0.37945664,0.07047462,99.58554,41.961975,153.1311,3.1653273,1.5124642,1.4401994,0.99976814,0.16033396,160.54453,0.4306665,3.127519e-07,1.5265815e-06,0.009851053,2.0305201e-07
161,0.15636122,0.2566242516040802,0.2571171224117279,0.0,0.5114571,0.79581094,0.057457678,89.83001,699.21124,141.80486,3.1619039,2.2234476,1.2197187,0.99973977,0.20007765,84.81124,0.9755124,1.4971594e-08,5.234958e-07,0.007997762,7.858945e-09
162,0.15534492,0.24048253893852234,0.23013406991958618,0.0,-0.0073348894,0.43265855,0.01936436,71.95623,93.59142,122.980446,2.5872579,2.1880605,0.74257535,0.99982387,0.16621256,68.01261,0.5388817,2.1685193e-07,0.00030732295,0.010301143,0.00022330329
163,0.15267251,0.23430520296096802,0.2341703474521637,0.0,0.84587544,1.1452476,0.07473825,91.93593,698.8871,144.87982,3.051189,1.2562182,2.5908265,0.99191755,0.1757406,24.391363,0.024851337,4.561427e-06,1.925693e-05,0.007187772,3.5753328e-07
164,0.15544543,0.2507515251636505,0.24562841653823853,0.0,-0.007436025,0.4371051,0.017082412,89.377686,106.51872,139.14397,2.977937,2.4938006,0.4991571,0.99935555,0.14019224,180.7693,0.82281053,1.831971e-06,0.005375417,0.010461381,2.119381e-06
165,0.15869223,0.24661989510059357,0.23766860365867615,0.0,-0.005730988,0.43593884,0.01936702,98.79661,124.07181,148.9217,3.3284848,1.8050338,1.0525292,0.99986917,0.1654836,15.864423,0.40649226,4.945605e-06,0.0014934569,0.0101986835,7.5490816e-06
166,0.15154809,0.22633753716945648,0.21618914604187012,0.0,-0.0071238643,0.42724136,0.017264687,97.5337,114.046585,144.66768,3.4586618,1.6111423,1.120173,0.9997998,0.14406323,91.70446,0.8786959,5.90055e-09,0.0037092555,0.010607559,0.0001927765
167,0.15664652,0.24722841382026672,0.24699942767620087,0.0,0.6741327,0.94829464,0.06680999,97.36571,696.78644,150.1733,3.1631243,1.4905334,2.1591213,0.99984336,0.17049877,25.408255,0.100995146,3.095774e-08,5.092581e-06,0.007289547,1.5819088e-08
168,0.1595533,0.24367862939834595,0.24052941799163818,0.0,0.6713281,0.8917334,0.06403714,84.60763,698.87683,134.18695,3.2248328,2.5109532,1.0722337,0.99981904,0.23388916,141.61557,0.016492633,2.3414992e-07,8.52045e-07,0.0076525505,4.214285e-09
169,0.15503763,0.2369612455368042,0.23597946763038635,0.0,-0.0054650875,0.5019826,0.046692584,99.992676,620.9757,161.99475,3.0479054,3.0991697,0.24168992,0.9992681,0.17883424,103.12903,0.6404632,1.493995e-07,6.9769715e-07,0.008805445,2.4954698e-08
170,0.15483618,0.2349095493555069,0.2167581170797348,0.0,-0.00975753,0.03385913,0.092445634,99.84733,212.53926,139.4549,5.21081,2.5293167,0.5024581,0.99636793,0.15230934,126.21902,0.41826043,4.0908553e-06,0.0017889009,0.011435743,0.0011016072
171,0.15564367,0.24895203113555908,0.22556498646736145,0.0,-0.009867287,0.031175597,0.08995866,99.81027,499.27756,141.13576,5.261871,2.3986266,0.64268064,0.9984422,0.19365704,10.230007,0.28840855,3.8023745e-06,0.0011371502,0.010524696,0.0013362869
172,0.15345825,0.22792446613311768,0.22721993923187256,0.0,0.67247945,1.0019348,0.060199577,97.69787,699.0146,151.01334,3.2485504,2.5301814,1.0720494,0.99991775,0.19474755,152.54073,0.5339943,6.208534e-07,1.5313809e-06,0.007715985,2.0469272e-08
173,0.15709148,0.24079467356204987,0.22590406239032745,0.0,-0.0059982464,0.41405416,0.018267898,93.03273,32.46581,140.18074,3.39949,1.6037171,1.1438102,0.9975404,0.12389285,16.107792,0.086815886,2.6371508e-06,0.005897533,0.0119837215,1.9397148e-05
174,0.15528946,0.24758748710155487,0.22859737277030945,0.0,-0.009618523,0.061948396,0.08332483,97.84656,304.90543,138.12099,5.1883864,2.9916446,0.4278996,0.98680097,0.15009813,13.606841,0.3521419,3.0907027e-05,0.004126166,0.01147371,0.001217877
175,0.15311396,0.24846859276294708,0.23263047635555267,0.0,-0.007417984,0.400779,0.017645152,99.88419,66.1617,141.81352,3.9038954,2.13031,0.6999061,0.9998685,0.1583432,135.78899,0.532183,1.2604396e-07,0.0025552772,0.010790666,0.0005395449
176,0.15285246,0.23633041977882385,0.23222410678863525,0.0,0.9129023,1.1712513,0.08142528,93.11708,699.6195,142.42572,3.3768997,1.4366213,2.1077952,0.99977416,0.18037748,112.723076,0.1646958,4.8195665e-07,4.481374e-07,0.00748355,1.9152457e-08
177,0.157518,0.2549753189086914,0.22801674902439117,0.0,-0.0074651847,0.3421928,0.020882415,99.98861,111.45727,139.85484,4.4931417,2.4345908,0.5124645,0.9999645,0.12303033,65.81315,0.6353669,7.2002166e-08,0.0012375786,0.011631266,0.0009329572
178,0.15527613,0.2454652041196823,0.24896200001239777,0.0,0.41311726,0.67440504,0.06019276,99.76311,698.72974,154.708,3.20947,1.5563297,1.9496675,0.9998861,0.1824069,85.15488,0.5320308,1.9958971e-08,1.0584467e-06,0.007718951,3.8018886e-08
179,0.15801515,0.24132412672042847,0.2434208244085312,0.0,0.5396739,0.8302219,0.06379257,99.98657,698.9048,154.29776,3.1368124,2.5148437,1.0406829,0.99978936,0.21185486,35.38687,0.75615275,6.126591e-07,9.86382e-07,0.0076372605,4.474459e-08
180,0.1528249,0.23459714651107788,0.2360977977514267,0.0,0.53938735,0.8371827,0.0593443,99.991714,699.3812,153.2692,3.287512,2.1253178,1.1359044,0.9999677,0.21273838,94.89583,0.57401574,9.9529615e-08,3.013687e-07,0.007685064,1.4803344e-08
181,0.15462187,0.23836597800254822,0.2141057550907135,0.0,-0.009190587,0.047662385,0.08775508,99.1926,56.823208,136.2912,5.369092,2.3096218,0.44053906,0.99990827,0.138146,37.19509,0.4951485,1.747539e-06,0.0016278253,0.012985309,0.0011571394
182,0.15501845,0.24761047959327698,0.23787468671798706,0.0,-0.0074800183,0.4053098,0.017505588,99.929665,37.48665,142.71452,3.917948,1.8169414,1.0134857,0.99963343,0.11721633,175.54338,0.4886553,1.2556032e-07,0.008990765,0.011770484,1.9481584e-05
183,0.15321763,0.235834538936615,0.23399290442466736,0.0,0.6716904,0.8713491,0.06740196,96.0802,693.2994,147.30502,3.347969,2.6019948,1.0074124,0.9997535,0.18122628,132.80324,0.493602,2.3398493e-06,7.848895e-07,0.007507879,1.346625e-07
184,0.1576733,0.2411024123430252,0.23870094120502472,0.0,0.54057395,0.80089384,0.0563163,98.44707,699.8212,148.7562,3.6339238,1.8269418,1.7689134,0.9998763,0.17711791,160.80377,0.99641985,2.4676882e-07,2.3494686e-06,0.0078112436,8.8353936e-08
185,0.15763257,0.23043422400951385,0.2236480414867401,0.0,0.8436359,1.0800177,0.07674006,96.78134,696.8268,148.51715,3.3103514,2.336586,1.1434311,0.998846,0.1877504,79.031105,0.104244515,3.630754e-06,1.8785357e-06,0.0078504,1.3257993e-07
186,0.15902859,0.23110345005989075,0.22708816826343536,0.0,-0.0054978956,0.44630706,0.056893095,99.21809,274.6254,156.57384,3.3274765,2.234884,1.0346469,0.99712104,0.14979817,92.3845,0.31044796,2.3185791e-07,2.8562056e-06,0.009430593,1.7282472e-08
187,0.15370552,0.23667818307876587,0.23943395912647247,0.0,0.54510534,0.8688831,0.06196392,99.9696,697.31744,155.66168,3.1263196,2.7066782,0.794243,0.9997442,0.17631242,92.79959,0.6818835,7.557535e-09,4.3524932e-07,0.0074962345,2.3156717e-08
188,0.15523824,0.2428486943244934,0.2418481856584549,0.0,0.08939284,0.6094546,0.031410858,99.97189,696.692,161.29422,3.0478096,1.4953532,1.9620757,0.99970794,0.17033449,152.20375,0.17360376,1.3140388e-07,3.6878828e-07,0.008202536,3.672128e-08
189,0.15556204,0.25402894616127014,0.23242442309856415,0.0,-0.0102701355,0.058598205,0.08022539,99.65808,234.14671,139.2152,5.753549,2.3631454,0.63996905,0.99927765,0.17711382,93.224915,0.12802684,9.187559e-07,0.018083258,0.012173419,0.00028570363
190,0.15373309,0.22528205811977386,0.21374857425689697,0.0,-0.007479731,0.42915687,0.016577259,98.54578,49.96017,147.32957,3.5260005,1.5973244,1.1981597,0.99997395,0.13695024,114.06,0.71594805,8.7180474e-08,0.0012740659,0.011193856,0.00012006634
191,0.15673502,0.2592729926109314,0.25015944242477417,0.0,-0.0074251913,0.42110315,0.01715934,93.97844,114.408356,138.4757,3.418982,2.261086,0.77620393,0.9995157,0.15418275,73.21985,0.29829624,2.7343015e-07,0.0067385463,0.010122856,0.00025595917
192,0.14986351,0.24304991960525513,0.2430676817893982,0.0,0.089420184,0.6333364,0.032664467,99.95875,699.1084,161.78668,2.9377663,2.5875444,0.8619672,0.9994401,0.19180395,92.402336,0.27257335,4.3299627e-07,3.6093904e-06,0.008130685,2.5934533e-08
193,0.15946634,0.24449506402015686,0.2320328652858734,0.0,-0.00661407,0.40750524,0.017526215,95.02689,107.2044,139.24432,3.5390186,2.088244,1.0073962,0.998057,0.13991779,16.715033,0.9790635,1.2535286e-06,0.0028627673,0.010188267,0.00034383353
194,0.15329216,0.23536740243434906,0.20382936298847198,0.0,-0.006397583,0.02895376,0.090662055,99.64946,22.275106,136.01581,5.9642434,2.3957915,0.26919428,0.9996888,0.1416703,37.779514,0.544034,2.1167639e-06,0.012740516,0.014789791,6.36164e-05
195,0.15379876,0.24379108846187592,0.22857961058616638,0.0,-0.005589717,0.3676983,0.018043255,98.39109,69.21386,137.2211,4.5551224,1.975133,0.6553706,0.99984396,0.124554425,104.23175,0.19265527,2.8631223e-06,0.00027913996,0.012165017,0.0011603743
196,0.1562158,0.24815718829631805,0.23538021743297577,0.0,-0.0056526153,0.4091703,0.017460516,60.589767,63.801743,104.89752,2.6079252,1.7009206,1.1251216,0.9972012,0.13813595,16.61277,0.77924734,1.0841686e-06,0.00640317,0.011584733,0.00016278822
197,0.15424371,0.2386641800403595,0.22469347715377808,0.0,-0.0075123296,0.40467098,0.01758284,99.99742,119.815956,147.37038,3.5402403,2.1913834,0.6193152,0.99999744,0.12502582,46.359173,0.70106477,8.082953e-09,0.0028080046,0.010770086,0.00023137717
198,0.15265304,0.24144437909126282,0.2417459487915039,0.0,0.08925208,0.6173146,0.031887237,99.95698,699.89355,161.07295,3.0803537,2.6568224,0.61747736,0.9998589,0.18042126,22.82779,0.8619263,7.33406e-08,8.682941e-07,0.008967368,2.424472e-08
199,0.15668114,0.23631267249584198,0.23774544894695282,0.0,0.5114295,0.8003264,0.05613757,98.64938,699.08026,153.16463,3.0740826,1.786535,1.8151879,0.9991216,0.2117951,37.723408,0.5334916,4.8947907e-08,9.427393e-08,0.0071739294,1.277888e-07
200,0.1593906,0.2565065026283264,0.2532348334789276,0.0,-0.0061011794,0.43191618,0.06332494,99.14625,657.9864,160.02399,3.2899833,2.6162136,0.5884554,0.99711794,0.15375134,65.882866,0.48074985,8.32218e-08,6.6266773e-07,0.009630267,4.1119858e-08
201,0.15345557,0.24322381615638733,0.23220162093639374,0.0,-0.0074631576,0.41957498,0.017200582,99.08748,40.55867,145.05685,3.4508846,2.0512435,0.608008,0.99995315,0.1392245,16.461195,0.30898234,6.087385e-07,0.0007261128,0.01081477,0.00058645435
202,0.15618293,0.24401211738586426,0.24472515285015106,0.0,0.6746959,0.9589348,0.063654885,90.27495,699.3484,142.31491,3.08834,2.4351127,1.1457698,0.99891794,0.17490539,81.225845,0.7989783,3.8285675e-06,1.8365558e-06,0.007327314,6.59309e-08
203,0.15216595,0.24507707357406616,0.24771153926849365,0.0,0.08616156,0.54415536,0.0391848,93.31238,376.99997,147.36763,3.527823,3.2475958,2.2038689,0.711032,1.0405019e-05,56.504078,0.2842448,0.007888802,6.1440173e-06,0.0016634992,0.57384306
204,0.15501633,0.24028253555297852,0.24368789792060852,0.0,0.53944206,0.8707267,0.060592394,99.99277,699.8457,155.00996,3.1034508,2.2087564,1.3256475,0.99998707,0.18276732,80.208824,0.7020715,1.1038095e-09,4.7077314e-08,0.0075076255,9.940705e-09
205,0.15643442,0.2447463721036911,0.24513199925422668,0.0,0.735337,0.9960285,0.07017528,99.45968,699.9581,152.38509,3.2005434,2.5554307,1.0246359,0.9999047,0.1723523,59.63099,0.5688041,1.616727e-07,9.266424e-08,0.0075231236,4.0826535e-08
206,0.15681514,0.24195608496665955,0.2375265657901764,0.0,-0.007432978,0.44706327,0.018449185,64.751625,86.85267,118.58548,2.2375917,1.677127,1.0275373,0.99995923,0.19125023,24.967445,0.15193067,1.3703661e-06,0.0011090453,0.01012113,2.078577e-06
207,0.15765859,0.24672457575798035,0.24387851357460022,0.0,0.80643356,1.1020275,0.0696473,90.408905,691.3718,140.85754,3.1466227,1.9242556,1.9149984,0.99700195,0.17323692,28.670044,0.49855855,3.2098025e-05,2.125872e-05,0.007112121,1.122536e-07
208,0.15266187,0.24403004348278046,0.24134491384029388,0.0,-0.0072216825,0.44052133,0.017218515,96.5289,118.47746,146.45673,3.2590683,2.355252,0.43770313,0.9997827,0.15073611,79.785324,0.48118013,1.4067204e-07,0.003909242,0.010531259,8.3422914e-05
209,0.15333445,0.2391829490661621,0.24147126078605652,0.0,0.67142177,0.93985003,0.068471394,99.273964,699.8366,152.55984,3.2124395,2.4681776,1.058591,0.99968755,0.18158418,55.983704,0.7678753,2.7957258e-08,2.133514e-06,0.007405552,1.4259932e-07
210,0.15198457,0.225624218583107,0.21652358770370483,0.0,0.5530918,0.71887934,0.073391005,97.845894,605.7053,151.76501,3.430416,1.7367516,1.4525787,0.9980756,0.1751976,21.822908,0.108538285,2.3061066e-06,1.6764545e-05,0.008562782,5.4058088e-08
211,0.15473332,0.23564212024211884,0.2164096087217331,0.0,-0.0062276577,0.3807873,0.01872154,99.23439,120.37971,142.48885,4.1049714,2.2254279,0.71512157,0.9995145,0.12753408,89.732666,0.71174836,1.7255424e-07,0.0007002647,0.010976075,0.00067189726
212,0.15692703,0.23716692626476288,0.21727913618087769,0.0,-0.0074988967,0.40747255,0.019897455,99.82257,16.18697,145.68414,3.6872365,1.5415733,1.2682549,0.99997103,0.12704927,88.4595,0.040246807,2.2383976e-08,0.0038619917,0.011239392,9.379826e-06
213,0.15556818,0.222013458609581,0.2183624505996704,0.0,-0.005582161,0.531705,0.02576759,99.966866,39.487694,151.78333,3.180242,2.4029665,0.9106829,0.9998538,0.19640425,90.90832,0.6813877,3.693439e-07,3.028617e-07,0.008825958,1.8017051e-08
214,0.15399507,0.2582673728466034,0.24067960679531097,0.0,-0.010035051,0.07976114,0.07776327,99.70248,266.43137,140.99628,5.2737446,2.6662552,0.1423819,0.9994906,0.12525289,184.98843,0.4679152,1.9056884e-06,0.014289018,0.013591044,0.0006218477
215,0.15786634,0.2369198203086853,0.2366901934146881,0.0,0.5405583,0.7858413,0.06313451,99.980774,687.9698,154.0638,3.2806346,1.8138237,1.6915767,0.99915737,0.18161876,130.58083,0.10174294,4.3682468e-07,8.872431e-06,0.00793667,3.9135102e-08
216,0.15273452,0.23952451348304749,0.22170992195606232,0.0,-0.006819926,0.42739737,0.017360842,98.33362,82.37047,149.1175,3.2573998,1.9505758,0.74458766,0.99706024,0.15980534,15.589962,0.3702105,2.6038072e-06,0.002038531,0.010893282,5.3848966e-05
217,0.154457,0.24017535150051117,0.2272590547800064,0.0,0.17553735,0.48626906,0.056355387,99.14178,684.44257,147.98709,3.5508025,4.3012795,0.015450316,0.99959695,3.2239615e-07,43.2507,0.017405583,0.0063230875,1.9110053e-07,0.194967,0.58685076
218,0.15290366,0.23580919206142426,0.23379266262054443,0.0,0.62119037,0.8840673,0.023379449,56.42889,695.9556,101.01772,2.5278835,4.686197,0.31465328,0.9981337,1.4904495e-07,48.118126,0.012363922,0.005422261,4.8324216e-09,0.0023043167,0.8593492
219,0.1566621,0.2407214641571045,0.2413596510887146,0.0,0.08938688,0.6284242,0.03183979,99.979546,699.9566,160.7861,3.1215725,1.811783,1.7216458,0.999765,0.18453911,98.90983,0.1703652,6.2370316e-07,8.819482e-08,0.0085780155,4.783078e-09
220,0.15482952,0.23201890289783478,0.2315746545791626,0.0,-0.0055420185,0.49932355,0.049816128,99.91356,676.6428,162.95695,3.0752242,2.820945,0.48933196,0.99997413,0.18568441,137.394,0.6836155,8.496029e-08,6.333066e-07,0.00891804,2.7901885e-08
221,0.15668613,0.2427193969488144,0.22508783638477325,0.0,-0.0074871616,0.39356995,0.016149914,99.91955,57.27452,140.08762,4.2732506,2.5465508,0.4246167,0.9998417,0.1508578,129.95488,0.7737638,1.2182213e-07,0.0022399582,0.010525954,0.0006199509
222,0.15792827,0.24854281544685364,0.24915306270122528,0.0,0.5450655,0.84999347,0.05887218,99.27981,692.79926,152.08144,3.3181033,1.88116,1.7267647,0.99906754,0.1951276,94.671104,0.11253931,1.7188766e-07,1.9093984e-06,0.0077049006,1.2390018e-07
223,0.15545839,0.22402381896972656,0.22098886966705322,0.0,0.54495287,0.78995115,0.06396984,99.8963,699.57184,150.57784,3.5455072,1.4886402,2.0095594,0.9999012,0.19618568,94.64237,0.765586,3.40423e-07,3.7923644e-07,0.007828229,2.3738236e-08
224,0.15527631,0.23671454191207886,0.2224980741739273,0.0,-0.0074113416,0.42660472,0.0173622,96.544975,117.82198,145.63763,3.4553173,2.3102407,0.39434952,0.9999461,0.13695155,146.4208,0.22949703,1.0505152e-11,0.0023501927,0.011805164,0.00014358645
225,0.1535633,0.2372867614030838,0.24004440009593964,0.0,0.67519534,1.0022016,0.06887466,99.652855,696.0687,154.81906,3.0938997,1.873659,1.5812991,0.99969965,0.1959772,89.93032,0.6154049,1.16020274e-07,2.3006808e-06,0.0073911157,1.2203392e-07
226,0.15425001,0.2543041706085205,0.2202111929655075,0.0,-0.010197928,0.06523595,0.081539474,99.781204,58.199684,136.27795,5.6930375,2.3673964,0.46349385,0.99985296,0.12832332,129.75117,0.67338395,9.731093e-07,0.007810618,0.012833495,0.00044159705
227,0.15390025,0.25809893012046814,0.21829180419445038,0.0,-0.00733889,0.33421224,0.020971412,99.36493,90.98178,138.5134,4.5427313,1.9410126,0.8879406,0.9994936,0.10731087,120.593414,0.7775429,1.0538091e-08,0.00691878,0.012339395,0.00035688872
228,0.15280928,0.2473774254322052,0.23450754582881927,0.0,-0.0074597793,0.39015716,0.017662367,98.98793,118.68039,142.12465,3.8722222,1.9769802,1.0236392,0.9998497,0.13096614,136.07689,0.6790547,1.05698156e-07,0.007871605,0.010788949,0.00031299834
229,0.15810092,0.22614213824272156,0.23009169101715088,0.0,0.5116304,0.8376663,0.057344124,85.48712,676.8478,141.0679,2.7325237,1.493615,1.7555975,0.9998583,0.21452159,196.44034,0.059460923,8.593129e-07,1.221405e-05,0.007884497,2.4726813e-07
230,0.15908024,0.25249800086021423,0.2519601583480835,0.0,0.6713009,0.9235943,0.06704023,99.49563,699.8326,152.0536,3.3000758,1.9436316,1.5011523,0.99976045,0.20878847,156.98009,0.31511915,1.6415652e-07,3.0756032e-06,0.00766464,1.9325391e-08
231,0.15450804,0.24364019930362701,0.21573103964328766,0.0,-0.0072228136,0.3760077,0.020566149,89.05895,19.703547,130.96164,3.6220224,1.4695613,1.3619404,0.9977457,0.12348221,114.53946,0.44130138,4.292123e-06,0.0011830728,0.010675953,0.0005334247
232,0.15540513,0.23811118304729462,0.23809295892715454,0.0,0.5446387,0.7805868,0.066608205,99.52416,697.0055,153.0451,3.2119384,2.0923066,1.346575,0.99994755,0.1719275,62.599823,0.48301572,7.6820345e-07,4.719515e-06,0.007818795,3.119648e-08
233,0.15557554,0.24188140034675598,0.22557412087917328,0.0,-0.0074365516,0.4047499,0.017318027,99.70338,15.431716,144.92418,3.7415938,1.6203942,1.3663843,0.99945664,0.1201736,183.311,0.77113163,2.7837714e-07,0.0033053223,0.010915498,0.00017546919
234,0.1563178,0.2449166625738144,0.21130135655403137,0.0,-0.007335693,0.38143086,0.019636087,99.25813,31.336754,146.8452,3.6074936,2.144068,0.55491656,0.99984664,0.1098556,37.745228,0.36967742,7.0657705e-07,0.002066186,0.012039068,4.417721e-05
235,0.15349357,0.2486717700958252,0.2269335836172104,0.0,-0.007242042,0.39328238,0.020925768,62.45686,81.00939,110.21716,2.5384898,2.9777265,0.023759512,0.99729145,0.010771148,78.036156,0.45422432,9.269453e-07,0.00022819007,0.13823809,0.0028642602
236,0.15567996,0.23237080872058868,0.23581039905548096,0.0,0.54109436,0.85804796,0.061650507,99.94111,699.4966,152.67822,3.1771483,1.9669241,1.5364668,0.9997728,0.18986204,62.216747,0.35607412,4.620661e-08,3.0688461e-06,0.007390595,2.1808129e-08
237,0.15692995,0.25001680850982666,0.252153217792511,0.0,0.54052,0.82823586,0.059349883,99.72565,699.9001,153.49402,3.203674,1.9832788,1.6098151,0.9999592,0.19073586,48.35203,0.35640013,2.729323e-08,1.0760152e-06,0.0075786198,2.8312082e-08
238,0.15534723,0.23489148914813995,0.22276635468006134,0.0,-0.0074205613,0.45256734,0.01715084,87.0322,118.48411,140.98112,2.8044875,0.58388674,2.0977829,0.99686545,0.18272148,11.082461,0.046515886,2.2469756e-06,0.00043506408,0.010182316,5.3090727e-05
239,0.15201241,0.23183603584766388,0.2247031182050705,0.0,0.16595933,0.5420812,0.04835475,80.9622,466.67166,132.15028,3.1150935,3.709486,0.009108281,0.9563125,0.0047137975,40.45135,0.010080894,0.0018518278,2.103697e-06,0.15178588,5.6524595e-06
240,0.15715626,0.24657489359378815,0.21346192061901093,0.0,-0.007407005,0.3772905,0.019923244,98.58598,108.33389,142.76167,3.85213,2.1535373,0.64025474,0.99979,0.12435344,43.718937,0.48156613,1.0058188e-06,0.006333481,0.011148371,5.8469228e-05
241,0.15859492,0.23956148326396942,0.2344917207956314,0.0,0.9130423,1.0974252,0.08486206,91.290596,691.08746,141.89462,3.2801232,1.7587688,1.8404729,0.9988744,0.15501517,170.23045,0.75943244,7.26819e-07,1.1156515e-06,0.0073699253,4.4715556e-08
242,0.15399083,0.2239769697189331,0.2267923504114151,0.0,0.54435575,0.8812273,0.05241243,99.67833,696.1703,154.01567,3.203,1.2488533,2.1379917,0.9997745,0.21845455,99.953026,0.53138137,1.6387895e-06,7.4462887e-06,0.0077567385,1.4424171e-07
243,0.15866585,0.25302654504776,0.22476744651794434,0.0,-0.010177742,4.828599e-06,0.08948655,99.93823,7.5664825,134.19667,6.099193,2.3945677,0.38623676,0.99981,0.1750928,104.79546,0.2335024,1.47703e-07,0.0021367704,0.01277088,0.0014441756
244,0.15397362,0.23508085310459137,0.2382987141609192,0.0,0.5115774,0.8107773,0.05359734,95.173,679.8397,149.02316,3.1351,2.0632722,1.3664614,0.9993863,0.16960736,61.357754,0.08528867,1.7772583e-08,3.931089e-07,0.007572084,3.4619244e-08
245,0.1546919,0.23783253133296967,0.2283622771501541,0.0,-0.007445795,0.4249689,0.01868441,96.98946,119.26232,145.51988,3.4434948,2.451971,0.29362994,0.99991775,0.12076424,89.12544,0.69617796,1.054961e-07,0.00026554108,0.011193855,0.00033989092
246,0.15214828,0.24145163595676422,0.22295251488685608,0.0,-0.0075097885,0.4087314,0.017539477,92.16416,112.63986,140.36359,3.261015,2.296069,0.49278048,0.99990135,0.10731549,78.46174,0.7731803,1.1735344e-07,0.0025987178,0.011494495,0.00024127593
247,0.1536762,0.24099114537239075,0.22765935957431793,0.0,-0.0073613822,0.4100408,0.017536733,99.95638,121.3427,147.1706,3.6152842,1.8674333,0.8633368,0.99964225,0.11140037,182.59015,0.46503887,3.592196e-08,0.00472384,0.011921057,2.0816113e-05
248,0.15378928,0.2534770369529724,0.23908449709415436,0.0,-0.007421423,0.39932546,0.017647991,99.50837,46.437786,144.09312,3.6116507,1.953848,0.83601445,0.99995154,0.1257025,59.018112,0.7504585,2.6753693e-08,0.009341134,0.01130462,3.0348767e-05
249,0.1552502,0.2166600525379181,0.21377843618392944,0.0,0.545124,0.7964272,0.062105276,99.850464,699.3518,151.05441,3.5867155,2.370279,1.1103921,0.9997972,0.17764919,125.09575,0.5059101,2.0461396e-08,5.973778e-08,0.007881768,2.8692591e-08
250,0.1573104,0.24708476662635803,0.2471824437379837,0.0,0.5521078,0.81427056,0.063331686,98.94573,694.31,151.28844,3.3343406,2.0418527,1.727736,0.9992566,0.17206912,23.89856,0.46602368,1.9910358e-07,1.5730527e-06,0.0074253404,8.9276014e-10
251,0.15276277,0.24776595830917358,0.24443478882312775,0.0,-0.007094835,0.46645862,0.05048528,99.74166,541.1893,160.48492,3.0533633,1.5364816,1.5904217,0.99994963,0.15487419,132.47177,0.8716212,5.151771e-07,8.436365e-07,0.008880639,1.11708964e-07
252,0.15944897,0.26270776987075806,0.24653898179531097,0.0,-0.0075157816,0.40309402,0.018572252,90.42513,109.92308,136.36406,3.3378375,2.923988,0.064328685,0.9998233,0.010410719,55.379864,0.68365085,3.498747e-08,0.00028974502,0.12619948,0.003837176
253,0.16058484,0.2480262666940689,0.2199534773826599,0.0,-0.0072621466,0.3605843,0.020370431,99.821396,16.807762,142.4542,4.452827,2.5592577,0.34504467,0.99999183,0.111398906,177.31645,0.55651,9.911492e-09,0.0061154147,0.013005116,7.630658e-05
254,0.1559222,0.2511027157306671,0.23971202969551086,0.0,-0.0060996884,0.42769688,0.017391758,95.08467,21.945242,143.68542,3.2905083,1.349056,1.1906633,0.9989107,0.13236675,14.281346,0.03945996,9.075942e-06,0.0020507537,0.01084034,2.4987834e-05
255,0.1515282,0.23032072186470032,0.22412502765655518,0.0,-0.007347135,0.46043837,0.017058022,66.125694,90.69388,121.147995,2.1894891,1.387038,1.4514666,0.9997147,0.15720262,77.95951,0.12296408,8.2663655e-07,0.00011934667,0.009669568,7.828345e-05
256,0.15620694,0.23838189244270325,0.2374771684408188,0.0,0.08916503,0.58541936,0.032161426,99.989334,699.20197,160.08478,3.0890326,2.64719,0.7985728,0.9999705,0.18986216,78.378975,0.6849834,2.835403e-07,7.05744e-07,0.0086380765,1.5755528e-08
257,0.15418945,0.2431483417749405,0.2398839145898819,0.0,0.08933209,0.59758514,0.03423927,99.995445,687.2031,158.45332,3.3620446,2.7730598,0.5063995,0.99855095,0.16162015,133.5359,0.96897703,1.5224322e-06,1.1564924e-06,0.009151022,1.9120424e-08
258,0.15384105,0.2531946897506714,0.25209054350852966,0.0,0.0892229,0.6301499,0.032431386,99.97605,699.98303,160.55295,3.256985,2.288329,1.0482278,0.9997803,0.16924146,127.51043,0.40727904,1.1883607e-07,1.645378e-07,0.008998142,1.03381685e-08
259,0.15361811,0.24532480537891388,0.2322203814983368,0.0,-0.0057107694,0.41005135,0.017088195,73.89887,26.822048,115.78975,3.0846734,2.6036744,0.18215573,0.9992738,0.13312358,17.07328,0.82088614,5.326666e-08,0.008518924,0.011146218,7.2224386e-05
260,0.15408385,0.23051096498966217,0.2295801192522049,0.0,0.6718474,0.9899835,0.06704445,60.271065,439.61194,114.46376,2.0563602,3.635881,0.09970774,0.9979949,0.007072298,69.29603,0.54527193,2.3531793e-05,8.6157015e-06,0.20976171,0.00017747833
261,0.15098222,0.240339994430542,0.2427964061498642,0.0,0.5432482,0.88002956,0.059999533,99.96945,696.9737,155.98782,3.0459707,1.3506588,2.0511863,0.9984456,0.1839584,132.72511,0.48600772,1.0478637e-06,1.1679832e-06,0.0075995554,3.640402e-08
262,0.1522618,0.2239600419998169,0.22114695608615875,0.0,0.539594,0.74903435,0.06624375,99.919716,699.8414,152.03258,3.4380631,1.4142758,1.9342153,0.99992746,0.18538499,196.84409,0.83122045,1.1826968e-08,9.4937764e-07,0.008034839,4.336775e-08
263,0.15575139,0.2313331514596939,0.23443976044654846,0.0,0.5126828,0.83699006,0.056834053,89.97361,680.19354,144.54205,2.9098318,1.3304167,2.2562737,0.9992615,0.22943741,21.153658,0.37850058,1.7260643e-05,1.8235074e-05,0.0076384125,4.795048e-07
264,0.15587449,0.2378014773130417,0.23668809235095978,0.0,0.5440296,0.81368315,0.055614192,99.823456,698.5255,150.3722,3.5697267,2.6777704,1.04676,0.99941415,0.21129121,24.664589,0.4004857,5.561257e-07,5.887545e-06,0.0074252016,1.5797605e-08
265,0.15432881,0.2399345338344574,0.2418505847454071,0.0,0.5550444,0.85667205,0.06393884,99.91529,698.4563,154.2376,3.2194653,1.9571006,1.6674715,0.99995077,0.18121761,68.68,0.62655056,5.232335e-07,8.987695e-08,0.007677752,3.11903e-08
266,0.15564202,0.2531350255012512,0.2222757190465927,0.0,-0.007489113,0.34886461,0.019121705,98.57802,60.06634,137.19208,4.7843924,2.8837461,0.036091626,0.99978626,0.011889868,149.46777,0.71742463,7.3795474e-07,0.00026554847,0.13094501,0.008841082
267,0.15888445,0.2368655800819397,0.2264508754014969,0.0,0.9608633,1.1685075,0.08958346,80.96243,691.9171,131.58884,2.9933732,1.8937136,1.6698729,0.996414,0.16274077,27.874388,0.010890398,8.685672e-06,2.5987945e-06,0.0076320074,7.742156e-07
268,0.15551756,0.2655501067638397,0.2566719651222229,0.0,-0.007488932,0.407835,0.017554186,99.760544,359.82355,147.87334,3.665862,2.4920669,0.70976883,0.99994147,0.13082562,127.618866,0.7336794,9.6173515e-08,0.011654631,0.010058023,6.2867155e-05
269,0.15412271,0.22086353600025177,0.21756237745285034,0.0,0.08941286,0.58569574,0.032197632,99.99951,695.1588,158.49632,3.229205,1.89554,1.307752,0.99989706,0.1892196,42.68531,0.6537231,9.026793e-08,7.3440066e-07,0.008887801,6.703941e-09
270,0.1523926,0.22598038613796234,0.22306132316589355,0.0,0.08933786,0.610786,0.03192322,99.37458,672.63165,159.56752,3.1927907,2.2111094,0.82464266,0.9989118,0.16407539,107.38197,0.19149692,1.5669796e-08,7.2009294e-07,0.0093859555,8.093977e-08
271,0.15499674,0.23952053487300873,0.24359869956970215,0.0,0.5116555,0.84164083,0.056237828,93.41201,699.6669,150.05963,2.754734,2.087372,1.3782007,0.9995513,0.21563321,48.06259,0.15434007,2.802528e-08,6.7424963e-07,0.0075940816,1.688939e-07
272,0.15573147,0.23540082573890686,0.22969038784503937,0.0,0.67221445,0.84876573,0.071901426,99.97787,699.0557,150.72827,3.6131067,2.1934774,1.3341252,0.9997271,0.18030556,171.01868,0.32734108,1.2917403e-06,1.648215e-07,0.008023847,1.05733854e-07
273,0.15443835,0.23487098515033722,0.22176098823547363,0.0,-0.0068910425,0.41679904,0.01962613,63.138363,75.66936,112.27072,2.4912267,2.247698,0.42968896,0.9989334,0.14697276,16.270714,0.46212694,1.828251e-06,0.003515993,0.011512577,0.00019543178
274,0.1528907,0.2440853863954544,0.24430310726165771,0.0,0.67499226,0.9911355,0.066622496,99.16776,698.18274,153.25412,3.0968611,1.9216882,1.4283291,0.9998088,0.17724751,164.75069,0.8369049,6.512846e-07,3.1940767e-06,0.0076272795,4.5474874e-08
275,0.15722,0.26072028279304504,0.2452721893787384,0.0,-0.0056319963,0.42870137,0.01752916,92.72883,73.19965,141.07658,3.1850996,2.4627662,0.46481198,0.998031,0.13525812,13.961558,0.036313284,1.6445526e-06,0.0016807333,0.010935508,0.00010301024
276,0.15592645,0.23419581353664398,0.2334214448928833,0.0,0.67524767,0.9272737,0.06939796,99.68938,699.9192,152.797,3.1714852,2.3706331,1.1259369,0.99996537,0.20530817,127.93631,0.69520634,9.075843e-08,6.088895e-07,0.0074841282,1.1840058e-08
277,0.15899804,0.25821009278297424,0.25702330470085144,0.0,0.9127845,1.2317961,0.07045281,77.83327,698.92316,126.893555,2.944911,2.0637324,1.7174326,0.99885494,0.16458748,80.67572,0.47645488,7.113977e-08,2.1716633e-06,0.0071855793,1.9142955e-07
278,0.15405785,0.2523817718029022,0.22159293293952942,0.0,-0.007142295,0.36189047,0.017953692,99.153694,88.695145,140.73434,4.4509025,2.2637532,0.5311085,0.9991521,0.108258866,137.22241,0.036112744,3.5217488e-07,0.00712631,0.013104135,6.320484e-05
279,0.1536293,0.23269490897655487,0.23062393069267273,0.0,-0.005773764,0.48173738,0.046464797,99.87473,401.42978,161.1796,3.018835,2.5561185,0.72102416,0.9989895,0.16986081,112.2215,0.49250895,9.304992e-08,1.2828843e-07,0.008791168,7.1444845e-08
280,0.15382025,0.2365150898694992,0.23977023363113403,0.0,0.41233933,0.6758824,0.06215328,99.95372,685.0583,157.13159,3.034598,1.527697,1.7443144,0.99907583,0.15788662,105.42101,0.4055225,1.5407619e-07,9.641218e-07,0.008059626,3.853026e-08
281,0.15550123,0.2400556355714798,0.21981491148471832,0.0,-0.007414164,0.4034153,0.017600065,98.91899,118.927376,143.93665,3.7373354,2.150124,0.71257627,0.99998045,0.12519124,119.704895,0.71563876,2.7859988e-09,0.00010059946,0.0108621875,0.00055072864
282,0.15623352,0.24936974048614502,0.25034099817276,0.0,0.5526766,0.84075326,0.06080307,99.32898,699.7507,152.52753,3.2829752,3.2096224,0.17318751,0.99880093,0.17575744,142.50362,0.092922464,9.599284e-08,2.2397703e-06,0.007693174,4.3098144e-08
283,0.15516582,0.2337142676115036,0.23411838710308075,0.0,0.51163024,0.7443571,0.061671566,99.51289,671.19055,153.45854,3.1350722,1.9086754,1.3461193,0.99997693,0.17436092,173.10614,0.023303626,3.8725122e-07,1.0724039e-05,0.007931431,4.645375e-07
284,0.15694033,0.2307233065366745,0.23038092255592346,0.0,0.6728899,0.9582183,0.074138604,97.4415,592.56604,152.85298,3.039826,1.7067006,1.7325242,0.9999974,0.16799255,69.72021,0.7011483,1.3752033e-08,5.907855e-06,0.008114023,1.7134058e-08
285,0.15619837,0.23414072394371033,0.23498347401618958,0.0,0.53955686,0.7695026,0.06391202,99.982574,691.93225,153.50644,3.2300398,3.126603,0.5355926,0.99940014,0.18444137,91.61414,0.2667257,4.5678345e-07,1.6456152e-06,0.007395248,1.0922394e-08
286,0.15700659,0.24501530826091766,0.2472049742937088,0.0,0.5404294,0.88794553,0.059809953,98.14999,696.0284,152.97906,3.1536503,1.9853231,1.6280535,0.9997177,0.18349689,70.727036,0.74859864,1.1334498e-08,6.916802e-07,0.00772618,1.0799591e-07
287,0.15556084,0.25346067547798157,0.2531701922416687,0.0,-0.0054906127,0.48433515,0.055776607,99.80194,678.7439,162.92572,3.1065235,2.989635,0.34554297,0.9973992,0.176941,58.05104,0.6358852,2.0807602e-06,1.7584217e-07,0.00908089,3.453638e-08
288,0.15685874,0.2515413761138916,0.2528362274169922,0.0,0.5400432,0.7957054,0.06278624,96.66802,670.0546,150.65813,3.1341648,1.4670894,2.03174,0.99370766,0.1861067,22.143692,0.0824866,4.072581e-06,2.2978927e-06,0.0075041014,6.922132e-08
289,0.1560651,0.23987525701522827,0.23748083412647247,0.0,0.08924707,0.5761171,0.032054022,99.99372,699.2872,161.30923,3.1481946,2.1667337,1.1165848,0.99968344,0.18872496,40.788982,0.36966458,2.1936626e-07,9.3994254e-07,0.009021435,4.071647e-08
290,0.1580163,0.2385522574186325,0.22641903162002563,0.0,-0.005785969,0.4232033,0.01903047,96.7724,116.03046,147.62816,3.290023,1.848484,0.98233265,0.99946856,0.12593438,96.47397,0.25201944,4.8482157e-08,0.0011093406,0.011387001,7.158389e-05
291,0.15306328,0.2504902184009552,0.2358453869819641,0.0,-0.009330695,6.667953e-05,0.09597918,99.85468,425.3274,140.47484,5.4948964,2.961495,0.03186973,0.99905115,0.18020597,160.76767,0.5074238,1.48164e-07,0.014879693,0.01219944,0.0009045063
292,0.155449,0.23021896183490753,0.2281578779220581,0.0,0.6743199,0.93385744,0.06623616,98.708374,684.07623,150.02318,3.4130392,2.083333,1.3907506,0.999737,0.17501637,40.256634,0.210365,1.1304107e-06,5.997545e-06,0.0077822586,1.63223e-07
293,0.15502748,0.2382044643163681,0.23713162541389465,0.0,0.5395886,0.800007,0.06029009,99.92926,696.9186,151.84421,3.3706224,2.2495816,1.1792525,0.9985943,0.17326222,61.60824,0.30754796,1.3070583e-07,4.646425e-06,0.007966949,3.7641342e-08
294,0.15526752,0.23252026736736298,0.21837706863880157,0.0,-0.0074145743,0.41846117,0.017647449,99.96921,57.525494,149.68797,3.406855,2.6473138,0.29418743,0.99969566,0.1309681,68.73903,0.9249059,2.5611936e-07,0.0008032874,0.01076163,0.00016994709
295,0.15090476,0.2318911850452423,0.2185194194316864,0.0,-0.0073016672,0.4224561,0.017695883,97.01059,113.76857,144.66748,3.3982058,1.9781613,0.9780119,0.9990407,0.13841608,14.742603,0.08098926,7.4840455e-07,0.0005056703,0.010493761,0.00038321788
296,0.15820344,0.262286514043808,0.22811464965343475,0.0,-0.005524102,0.30606326,0.026296848,99.869736,238.31413,141.45645,4.942387,2.9136064,0.055591434,0.9990375,0.12941095,170.51466,0.12723534,1.7807588e-06,0.0067885676,0.011585326,0.00071555225
297,0.15765339,0.24882648885250092,0.23672567307949066,0.0,-0.007492008,0.4090373,0.0176902,99.229225,115.777145,143.75995,3.7530823,2.3757713,0.50289834,0.99950695,0.12633146,17.05472,0.15109427,1.4523319e-07,0.003188122,0.011187256,0.00032060876
298,0.15377347,0.23438359797000885,0.2294730693101883,0.0,-0.0074335863,0.44106168,0.019280307,86.91507,107.27065,141.73561,2.7053149,2.2426472,0.60439414,0.99938655,0.19268557,50.113537,0.80992246,5.37336e-07,0.0006195373,0.01031547,4.3395834e-05
299,0.15797837,0.23864300549030304,0.22992415726184845,0.0,-0.006486994,0.43809706,0.062404357,99.27443,364.6559,157.82523,3.4064074,2.6862395,0.26399487,0.9926676,0.15136518,120.903435,0.17376828,5.866542e-07,2.2963343e-06,0.010612622,2.9653817e-08
300,0.15742509,0.2370891124010086,0.219548761844635,0.0,-0.006213041,0.40489042,0.017200895,98.73093,63.219933,141.78061,3.8710124,2.3844337,0.4379357,0.9993968,0.1405062,104.77533,0.44099763,5.3109534e-07,0.006010153,0.01124735,0.00012934492
301,0.15325339,0.22094778716564178,0.1969429850578308,0.0,-0.007487594,0.42964944,0.017327992,98.198746,119.393196,150.22942,3.2896733,1.5755255,0.9332271,0.9998974,0.15174146,64.92312,0.47388554,1.1337173e-08,0.00021853275,0.011808969,0.00015309195
302,0.1597816,0.24894499778747559,0.24792206287384033,0.0,0.6737049,0.9416844,0.06682816,97.87084,694.76465,149.47786,3.350008,3.2215893,0.4453898,0.99870473,0.15756316,188.82602,0.32380128,2.9832345e-06,8.591313e-07,0.0073830434,8.5064606e-08
303,0.15943214,0.2513420581817627,0.2449491173028946,0.0,-0.0073335143,0.42331052,0.017403184,90.41106,109.8522,138.3532,3.1426554,1.8145068,1.2021074,0.99928296,0.1256977,56.713947,0.39515474,3.3546976e-07,0.005945168,0.010742877,1.1957843e-05
304,0.15384865,0.22574856877326965,0.22474494576454163,0.0,0.4131711,0.65094733,0.060107984,88.32525,299.9907,140.15564,3.107693,2.97327,0.3220247,0.432756,0.17242703,15.487391,0.029126694,2.5205813e-05,4.511005e-05,0.008232185,6.603449e-07
305,0.16021858,0.25615498423576355,0.2591186761856079,0.0,0.6725637,0.9652936,0.06679898,99.830505,699.3041,153.49101,3.048354,0.9337936,2.887266,0.9997991,0.17850693,68.44253,0.48728883,7.937374e-08,6.7356035e-07,0.007209398,2.1418334e-08
306,0.15351427,0.2340954840183258,0.23315368592739105,0.0,0.9128722,1.2570122,0.07005241,86.33056,699.6115,140.11667,2.753769,1.6662016,1.7484783,0.99959177,0.17405842,159.63593,0.8553344,7.4379784e-08,4.531799e-07,0.0073189335,3.393534e-08
307,0.1546317,0.2346682995557785,0.23139207065105438,0.0,0.7454266,0.9870821,0.07229673,99.36987,693.2107,150.53659,3.4321826,0.8752323,2.4934525,0.99970424,0.17840803,107.0655,0.59788066,3.845332e-07,1.9201264e-06,0.007867909,2.4815975e-07
308,0.15510507,0.21836422383785248,0.22103027999401093,0.0,0.55558336,0.91594416,0.05910713,97.05194,699.8712,154.05965,3.008013,2.0349708,1.4970502,0.9997664,0.17262754,109.69035,0.06434474,8.702071e-07,2.1729525e-06,0.0076346486,3.5219549e-07
309,0.15308355,0.23322193324565887,0.23450972139835358,0.0,0.53928745,0.82137394,0.059576485,99.4344,698.52277,153.53575,3.218474,1.9862221,1.1896557,0.99989885,0.18438339,178.31807,0.1525536,7.112208e-07,5.67042e-08,0.007993497,1.2777134e-07
310,0.15515193,0.23833131790161133,0.2206653654575348,0.0,-0.007314227,0.3930644,0.017460033,93.506836,58.14768,132.96973,3.947986,2.8321388,0.3518376,0.99890935,0.16997585,118.51986,0.08643401,1.2533839e-07,0.0016582783,0.009980357,0.0007465047
311,0.15514866,0.2388489991426468,0.2407919019460678,0.0,0.53932,0.82304025,0.06287329,99.798996,699.94995,152.08337,3.3195314,1.7777984,1.6374465,0.9995311,0.1789072,85.653656,0.3637198,2.2949393e-08,1.4259175e-06,0.0077677174,9.76735e-09
312,0.15814485,0.24732421338558197,0.23059192299842834,0.0,-0.007055865,0.39074895,0.01774361,99.57729,115.83066,141.6718,4.1389194,2.6681373,0.19254029,0.99974126,0.12809293,62.542583,0.23790534,1.8129667e-07,0.008715913,0.011623881,9.8043936e-05
313,0.15472868,0.2501852512359619,0.22984738647937775,0.0,-0.009039841,0.0052563567,0.095788404,95.86418,178.0598,134.2056,5.375981,1.8858356,0.015241168,0.9492744,0.01164423,55.514782,0.8021117,9.214349e-05,0.0006771927,0.16908422,0.009206979
314,0.1592838,0.2354630082845688,0.22800947725772858,0.0,0.91339105,1.1835146,0.07005979,67.947426,694.65735,115.91999,2.8977914,1.956241,1.8587418,0.99929,0.19493128,118.56894,0.12756719,6.489978e-07,3.5039105e-07,0.007545531,2.3019318e-09
315,0.15346265,0.23514936864376068,0.23276498913764954,0.0,0.54106075,0.78464603,0.06102524,98.837296,696.58844,152.58264,3.425655,2.7133186,0.67578155,0.99946785,0.15682498,171.29874,0.045878563,9.21763e-07,3.9708578e-07,0.008103232,8.769544e-08
316,0.15540801,0.24620696902275085,0.24489182233810425,0.0,0.67500067,0.95235133,0.07135817,84.2306,650.10236,139.90958,2.7051458,2.8496952,0.12483539,0.9944576,0.00778422,67.78048,0.23736042,8.244864e-06,1.2179986e-06,0.18295716,8.302209e-05
317,0.15358843,0.2430405169725418,0.22782361507415771,0.0,-0.007290723,0.42803508,0.01685,94.06368,115.14638,146.4473,3.1410391,2.1698146,0.4913067,0.9993276,0.119997025,131.13895,0.50405836,8.240194e-07,0.0004004809,0.011471664,0.00010756528
318,0.1573392,0.24895136058330536,0.24838002026081085,0.0,0.5395082,0.764926,0.06406867,99.28124,698.9043,151.97821,3.2942722,2.604758,0.7455976,0.99985564,0.21815465,94.18965,0.59018964,1.216728e-07,9.270087e-08,0.007947536,1.3541444e-08
319,0.15783527,0.2361428290605545,0.232228621840477,0.0,0.5400292,0.7815035,0.06572019,98.2343,698.011,151.02173,3.46477,1.2721097,1.9678882,0.99942285,0.17858917,34.609386,0.37132373,1.2626403e-07,3.4016313e-07,0.008526259,5.8498554e-08
320,0.1540609,0.2314295619726181,0.2219589203596115,0.0,-0.0074986177,0.43800804,0.018444797,95.43073,31.732288,145.51752,3.0827687,0.65105087,2.0831323,0.9991755,0.14569134,16.586132,0.42291525,2.846863e-07,0.0031930255,0.010224921,5.8854323e-05
321,0.1542956,0.2477017492055893,0.22509869933128357,0.0,-0.00724314,0.40255532,0.017611302,99.69234,48.41177,145.97221,3.74171,2.1145523,0.56722754,0.9999109,0.11663457,88.21806,0.14881419,6.169062e-07,0.0036214103,0.011827894,4.657351e-05
322,0.1566973,0.249155655503273,0.2299548238515854,0.0,-0.007433407,0.40321434,0.016844496,98.68143,113.115425,143.78035,3.8251083,1.926147,0.8174425,0.99988747,0.12862764,52.750935,0.35239214,8.5288235e-07,0.0045781676,0.0113035515,0.000103901155
323,0.15330966,0.23287132382392883,0.23307211697101593,0.0,0.08935625,0.5883568,0.03648795,99.91218,695.8907,161.7983,3.0872397,2.6700733,0.58621424,0.9999049,0.1998142,28.303638,0.76391983,1.2854785e-07,2.7899116e-06,0.008739505,5.1362896e-09
324,0.15493861,0.22310173511505127,0.20834702253341675,0.0,-0.0071016336,0.40488994,0.018624013,96.792145,105.99123,141.34647,3.7328885,2.0747423,0.673856,0.99706197,0.13539012,36.617146,0.22552688,2.9391194e-07,0.005079132,0.011022942,0.00012522553
325,0.15753977,0.2542233169078827,0.25643131136894226,0.0,0.67249024,0.9976239,0.066473566,99.838844,679.9028,153.50858,3.1898725,2.290729,1.1736034,0.99943006,0.191836,94.09191,0.47237092,1.6875465e-06,5.854438e-07,0.007349543,1.2830881e-07
326,0.15045705,0.24028879404067993,0.23968470096588135,0.0,-0.0068165814,0.4884309,0.050322726,99.84077,688.4353,163.21173,3.0693178,2.2779443,0.8223093,0.9998162,0.1782859,50.810127,0.66790515,2.3514276e-07,1.6067491e-09,0.009072651,1.7843725e-07
327,0.15316673,0.24667587876319885,0.24543701112270355,0.0,-0.0055424534,0.57362723,0.028147824,99.9698,337.23392,160.81569,3.0906925,2.0636349,1.1282458,0.9997136,0.23980522,57.78599,0.5180837,9.2769125e-07,4.0514038e-07,0.008763589,2.6098219e-08
328,0.14991754,0.23542863130569458,0.2358262985944748,0.0,0.6752818,1.0010815,0.0667798,99.9689,696.5236,154.63976,3.0432746,2.7566938,0.8616911,0.99992305,0.17538792,43.388348,0.28657815,2.2015595e-07,2.8300926e-06,0.007077727,2.9131384e-08
329,0.15223095,0.23336352407932281,0.21884380280971527,0.0,-0.007462743,0.41925633,0.019148123,99.73299,120.97989,151.77118,3.421905,2.2848823,0.43968576,0.99977446,0.14510727,196.13046,0.70765924,7.060941e-08,0.0025204048,0.012136935,7.74282e-06
330,0.15335315,0.23936814069747925,0.23699836432933807,0.0,0.0888241,0.5892416,0.03321226,99.76482,687.8808,160.10579,3.1461337,1.0186472,2.2844265,0.99868274,0.15068127,17.823986,0.03557394,4.5631603e-07,4.330432e-06,0.00869503,1.1207114e-07
331,0.1573781,0.22795748710632324,0.2284480333328247,0.0,0.5397653,0.7964501,0.059528433,90.04208,614.96265,144.32817,2.8695652,2.545244,0.8070112,0.9959847,0.15581965,24.006603,0.33044165,1.1181556e-05,1.7532133e-05,0.007863705,1.2578731e-07
332,0.1577313,0.23801971971988678,0.22723770141601562,0.0,-0.007313934,0.40534037,0.018078253,96.99109,117.279106,140.0748,3.673296,2.0478451,1.0940855,0.9994363,0.15475845,16.214315,0.43901396,7.1207916e-07,0.0020397129,0.0100201825,0.0004890937
333,0.15704681,0.23739191889762878,0.23875737190246582,0.0,0.5398394,0.80360514,0.05923559,99.45941,691.57294,153.22762,3.2253177,1.9703938,1.6152624,0.9999187,0.1917189,87.71523,0.8007475,4.2369552e-07,1.2314658e-06,0.0075797,4.3964388e-08
334,0.15247339,0.24046410620212555,0.24054957926273346,0.0,0.5392883,0.8051363,0.06012677,95.7354,699.69977,148.05367,3.3045142,1.8085935,1.4630027,0.9999527,0.18675007,180.2206,0.51570827,7.020171e-07,7.7293316e-07,0.008151585,3.7491173e-08
335,0.154652,0.23205752670764923,0.2225024253129959,0.0,-0.006659449,0.42122188,0.016922597,93.05877,78.26189,139.82513,3.3070815,1.3641677,1.3248905,0.9941393,0.14288712,15.467911,0.05410906,8.8314855e-06,0.004042968,0.011111433,0.00016489586
336,0.15377924,0.2525050938129425,0.23016755282878876,0.0,-0.0072591496,0.38614607,0.018710317,99.39602,218.13008,145.06223,3.848123,1.9453117,0.9856517,0.9998666,0.12652546,183.60562,0.6230838,5.732435e-07,0.0014082307,0.010209203,0.0006943842
337,0.15325578,0.22571738064289093,0.22728796303272247,0.0,0.5395807,0.83712345,0.061969128,99.58105,697.53766,155.83086,3.017138,2.0475323,1.1025137,0.9999165,0.17452328,156.25511,0.71340317,4.852558e-10,3.2091887e-06,0.008200987,1.0026217e-07
338,0.15649737,0.24158023297786713,0.2273540496826172,0.0,-0.007132521,0.42936686,0.01733255,99.92313,120.67218,151.60205,3.393667,1.9072207,0.8531523,0.999849,0.14224705,14.452848,0.011004421,4.667802e-07,0.00078416365,0.010928468,4.2279436e-05
339,0.15378946,0.24536530673503876,0.21863850951194763,0.0,-0.007218507,0.39262295,0.017724536,99.74094,111.79298,147.48894,3.900621,1.9703486,0.7513715,0.99972653,0.11698599,122.82587,0.43394172,1.5611695e-07,0.00089704606,0.012169043,0.0002137289
340,0.15553567,0.23474642634391785,0.2305126190185547,0.0,0.5120732,0.69707036,0.06699236,97.43774,688.80066,149.65688,3.326679,1.2482575,2.0743406,0.99946094,0.17485355,101.46163,0.5110099,9.459331e-07,7.0777246e-06,0.007990903,4.381389e-08
341,0.15058066,0.22291913628578186,0.21699248254299164,0.0,0.5419443,0.7596968,0.06377536,99.77537,524.72186,149.71925,3.5617495,3.5441139,0.0034221134,0.99455947,1.5052354e-05,65.6634,0.06460684,0.007150615,1.668243e-06,0.4808339,0.025377005
342,0.15907088,0.25702399015426636,0.2446335107088089,0.0,-0.0074535324,0.40509972,0.017147027,82.44494,102.42371,126.17527,3.156507,2.1864333,0.9035873,0.99960154,0.13381393,145.32684,0.6166227,4.3270617e-07,0.009965621,0.010428852,1.4957203e-05
343,0.1542202,0.2443612962961197,0.22719928622245789,0.0,-0.005950599,0.40529335,0.01816711,99.546745,69.64557,143.22092,3.9520025,2.0667436,0.731947,0.99384856,0.12838638,17.220844,0.4872221,4.3341515e-06,0.0047304584,0.011403003,0.00014783694
344,0.15673414,0.23652613162994385,0.23902340233325958,0.0,0.5421684,0.8393883,0.058062267,99.153946,690.26514,153.14427,3.1111777,0.23838349,3.3026118,0.9981819,0.18512973,91.59026,0.5743214,1.3327764e-06,3.6920674e-06,0.0074621206,1.6233285e-07
345,0.15364267,0.2418079674243927,0.2313595712184906,0.0,-0.006826656,0.4211057,0.017426101,98.515976,121.80565,146.12607,3.5776725,1.7503783,1.1698953,0.9977833,0.14671504,14.506802,0.0124017885,2.0804482e-07,0.004350681,0.010796435,0.00017531238
346,0.15799275,0.24151600897312164,0.24254576861858368,0.0,0.5115094,0.7874265,0.057499547,99.62008,696.3625,152.21649,3.34026,1.6752577,1.7789423,0.9999372,0.21101464,110.802444,0.72057396,9.0488277e-07,9.416562e-08,0.0076932656,2.5165573e-08
347,0.15750861,0.23865263164043427,0.2364918440580368,0.0,0.8424538,1.1259719,0.06917671,92.06809,699.89734,143.1404,3.260189,1.8310319,1.7619208,0.99974006,0.16318765,71.44141,0.7426294,3.1584996e-08,2.6646157e-06,0.007557525,3.4875793e-08
348,0.15646073,0.2549537122249603,0.2307228446006775,0.0,-0.0073168096,0.39062643,0.017457584,99.605225,66.73241,145.66005,3.6844418,2.0378506,0.7913372,0.99999136,0.1273672,145.28336,0.722171,3.140049e-07,0.0016456163,0.011126294,0.00033229834
349,0.15817237,0.25250720977783203,0.23675023019313812,0.0,-0.007506402,0.42068306,0.017428309,99.027466,119.557014,147.4778,3.6377811,2.830829,0.066648655,0.9991573,0.15909445,96.29223,0.80845153,1.5254311e-07,0.0050912644,0.011256917,0.00015068204
350,0.15593219,0.23083792626857758,0.2304161638021469,0.0,-0.0063334587,0.54042614,0.036490977,99.7478,31.365175,154.51326,3.0040476,2.2190297,1.0551845,0.9991798,0.18821351,145.83882,0.97144085,9.1229055e-07,3.088112e-06,0.008904667,1.9181417e-07
351,0.1541716,0.254083514213562,0.23288385570049286,0.0,-0.0074515925,0.39937675,0.01737133,99.756004,33.398506,141.51686,3.8620694,2.7504854,0.30916038,0.99941534,0.13271365,179.223,0.5717457,2.345235e-06,0.0063380566,0.010381801,0.00020560992
352,0.15594341,0.2501075565814972,0.22868739068508148,0.0,-0.0071473615,0.39385563,0.017203512,78.40909,96.30619,121.01862,3.2540822,1.1466445,1.8382483,0.99931294,0.14478102,182.63078,0.5214832,4.9572614e-06,0.0013665784,0.010097074,0.00061736954
353,0.15917969,0.2528153657913208,0.22771571576595306,0.0,-0.0074344995,0.39987808,0.017644009,99.755005,120.80005,148.08833,3.737919,2.3371317,0.34795368,0.99985874,0.11228837,124.31245,0.32912415,4.606671e-08,0.0011221976,0.012145928,8.078101e-05
354,0.15759203,0.2537928819656372,0.23158855736255646,0.0,-0.010356862,0.07592629,0.07370164,99.85093,92.94776,133.1437,6.1247816,2.4021163,0.47341684,0.9999105,0.1748195,139.25111,0.5962212,2.2349847e-07,0.000257324,0.011862152,0.0014543476
355,0.15207537,0.23572535812854767,0.2367185801267624,0.0,0.5555714,0.9239056,0.060415767,99.58838,693.5569,155.64043,3.0044599,1.712674,1.68613,0.99991375,0.19904137,134.85985,0.67763776,5.9103225e-08,5.97997e-07,0.007733759,8.4133916e-08
356,0.1517235,0.2575562000274658,0.23953388631343842,0.0,-0.009126544,0.031463847,0.08274009,97.86436,205.73499,135.45598,5.9299583,2.4650774,0.46441805,0.99667794,0.193587,9.300767,0.17636964,2.9423101e-05,0.024704793,0.0127558075,0.00029922568
357,0.15444042,0.25087615847587585,0.2370254099369049,0.0,-0.007295855,0.39961308,0.017646527,97.873634,117.90145,140.0514,3.991823,1.8708267,0.8933529,0.999096,0.12582873,81.39288,0.3484196,9.168273e-07,0.0072921445,0.011494595,0.000363863
358,0.15547615,0.2352982461452484,0.2226536124944687,0.0,-0.0072943033,0.43838748,0.017246662,96.668915,34.23054,149.44737,3.125437,2.1542284,0.45760736,0.9998206,0.14454524,103.4625,0.25748152,4.08443e-07,0.0006038495,0.011394057,3.0082389e-05
359,0.15523839,0.2356475442647934,0.219034805893898,0.0,-0.00717745,0.41304576,0.017239923,95.57059,98.93644,141.84444,3.5378888,2.3477533,0.6103947,0.9993722,0.11506478,17.460234,0.21786527,7.562396e-06,0.002050479,0.010878155,0.00010552954
360,0.15778497,0.2341098189353943,0.23373614251613617,0.0,0.53928447,0.79313767,0.05851347,95.90578,694.9635,147.35345,3.3458993,2.6404417,0.91218495,0.9995838,0.18311761,38.69057,0.35832945,1.0135838e-06,5.500282e-06,0.007693857,1.0028578e-07
361,0.1533401,0.23202160000801086,0.23541486263275146,0.0,0.5408171,0.8539799,0.059341554,99.82076,699.41455,155.58539,3.0146308,1.8561153,1.7182996,0.99992937,0.23259631,176.8475,0.18522109,1.4975454e-07,5.717365e-07,0.0074637574,6.383221e-09
362,0.1552124,0.25111353397369385,0.22966410219669342,0.0,-0.007446364,0.39279634,0.017438564,98.56091,38.845486,141.59482,3.9858441,1.8203287,1.0309184,0.9994553,0.12197284,105.86159,0.7153151,2.2436147e-06,0.0015438539,0.0114584835,0.00051266496
363,0.1553366,0.2454640120267868,0.2476661205291748,0.0,0.54020387,0.8308523,0.06399007,99.24937,698.3488,153.39267,3.138935,2.0488105,1.4184427,0.99951696,0.18055303,114.31314,0.9788099,1.3153315e-06,6.4339145e-07,0.0074122325,4.2379433e-08
364,0.15752181,0.24416901171207428,0.22836518287658691,0.0,-0.006918659,0.4190002,0.01978833,60.30509,29.971264,109.079704,2.271041,2.4903855,0.108477384,0.99642414,0.15343016,13.33072,0.016146112,2.2050417e-06,0.00038098462,0.010069748,0.00032979943
365,0.15427575,0.24303992092609406,0.24319109320640564,0.0,0.5395369,0.897937,0.057967477,99.38174,699.6927,155.39629,2.9627044,2.2459035,1.4659507,0.99981177,0.24536887,109.33747,0.23880357,8.583793e-07,1.4805657e-06,0.0070543666,2.0956326e-09
366,0.15408811,0.24378015100955963,0.24484401941299438,0.0,0.5449143,0.8256219,0.07033716,99.829544,699.6858,154.08936,3.165757,2.334351,1.024394,0.99881995,0.1742221,21.65052,0.06501779,2.1750316e-06,9.026294e-07,0.007927095,2.293743e-07
367,0.15877393,0.21859462559223175,0.21109554171562195,0.0,0.84229046,0.99549574,0.07499349,98.590996,698.02057,146.74965,3.6940851,2.901877,0.75566167,0.9997533,0.17174277,169.16164,0.23712744,1.384063e-07,1.4262317e-06,0.0076715196,1.5336704e-08
368,0.15850179,0.242797389626503,0.23041385412216187,0.0,-0.0070567965,0.41588488,0.01984418,97.192986,63.29748,146.5175,3.316193,1.4798578,1.311323,0.99818635,0.124058306,17.695822,0.39553255,2.3802168e-06,0.00057078304,0.01072005,1.3047879e-05
369,0.155415,0.24661026895046234,0.24298442900180817,0.0,-0.00651274,0.4520067,0.05447345,95.70317,577.071,157.0809,2.9820004,2.0580873,1.027704,0.99856704,0.15079929,17.971045,0.47600067,1.9772165e-06,2.7069634e-06,0.009195196,6.868856e-07
370,0.15677945,0.23219405114650726,0.23266318440437317,0.0,0.67223185,0.92448664,0.067252554,97.75353,699.3651,151.10101,3.15388,2.5142622,0.98081946,0.9997134,0.17991148,181.85014,0.66997164,6.6461695e-07,8.267681e-06,0.007688786,7.373258e-08
371,0.15537469,0.24834400415420532,0.2517499625682831,0.0,0.51192844,0.76856345,0.0641511,66.38847,689.276,120.15801,2.3499033,2.1373384,1.2161417,0.99885976,0.17978817,20.674913,0.058750134,5.972371e-06,3.805064e-06,0.007245458,6.3044104e-07
372,0.15647128,0.23868851363658905,0.23314596712589264,0.0,-0.005778161,0.39131978,0.07210542,99.79262,677.5492,161.55733,3.357579,2.3728075,0.5819112,0.99862385,0.16240598,46.72037,0.52552503,8.368613e-06,1.1624903e-06,0.010140815,7.639379e-07
373,0.15888678,0.24840836226940155,0.23208652436733246,0.0,-0.0073514213,0.40929654,0.017535642,99.93754,118.69873,145.97769,3.7725542,1.9414111,1.0134999,0.99997705,0.14663789,155.21394,0.5460995,3.482538e-07,0.0020837975,0.010598779,0.00023778407
374,0.15560792,0.22841060161590576,0.2282007336616516,0.0,0.08932666,0.604841,0.034028154,99.98898,539.7371,160.83316,3.0519598,2.4590743,0.8063155,0.9985949,0.16512404,95.29977,0.23334832,2.3608902e-06,7.518117e-08,0.008777325,2.5875236e-08
375,0.15453228,0.22765876352787018,0.22912059724330902,0.0,0.539315,0.8076745,0.06312199,99.9629,699.54285,153.37039,3.214968,2.1461499,1.2504417,0.9999932,0.20085526,90.64703,0.31534916,2.644902e-08,1.7057852e-07,0.007784671,3.6021834e-08
376,0.15458328,0.24555912613868713,0.2213418036699295,0.0,-0.006539724,0.3451629,0.019182056,99.365364,248.23695,142.98102,4.4986978,2.3018696,0.83860064,0.9976905,0.118486024,115.53775,0.50168175,2.3491113e-08,0.009797357,0.011317312,0.00034721137
377,0.15511651,0.2355646938085556,0.22302834689617157,0.0,-0.005746765,0.40650186,0.023086496,88.84522,111.14209,138.4222,3.109977,1.7689366,0.96754694,0.9991585,0.1255214,50.79686,0.106585555,5.898133e-07,0.0036474243,0.011155859,6.670869e-05
378,0.1513192,0.2517048120498657,0.23357939720153809,0.0,-0.0070626806,0.38886136,0.017659148,82.97181,17.440216,125.35069,3.400232,2.5750299,0.3313933,0.9982028,0.11991601,101.00467,0.926058,4.8254685e-07,0.0068823104,0.010875922,0.0002137031
379,0.15321638,0.2251116782426834,0.227244034409523,0.0,0.674869,0.9658373,0.058195285,89.62619,690.2668,141.09926,3.0617237,1.694908,1.931427,0.99295604,0.18116397,177.21371,0.16989261,2.894566e-06,1.1489456e-06,0.007313823,2.0822475e-07
380,0.15484752,0.24501387774944305,0.24767951667308807,0.0,0.512455,0.8523061,0.056634244,98.57288,690.46423,153.0896,3.102173,2.3755968,1.5609753,0.997359,0.18701464,23.469427,0.16654842,9.3330925e-07,6.7532083e-06,0.007090649,9.091646e-08
381,0.15521006,0.23767401278018951,0.22882714867591858,0.0,-0.0055711707,0.42857146,0.016606176,64.35921,18.413317,111.34656,2.5582886,3.0658333,0.09603466,0.99503386,0.13114776,15.038177,0.047161553,1.8024657e-06,0.004880202,0.010967698,9.817241e-06
382,0.15666457,0.25886717438697815,0.23642832040786743,0.0,-0.009756282,0.09100309,0.07371113,98.99203,215.424,138.80446,5.4980407,2.71595,0.39332163,0.9996229,0.13223992,147.29683,0.1893061,9.560176e-07,0.014689721,0.012718029,0.0002777058
383,0.15153544,0.24393223226070404,0.23148280382156372,0.0,-0.007398147,0.40834668,0.016871618,97.63262,93.74134,139.29802,3.867766,2.5434732,0.47197822,0.9996086,0.12581284,137.38219,0.55316114,1.6806927e-06,0.0071333535,0.010610545,0.00017852578
384,0.15869458,0.23738625645637512,0.23150095343589783,0.0,-0.0055404133,0.41665384,0.060987663,99.8938,326.7142,158.6577,3.2824438,2.1933596,0.9731703,0.99981976,0.17578991,107.96321,0.8733279,6.8282577e-07,1.0480626e-06,0.009934909,1.8085645e-08
385,0.15374717,0.2382093071937561,0.20891663432121277,0.0,-0.0072015654,0.39198497,0.019797996,98.77508,119.00746,146.49162,3.5901241,1.7387229,1.0254619,0.9997464,0.12043923,153.41351,0.20967829,2.411861e-07,0.0030509972,0.011340293,0.00016310916
386,0.15640558,0.22945719957351685,0.22877150774002075,0.0,-0.0060955524,0.50686955,0.04792247,99.326935,600.5027,162.36081,3.0154893,2.8861263,0.40816563,0.9957934,0.16588555,62.591976,0.1894052,8.857283e-06,7.1776316e-07,0.00887082,5.4616937e-08
387,0.15434705,0.22280550003051758,0.2140926867723465,0.0,-0.007389558,0.43973556,0.017250216,99.83956,9.486832,150.56284,3.282576,2.077633,0.6208232,0.9997868,0.14089029,126.77381,0.45276025,1.8461819e-08,0.003001288,0.011556081,2.1185644e-05
388,0.15490127,0.2399439960718155,0.2388494610786438,0.0,0.089416735,0.59948653,0.03196485,99.98311,699.9745,159.16997,3.0933523,2.9232726,0.25789344,0.99997777,0.17480387,108.97377,0.6762715,4.8336297e-08,2.1517069e-07,0.009038667,4.0950095e-08
389,0.15548013,0.2335822880268097,0.22497285902500153,0.0,-0.0075136707,0.41766348,0.017448189,99.10588,120.50527,145.79489,3.630275,1.9099237,0.99200094,0.99964416,0.14096203,124.34203,0.2000677,2.387692e-07,0.0063556307,0.010779824,8.387356e-05
390,0.15472817,0.2272786945104599,0.22982515394687653,0.0,0.9128445,1.2977486,0.07224564,66.89582,697.22534,121.153076,2.2292771,1.7619324,1.7523588,0.9999297,0.16816998,78.20037,0.642036,1.0470944e-07,2.3531338e-06,0.0072205067,2.396509e-07
391,0.15782562,0.2343064546585083,0.23463056981563568,0.0,0.8421081,1.1185819,0.0689176,96.903824,698.7913,149.18596,3.0898006,1.7644205,1.8048439,0.99951357,0.16983297,98.74148,0.28376135,1.4497426e-06,2.2660877e-06,0.007291419,1.62629e-08
392,0.1549812,0.2467956840991974,0.24028941988945007,0.0,-0.0074421014,0.40119526,0.017734403,99.929085,243.16547,147.26573,3.8408341,2.389463,0.65967834,0.9997948,0.128663,130.57262,0.3368792,1.6554748e-07,0.0053923624,0.010487709,0.00045427334
393,0.15554844,0.23492132127285004,0.22940826416015625,0.0,0.7716933,0.9583122,0.074191585,96.95598,691.7555,146.67238,3.5205224,2.0310583,1.5203648,0.99850774,0.15391359,160.10533,0.2303983,4.003611e-07,6.8088707e-07,0.0077241813,1.381773e-07
394,0.15632324,0.2371719777584076,0.23424465954303741,0.0,0.87599117,1.0954989,0.07570547,95.13282,562.08057,146.21507,3.184815,2.5393412,0.19800141,0.90955234,0.007412963,72.59006,0.76053923,5.79165e-05,1.9651363e-05,0.12813626,8.982097e-05
395,0.15481839,0.25326794385910034,0.2319900244474411,0.0,-0.0065743914,0.40218365,0.017673792,97.76807,11.676706,142.78574,3.8067636,2.109367,0.6413067,0.9992094,0.11017147,51.066753,0.73648435,7.887655e-07,0.00038949875,0.012399015,0.00052698597
396,0.16325976,0.24434438347816467,0.23985278606414795,0.0,0.7877552,1.012611,0.07973049,92.29842,690.11285,145.81592,3.0674076,2.7814877,1.0435677,0.99728066,0.22324215,49.80417,0.56767535,5.8133965e-06,1.3467217e-05,0.0076157716,3.6353848e-07
397,0.15491018,0.24411046504974365,0.24557247757911682,0.0,0.54292744,0.8348677,0.056637466,64.91678,698.0738,118.86662,2.3973167,2.9050026,0.9107121,0.99546975,0.17826629,23.623648,0.6264033,1.455046e-06,2.5327934e-06,0.007307294,1.9292793e-07
398,0.1559515,0.24019823968410492,0.22369493544101715,0.0,-0.0075121503,0.40736893,0.01706891,99.69677,119.838905,146.90126,3.739761,2.2301223,0.6427389,0.99990547,0.1406633,121.93082,0.5843382,6.025301e-08,0.0016581321,0.011027224,0.00023034905
399,0.15656444,0.23372213542461395,0.23113465309143066,0.0,0.6749631,0.9145914,0.06922738,99.26603,699.2317,150.7129,3.435059,1.9790788,1.6482499,0.9999587,0.18141167,30.931936,0.59565336,3.0334675e-07,1.5507363e-06,0.0076258704,8.868169e-08
400,0.15590785,0.23726725578308105,0.23944516479969025,0.0,0.51153475,0.7881938,0.05722858,99.67346,684.8879,153.65231,3.1501966,2.1546204,1.3583678,0.9999205,0.19045267,135.86476,0.34465078,4.531721e-07,3.3544989e-06,0.007685499,2.3484614e-07
401,0.15484701,0.244144007563591,0.24051709473133087,0.0,-0.0074988636,0.45075792,0.017105155,98.74702,191.9012,152.07373,3.152587,2.1327872,0.8325182,0.99996966,0.16046189,104.801765,0.15881178,1.7382245e-08,0.0049941232,0.009656471,5.0159175e-05
402,0.15416427,0.22110657393932343,0.20185184478759766,0.0,-0.0075092623,0.3994498,0.01997577,99.55771,10.583401,145.26617,3.55832,2.2902832,0.62477493,0.9999839,0.13400999,115.386406,0.13368785,7.651507e-09,0.0055136126,0.0110754995,8.639356e-05
403,0.15590753,0.23152031004428864,0.2308807671070099,0.0,0.5393014,0.81102335,0.063006446,99.60285,696.60913,152.55739,3.3349512,2.9090903,0.44238883,0.99943733,0.19926736,122.57495,0.4528016,5.7180125e-07,2.8376614e-06,0.008103345,1.9214024e-08
404,0.15806574,0.2452872097492218,0.24388626217842102,0.0,0.53929496,0.77879095,0.06371443,97.83153,694.55286,151.35742,3.2389119,2.7074223,0.72314304,0.9994651,0.18971951,18.223017,0.04182651,3.8603304e-07,3.7546704e-06,0.008069612,3.7268458e-07
405,0.15586707,0.24496032297611237,0.2179759293794632,0.0,-0.007391452,0.38284668,0.02018105,97.68684,117.2579,143.93634,3.8595772,2.6819375,0.16793342,0.9998839,0.14500831,39.88772,0.59259516,4.544852e-07,0.006169549,0.011841814,1.1881984e-05
406,0.15984614,0.24100364744663239,0.2233119010925293,0.0,-0.0073389164,0.4405051,0.01724623,99.44653,53.753216,149.76738,3.4501574,1.5669934,1.0042859,0.99992996,0.1577117,80.21309,0.6491165,1.0095966e-07,1.4207571e-05,0.011502404,3.3721648e-07
407,0.15723486,0.25703859329223633,0.2451471984386444,0.0,-0.007487421,0.40150356,0.016869629,96.09594,116.14337,139.27824,3.777573,2.5425572,0.3469321,0.9998022,0.12790704,137.27594,0.31865597,1.1573339e-08,0.008726319,0.011262139,8.3981475e-05
408,0.15628663,0.23697741329669952,0.23249343037605286,0.0,0.5448184,0.799411,0.06735786,97.97103,698.9273,152.2703,3.3388605,2.2999558,0.9883905,0.9997033,0.18736675,146.6151,0.5747947,5.881019e-07,1.9126512e-06,0.008484198,4.0787864e-08
409,0.15874498,0.24386468529701233,0.24492739140987396,0.0,0.51275057,0.7991752,0.055209015,99.74713,697.44604,151.2411,3.3364007,2.8312314,0.70513976,0.9996622,0.20141374,80.4675,0.43638262,7.9542053e-07,1.1254787e-07,0.007567793,4.2233292e-08
410,0.15917589,0.24980603158473969,0.24653485417366028,0.0,0.5394886,0.7655175,0.0596666,99.26912,697.9991,150.23271,3.4532301,2.801725,0.8085826,0.9994051,0.15781543,20.081766,0.03240805,5.907484e-07,8.6467156e-07,0.0079374565,4.981546e-08
411,0.15549986,0.25547778606414795,0.2565416395664215,0.0,0.54448205,0.89104366,0.05853481,96.41555,698.4527,151.24992,2.9493675,2.2579072,1.384979,0.9981421,0.1774416,25.01174,0.39700517,5.6316603e-06,8.004034e-06,0.0070564933,3.3291988e-07
412,0.15632369,0.2558903694152832,0.22508302330970764,0.0,-0.0074973055,0.3782112,0.019670218,99.738556,65.103584,142.29652,3.90996,2.4905581,0.5646204,0.9997144,0.13483235,64.43673,0.56790787,1.3758633e-07,0.0017955216,0.010355732,0.0004237862
413,0.15688178,0.24305114150047302,0.23898588120937347,0.0,-0.006754061,0.4472659,0.053627696,99.82358,130.89384,152.90512,3.2242103,0.37286514,2.267436,0.99951327,0.16680604,17.030127,0.21194282,5.7490047e-06,8.178049e-06,0.009501942,4.9862945e-07
414,0.15218954,0.21764448285102844,0.21947643160820007,0.0,0.53932726,0.78394794,0.06299576,93.54753,697.9595,148.33397,3.0028467,1.4289438,2.0239937,0.9994089,0.16943432,147.85481,0.4939854,9.333154e-07,6.923248e-07,0.0077701346,9.816437e-09
415,0.15151931,0.2305331975221634,0.2292417287826538,0.0,-0.00565763,0.5044145,0.044519752,99.99204,482.5569,161.38683,3.1873977,1.9694661,1.1112716,0.99903685,0.19805862,110.66646,0.22046001,1.2961935e-07,2.6727258e-07,0.009383048,4.1557033e-08
416,0.15748842,0.23026315867900848,0.22784045338630676,0.0,0.5400054,0.76948005,0.06397929,99.83445,698.5589,152.57207,3.3731327,1.7080721,1.9317967,0.9999781,0.15143216,19.124653,0.039286476,1.7931479e-08,1.9097586e-06,0.0076546194,2.2996396e-08
417,0.15585321,0.23876258730888367,0.2390975058078766,0.0,0.08928956,0.6144401,0.034047246,99.96688,698.1325,160.30602,3.154636,2.5199573,0.9281339,0.99992335,0.18914567,59.540264,0.55748,5.0468384e-07,5.2763215e-07,0.00841992,1.6417584e-08
418,0.1537694,0.23856614530086517,0.2408599704504013,0.0,0.5396735,0.79905283,0.0605671,94.75096,696.3634,148.63306,3.0437422,2.4141486,1.1485145,0.99948174,0.188051,122.52469,0.20802394,5.0608287e-07,4.7618983e-06,0.0077116494,3.5079786e-08
419,0.15816057,0.2301454395055771,0.22783419489860535,0.0,0.6749422,0.8963099,0.07002304,99.60897,697.869,151.65472,3.3969145,3.295113,0.13292776,0.99985504,0.16942522,137.48918,0.44191384,1.1600318e-07,2.1930896e-06,0.0077949995,1.5568952e-07
420,0.15668282,0.23749223351478577,0.23065194487571716,0.0,-0.007119045,0.44119138,0.019193577,81.132835,116.56142,134.40215,2.6875656,1.6621084,1.2187955,0.9990677,0.15101649,10.652822,0.011176506,5.3119793e-06,0.00027515588,0.01010499,0.00024482954
421,0.15267512,0.23487284779548645,0.2187047004699707,0.0,-0.0073976154,0.40821543,0.017331138,99.19287,120.21301,145.86157,3.696649,1.9846433,0.6579003,0.9999567,0.11690608,136.22444,0.7887706,4.0249682e-07,0.0031676737,0.011892644,0.000306811
422,0.15703163,0.24561229348182678,0.24483445286750793,0.0,0.67489135,0.95885557,0.06693995,99.18681,696.9659,151.20757,3.3562963,1.8341693,1.8840468,0.9999879,0.21658234,50.643818,0.2421771,2.5170543e-06,3.9358326e-07,0.0072427355,1.552849e-08
423,0.15758865,0.2522129416465759,0.20541717112064362,0.0,-0.007488451,0.3298318,0.021058567,97.79579,59.643574,137.67882,4.4656982,1.7041285,1.1493502,0.99984455,0.11126009,169.39221,0.37723228,1.3271879e-06,0.008477994,0.012801915,0.0001419312
424,0.15862851,0.25847840309143066,0.24559690058231354,0.0,-0.0074235117,0.42764962,0.016864695,99.5595,119.567726,145.00615,3.5691535,2.1315162,0.67949516,0.99982303,0.14375079,101.024864,0.67692214,5.6566808e-08,0.006425507,0.010460982,9.841217e-05
425,0.15875728,0.2530381381511688,0.2320544719696045,0.0,-0.007204952,0.40133607,0.019042525,85.07059,26.61089,129.45943,3.3015668,2.5465689,0.5850524,0.9994227,0.11880801,149.82869,0.25967848,3.7757903e-07,0.0048622442,0.010734353,6.733785e-05
426,0.1572842,0.2349952906370163,0.23166407644748688,0.0,-0.005579083,0.4334352,0.057693575,98.93542,434.3525,157.44495,3.219497,2.7993164,0.16338755,0.987398,0.18625143,10.877857,0.012697707,9.352263e-06,3.187379e-05,0.0093405275,3.005121e-07
427,0.15437967,0.23138026893138885,0.23412631452083588,0.0,0.67151165,0.9690488,0.06954885,95.44615,686.114,150.45581,2.962258,3.320234,0.2549835,0.99762094,0.17179123,26.087223,0.1884608,6.052033e-06,7.718372e-06,0.0075594955,3.3348465e-07
428,0.15503256,0.2425968497991562,0.22722531855106354,0.0,-0.007457663,0.42441013,0.020086,98.19959,116.276794,149.76659,3.2255392,1.6710334,1.0310133,0.998689,0.14114358,28.426632,0.021729272,4.1019757e-06,0.001136192,0.011601328,0.00019367287
429,0.15439728,0.2603049874305725,0.2594113051891327,0.0,0.8419892,1.1568722,0.06965838,95.875374,697.4612,148.04059,3.187911,1.939627,1.7721748,0.9997832,0.19554618,107.1562,0.5335909,3.122619e-07,9.3017127e-07,0.0070455587,2.7179665e-08
430,0.15639795,0.24711619317531586,0.2255321741104126,0.0,-0.007185471,7.680865e-05,0.09176885,68.34456,73.61869,103.714355,5.5439963,0.9920572,5.511262,0.94960266,0.0040506483,48.728447,0.8927962,0.011723535,2.927754e-06,0.002207074,2.6521295e-05
431,0.15427724,0.24117636680603027,0.24211524426937103,0.0,0.53943646,0.83126456,0.06361692,99.82085,689.87463,154.11656,3.2526007,1.2228988,2.1435385,0.99909055,0.17942095,118.33721,0.95471,1.3108744e-06,8.140054e-06,0.007983392,5.330243e-08
432,0.15389985,0.2534087002277374,0.2347581535577774,0.0,-0.0074910135,0.40398535,0.017606536,99.9018,61.58499,143.73843,3.720574,2.1377232,0.7318445,0.9999732,0.12211305,123.304184,0.5342613,6.649815e-08,0.0011734732,0.010704947,0.00040324288
433,0.15507066,0.23447999358177185,0.2388695329427719,0.0,0.5432575,0.9165794,0.058887787,99.316475,698.7668,155.6483,2.9968104,2.4613228,0.9443954,0.99963707,0.17931144,39.5855,0.80063117,3.6420198e-07,2.9388323e-06,0.0077943397,2.0186246e-08
434,0.15479673,0.24598684906959534,0.2189648151397705,0.0,-0.007216177,0.3527439,0.02042579,99.46863,14.216905,140.01303,4.3181095,2.3576684,0.5091069,0.9998209,0.11779715,87.96824,0.5994317,1.51089e-07,0.009570462,0.01218375,5.30589e-05
435,0.15743272,0.22365717589855194,0.22475020587444305,0.0,0.511492,0.80336267,0.056362133,93.96218,679.1727,147.48956,3.085271,2.6337574,0.7616557,0.99935335,0.21899274,20.638775,0.13695596,2.8534907e-06,6.604041e-06,0.0078011486,1.0416834e-06
436,0.1599978,0.23370516300201416,0.23107293248176575,0.0,0.6743518,0.906947,0.066749364,95.98097,666.5626,147.89824,3.2679362,2.318561,1.5482193,0.994695,0.16102414,25.720713,0.25279993,6.6334383e-06,6.7086344e-06,0.007383894,9.3435396e-08
437,0.15590882,0.24108237028121948,0.23498861491680145,0.0,0.543666,0.7482363,0.067786664,95.65848,694.483,146.93161,3.4490006,1.7257855,1.7835368,0.9994482,0.14373639,16.359852,0.012211217,6.0269906e-07,1.674753e-07,0.0082381,4.510744e-10
438,0.1551066,0.23935258388519287,0.23728063702583313,0.0,0.6737389,0.9491069,0.058526114,99.84716,697.11237,151.23367,3.4306438,1.7128696,1.7132447,0.99938715,0.1794208,96.52424,0.47592747,5.4638684e-07,2.9262235e-06,0.007836612,1.17540175e-07
439,0.15811756,0.22967036068439484,0.223682701587677,0.0,0.5411973,0.7451024,0.064234816,99.952866,694.021,151.03412,3.5373101,1.9928982,1.411429,0.99982315,0.1885212,36.530033,0.151943,2.103205e-08,8.983683e-07,0.00815621,2.7628278e-08
440,0.15926918,0.21937939524650574,0.21971239149570465,0.0,0.5397153,0.914558,0.022689952,99.97602,699.2531,150.9965,3.4414957,1.9761438,1.8365371,0.9995132,0.2086366,95.66942,0.9897116,2.930645e-07,1.9709462e-06,0.007260375,1.6553246e-08
441,0.15493177,0.2266748994588852,0.2229500412940979,0.0,-0.006263859,0.4964053,0.035373446,99.46119,109.29725,152.59352,3.1399667,1.7354885,1.4438684,0.99934554,0.21554711,96.29208,0.32436252,1.7255516e-07,7.6925954e-07,0.008878209,4.221997e-08
442,0.15898995,0.25295552611351013,0.23856906592845917,0.0,-0.007477348,0.4315776,0.019164251,96.27293,116.34819,147.83011,3.2158854,1.5180475,1.2941177,0.999805,0.12137034,53.925663,0.62379706,2.9147702e-07,6.774498e-05,0.011080565,2.1311938e-05
443,0.1575675,0.253894180059433,0.22558251023292542,0.0,-0.012539108,0.026930545,0.09081451,92.47149,642.5958,134.62772,5.433208,3.416973,0.08700632,0.95127594,0.011979504,55.984962,0.50286156,5.4659613e-05,9.969555e-05,0.15850493,0.02102994
444,0.15459146,0.24448102712631226,0.2426474392414093,0.0,-0.006137197,0.5276783,0.036385965,99.083084,67.42867,152.12929,3.1354282,2.671521,0.394231,0.9980844,0.21438171,124.82336,0.833794,4.0990562e-06,3.882531e-08,0.009101748,9.946919e-08
445,0.15388863,0.23899181187152863,0.23162247240543365,0.0,-0.0074128145,0.41232267,0.017269166,98.50449,108.17278,141.29143,3.7689085,2.1823616,0.5745296,0.9975311,0.12891474,17.414745,0.78064144,3.6813242e-06,0.0072733993,0.010612514,0.00015539756
446,0.15526822,0.23985309898853302,0.21827243268489838,0.0,-0.009363723,0.036437895,0.091857746,99.63334,83.01843,137.60107,5.183824,2.3840702,0.2963468,0.9990985,0.15232736,125.468445,0.6608111,1.7323528e-07,0.00085960276,0.0130136,0.0011169664
447,0.15768121,0.24066868424415588,0.24328969419002533,0.0,0.5120549,0.8032766,0.055495404,98.00337,688.03925,151.94092,3.0138054,1.6315553,1.9309088,0.9998195,0.2283539,20.018345,0.16471839,2.5009476e-06,5.2993673e-06,0.0073224334,1.5583797e-07
448,0.1542608,0.23360653221607208,0.23585593700408936,0.0,0.5394853,0.8452144,0.059496164,99.57721,692.77405,155.06969,3.03373,1.3785889,2.0527933,0.99983895,0.16613267,159.54213,0.70073915,3.620518e-07,1.2513263e-05,0.007815027,6.3564234e-09
449,0.15336524,0.22302116453647614,0.22027812898159027,0.0,0.54556644,0.8227718,0.06457866,99.69421,699.0625,154.2375,3.2794762,1.880523,1.3954026,0.99994856,0.15628627,105.93374,0.4006738,3.3543208e-07,7.9796644e-07,0.00837051,2.1330589e-08
450,0.15506887,0.2633998394012451,0.2287452518939972,0.0,-0.010180891,0.09055235,0.07273318,99.59525,422.64932,139.46655,5.563121,2.7755468,0.43823436,0.999581,0.17620668,176.87018,0.4033938,4.5693352e-07,0.0059062513,0.010888287,0.0012685823
451,0.15448931,0.2544201612472534,0.2383839637041092,0.0,-0.009511868,0.04604967,0.08512717,99.777756,209.39284,138.7242,5.6272993,2.7795267,0.16525067,0.9989288,0.14629205,43.155727,0.8411423,2.7753954e-06,0.010805477,0.012546769,0.0007768317
452,0.1573286,0.2497839778661728,0.22757120430469513,0.0,-0.0075149536,0.40721306,0.01732923,99.35333,118.48694,147.0586,3.7555704,1.9324999,0.70374006,0.99999034,0.12137224,85.59785,0.5800344,1.799041e-07,0.0023367892,0.012009176,0.00013266919
453,0.15305018,0.23347362875938416,0.22688081860542297,0.0,-0.007421366,0.4373405,0.017255051,91.070786,110.597015,138.78647,3.2269664,1.633428,1.1383572,0.999974,0.15601672,38.024002,0.6280985,3.6998628e-07,0.0054273633,0.010494042,5.3092688e-05
454,0.15651873,0.23690977692604065,0.23614554107189178,0.0,0.91284525,1.2322546,0.07145528,91.57494,699.3431,144.14798,3.0344422,2.1131005,1.6131605,0.9998135,0.17011563,39.347313,0.63405895,3.4617753e-07,1.3064149e-06,0.007276986,3.804108e-09
455,0.15342337,0.24218818545341492,0.22145675122737885,0.0,-0.0067450013,0.38657835,0.017425014,65.05379,173.76886,112.22607,2.796004,3.1269152,0.07304962,0.9958422,0.010710077,97.50103,0.17759593,3.0580545e-06,0.00010546676,0.12903786,0.011413595
456,0.15621795,0.2402687966823578,0.23266994953155518,0.0,-0.007372429,0.45597962,0.018938892,99.76956,120.15233,155.07501,3.0983078,1.650508,1.1360875,0.99998206,0.14291948,115.146385,0.6407333,4.679162e-07,3.2324992e-06,0.010837183,2.1678177e-07
457,0.15626882,0.2375706434249878,0.23911985754966736,0.0,0.53931874,0.8294756,0.062845625,99.561745,699.71454,154.46391,3.2142298,2.3235297,1.1493654,0.9998671,0.17829537,182.67992,0.7996181,1.6575228e-07,9.470838e-06,0.007889154,2.5430099e-08
458,0.15426968,0.23599986732006073,0.233418270945549,0.0,0.54531044,0.814827,0.062700614,99.72685,694.22156,152.5605,3.3788214,2.0702753,1.3152076,0.99953544,0.17645584,31.544722,0.39072454,2.3031667e-08,3.9703693e-07,0.008337041,1.0017385e-07
459,0.1558103,0.24647101759910583,0.24288004636764526,0.0,0.6749744,0.91639614,0.07311882,99.668434,698.1164,151.4912,3.481233,2.4672184,1.1659316,0.9998106,0.17830528,25.962296,0.80388844,9.198773e-08,1.536648e-07,0.007777342,2.4073654e-07
460,0.16179918,0.2467898726463318,0.23458118736743927,0.0,-0.0073707504,0.42453927,0.017116306,99.84973,29.891474,145.47986,3.650074,1.9874456,1.0005823,0.999985,0.12236243,156.49019,0.6576082,1.5413815e-07,0.0020569763,0.010894673,8.3781146e-05
461,0.1564359,0.2350330948829651,0.23744522035121918,0.0,0.5553137,0.88137126,0.059308246,99.995415,693.5916,155.25526,3.0598624,2.2675388,1.2464904,0.99994946,0.22354506,93.78944,0.0994464,1.2923184e-06,1.8494078e-06,0.00741328,3.9151593e-09
462,0.15782736,0.2422829568386078,0.22599075734615326,0.0,-0.0073759314,0.4105159,0.017274417,99.92948,120.53754,148.73042,3.5166717,2.0285654,0.76519144,0.99922305,0.14888111,92.044,0.76394165,3.0655264e-07,0.0067393407,0.011381456,4.4322427e-05
463,0.15535305,0.2544316053390503,0.2547152638435364,0.0,0.08869587,0.6384608,0.033681095,99.93452,686.7323,162.01715,3.0277975,3.0093777,0.23894495,0.99844605,0.2094807,18.990316,0.31745467,8.980744e-06,1.01528985e-05,0.008496712,1.4093696e-07
464,0.15241012,0.24250908195972443,0.24588820338249207,0.0,0.5154109,0.7824304,0.060452156,97.64104,671.46716,152.55957,3.022406,1.6570109,1.7381023,0.9991901,0.22107112,99.91816,0.359699,4.4525364e-06,7.370234e-06,0.007568102,7.794424e-07
465,0.1519652,0.2545732259750366,0.23769138753414154,0.0,-0.007438794,0.41890404,0.017926397,75.965126,182.97958,127.49476,2.697171,2.237039,0.76785207,0.99967647,0.1624754,157.3334,0.9228244,7.123549e-08,0.002667146,0.010129963,0.0004981138
466,0.1565569,0.24174907803535461,0.241683691740036,0.0,0.089055605,0.64168996,0.03229314,99.2528,689.7243,161.69408,3.070692,3.6982217,0.07030599,0.99419546,0.21556622,18.12652,0.06311916,3.3119172e-06,1.26128525e-05,0.008331491,4.609783e-07
467,0.15692821,0.2362225502729416,0.23286394774913788,0.0,0.08892433,0.6015089,0.027033215,99.9025,682.78674,159.55067,3.2909408,2.2765248,0.8177137,0.9999733,0.19790252,188.31088,0.1914295,1.287836e-06,1.7283867e-06,0.00920478,6.841374e-08
468,0.15801153,0.23808684945106506,0.23673497140407562,0.0,0.087657765,0.5959032,0.031586464,99.83858,639.2807,159.81355,3.1051145,0.27219513,2.9299366,0.99094576,0.20445964,18.097685,0.39480132,1.0490192e-05,9.042053e-06,0.008557978,1.0360033e-06
469,0.15825953,0.24924826622009277,0.25092557072639465,0.0,0.5445132,0.82274985,0.06638118,98.85381,693.0482,153.71396,3.2458603,1.9884636,1.5063709,0.9968626,0.18498085,23.348948,0.47576565,3.4690316e-07,1.406503e-06,0.007896284,1.8905038e-07
470,0.1543545,0.24762862920761108,0.25139448046684265,0.0,0.41321334,0.72327834,0.05543543,99.96087,693.5281,156.99796,3.013436,2.2968059,1.3105494,0.9986899,0.22510317,110.59281,0.23832272,1.14176046e-07,1.1927278e-06,0.0076768165,1.5757703e-08
471,0.15464929,0.24781155586242676,0.22349050641059875,0.0,-0.0097484,0.0678445,0.08072614,99.92747,352.01404,141.10733,5.188271,2.623207,0.51201314,0.9997255,0.14827059,43.677288,0.464071,1.0597804e-06,0.0112787355,0.01115743,0.0005253677
472,0.15415248,0.23423922061920166,0.22562628984451294,0.0,-0.007502257,0.44612294,0.018712057,85.25871,105.16846,138.52669,2.7532544,1.5040158,1.3072,0.9999823,0.1504157,27.370003,0.7009238,5.5022576e-07,0.0001710236,0.01011575,3.793865e-05
473,0.15570635,0.21926294267177582,0.21998347342014313,0.0,0.51185894,0.7721123,0.056604378,95.70753,674.2162,148.69249,3.167048,2.2817554,1.0852093,0.9993751,0.19192573,18.041943,0.023850478,2.1778892e-07,1.8268089e-05,0.0078034448,2.2324271e-07
474,0.15138236,0.2385173738002777,0.21146155893802643,0.0,-0.007091397,0.36544392,0.018522898,99.939095,109.61154,142.0414,4.3458104,2.0411637,0.59461516,0.99966544,0.11138061,52.227333,0.31430322,5.8419914e-07,0.007600954,0.012557521,0.0001315091
475,0.1534406,0.2463277131319046,0.21264755725860596,0.0,-0.009530381,0.06851008,0.082018435,97.875626,304.45914,139.9993,4.741076,2.3481052,0.8612187,0.9978895,0.14165106,136.58572,0.3301076,1.924211e-06,0.01004858,0.011131623,0.00050383876
476,0.15791504,0.2346610426902771,0.23090896010398865,0.0,1.0130473,1.3155025,0.08779153,87.06204,697.35114,137.08545,3.0346148,1.7287285,2.0327394,0.999984,0.16284417,156.07945,0.1692284,9.876287e-07,1.5222118e-06,0.007173493,1.0308448e-08
477,0.15737633,0.24570703506469727,0.24235089123249054,0.0,-0.005564289,0.43116117,0.06010487,99.89524,621.9213,160.0741,3.4081337,2.0127826,1.3328196,0.99969935,0.17427538,91.61517,0.54439646,7.015175e-07,1.1460183e-06,0.009342865,5.1376045e-08
478,0.15597698,0.24268992245197296,0.20953154563903809,0.0,-0.007421114,0.344052,0.021282414,98.874344,20.216112,138.30681,4.383008,2.2912505,0.62902725,0.99988455,0.1355871,113.1401,0.29052612,8.9100223e-07,0.0038304906,0.0110709835,0.000573015
479,0.15416633,0.24922405183315277,0.2464471310377121,0.0,0.67144513,0.9093595,0.06976658,99.67751,697.7203,153.67798,3.2546864,2.735871,0.57638067,0.99994904,0.183608,159.64943,0.48370978,3.714425e-08,1.121806e-06,0.008089204,9.921122e-09
480,0.15484841,0.23506395518779755,0.23517759144306183,0.0,0.08915088,0.6336399,0.031685982,99.66674,697.3471,161.72147,3.0889068,1.2970932,1.9167094,0.9980826,0.18594716,19.795616,0.34265646,5.2181014e-07,6.3618413e-06,0.008774744,1.6559417e-07
481,0.15675569,0.2380354404449463,0.2288261353969574,0.0,-0.007385576,0.44277227,0.019304788,98.77125,118.45369,152.1649,3.239348,1.9600326,0.78696704,0.9995863,0.16020012,191.22021,0.94786,5.7187634e-07,7.2926356e-05,0.011115025,2.1648248e-06
482,0.15649651,0.23705098032951355,0.2375345230102539,0.0,0.51155794,0.72700137,0.066449426,99.71233,690.42285,152.9666,3.1567986,2.0726922,1.4310629,0.9988315,0.15249881,28.2219,0.29793006,4.0214866e-07,1.166124e-06,0.0076861256,2.7807516e-07
483,0.15547149,0.24934130907058716,0.24795979261398315,0.0,0.8420586,1.1106696,0.06813943,81.3334,698.15137,131.94092,3.0543756,2.2945535,1.3104649,0.9990888,0.18386328,74.37768,0.7788138,4.7051105e-07,1.1729311e-06,0.007276453,1.5424591e-08
484,0.15446286,0.24284951388835907,0.2455160766839981,0.0,0.67413664,1.0125339,0.058981057,99.39068,699.28845,153.02109,3.0574057,1.6706052,2.0347023,0.9999682,0.18343735,110.182076,0.63970226,8.7163826e-08,3.7990146e-06,0.0070710815,3.171315e-08
485,0.15680073,0.24077002704143524,0.23973257839679718,0.0,0.5394068,0.7769256,0.06084425,99.40397,698.23004,151.41673,3.3537693,2.645056,0.9616599,0.99907136,0.16877928,78.7063,0.6774242,3.047043e-07,2.0549278e-06,0.007624543,6.307255e-08
486,0.15691322,0.24507656693458557,0.22288237512111664,0.0,0.06666834,0.36812925,0.023454554,99.12621,75.37308,137.01295,4.814884,2.6377294,0.35229585,0.99903345,0.11278942,173.53915,0.115717605,6.5372865e-07,0.0058738505,0.012079208,0.0003519178
487,0.1563376,0.24252431094646454,0.21232779324054718,0.0,-0.007321857,0.38939026,0.017746476,99.98358,117.88798,146.57152,4.018206,2.2520275,0.3606808,0.99996626,0.11592088,144.11873,0.2517418,6.381982e-08,0.0038056765,0.013101823,9.129353e-05
488,0.15698178,0.24142742156982422,0.23524188995361328,0.0,0.9129623,1.1159456,0.08757404,90.35351,696.96,140.68355,3.158565,1.9579493,1.465067,0.99952817,0.17428906,71.5725,0.6561777,2.964065e-07,3.7770303e-06,0.0076287626,1.6275855e-07
489,0.15464193,0.24847401678562164,0.2338736355304718,0.0,-0.0071771177,0.4163228,0.018458208,97.757515,388.22626,148.64323,3.3529773,2.1430712,0.9798461,0.99933785,0.16139983,186.0708,0.73999566,8.265196e-07,0.007977084,0.009495258,0.00025172942
490,0.15441552,0.2332715541124344,0.21969203650951385,0.0,-0.007460592,0.3945038,0.02041351,99.33498,113.59172,145.3545,3.740529,1.8849247,0.76660675,0.99996793,0.12016505,31.918074,0.5697743,5.3557194e-08,0.005413135,0.011774978,0.00011542263
491,0.15606984,0.23713940382003784,0.22299067676067352,0.0,-0.007267527,0.3999542,0.019319242,98.43499,201.30943,147.75859,3.4911954,3.0150537,0.03223467,0.99965614,0.0103710415,86.24311,0.3429326,1.4473414e-06,0.0002794219,0.13546994,0.004942511
492,0.15426487,0.23836944997310638,0.2399541437625885,0.0,0.5392927,0.88876444,0.059355576,96.57748,695.09283,154.27377,2.8411222,2.483138,0.91011846,0.99982566,0.21052559,64.399925,0.6219648,6.251324e-07,1.2034495e-05,0.007932277,3.0987636e-08
493,0.15768677,0.25147315859794617,0.2531791031360626,0.0,0.5436549,0.8303153,0.06116545,99.71535,698.6359,153.61833,3.2101767,1.896805,1.749395,0.9998964,0.16118771,75.222664,0.77848965,1.7207462e-07,6.475596e-08,0.0076217772,9.420898e-09
494,0.1545079,0.23574313521385193,0.23508208990097046,0.0,0.089272514,0.6032237,0.032586902,99.96451,694.5003,159.5669,3.2270184,2.6386003,0.6916071,0.9994408,0.20545302,104.76947,0.58329505,1.2149692e-08,2.9412763e-06,0.008604714,1.6600579e-09
495,0.1548169,0.24225793778896332,0.22381474077701569,0.0,-0.0075028515,0.41513678,0.019174,91.217285,112.54334,143.62291,3.027756,1.7584854,1.039307,0.9996426,0.13994339,95.80742,0.70850605,1.6206387e-07,0.0013807948,0.01093238,0.00010122278
496,0.15526998,0.2374340295791626,0.23892301321029663,0.0,0.53949046,0.79601634,0.061417166,99.38159,699.8729,151.87598,3.3363683,1.9722166,1.4505433,0.99995357,0.19682623,107.3434,0.87110955,1.549811e-07,9.4811725e-07,0.007709909,2.7040342e-08
497,0.15590714,0.24448399245738983,0.2394300252199173,0.0,-0.006148702,0.44129285,0.017219122,49.969288,70.67242,101.42098,1.973734,1.986622,0.9401104,0.9997658,0.1353285,94.875565,0.5633463,2.9121264e-07,0.004756105,0.010329129,2.9370524e-06
498,0.15549892,0.24513377249240875,0.23302344977855682,0.0,-0.0074671498,0.42619494,0.017857837,99.57653,120.49633,149.02353,3.4536655,2.3496315,0.43403676,0.99993235,0.13005665,113.974625,0.2324499,4.8939846e-08,0.0042893435,0.010718416,8.247742e-06
499,0.15753807,0.24495448172092438,0.2414611577987671,0.0,-0.005728353,0.43596447,0.059199214,99.860275,353.60703,159.99503,3.2515056,2.295223,0.8957275,0.9999924,0.16662307,183.06056,0.12087072,2.9218854e-09,2.767235e-06,0.009562223,2.565649e-08
500,0.1567858,0.2558400332927704,0.22363857924938202,0.0,-0.00991558,0.001097188,0.09391593,99.26836,275.41492,139.41595,5.444757,2.335364,0.7738888,0.9998166,0.17763974,164.16386,0.7908645,3.7397092e-06,0.0076752966,0.011373293,0.0008639143
501,0.15352903,0.2544255256652832,0.2434948831796646,0.0,-0.007422679,0.40180767,0.016875653,98.800964,266.4427,147.40494,3.5810447,2.762376,0.19775493,0.9985219,0.123059385,142.69617,0.1598808,1.4691693e-06,0.0044661714,0.010920864,0.00061680714
502,0.15655231,0.2433076649904251,0.24093176424503326,0.0,0.55554074,0.8190927,0.061326355,99.89099,698.81726,151.61902,3.583495,2.0310903,1.4012673,0.9997271,0.18161589,36.713486,0.141541,4.294589e-08,7.492815e-07,0.007920351,2.8444717e-08
503,0.15551798,0.23866121470928192,0.24131476879119873,0.0,0.54531425,0.906701,0.054795016,99.99098,699.96625,154.67302,3.08974,2.6315186,0.948874,0.9999837,0.21283062,198.26582,0.56635004,1.1268492e-07,1.28112e-07,0.007455962,2.3191243e-08
504,0.15581568,0.22375330328941345,0.2212054580450058,0.0,0.74190557,0.968699,0.064552106,99.91939,698.96674,151.65552,3.3962393,1.710491,1.9610661,0.9992538,0.17445712,71.29936,0.79454046,7.4821423e-07,5.2428877e-06,0.0076464494,8.8189296e-08
505,0.15493236,0.2405143827199936,0.22975817322731018,0.0,-0.0064585297,0.4008473,0.01744784,77.886826,31.347956,120.520744,3.186094,2.3508239,0.5910863,0.99895823,0.12560892,66.630585,0.14306508,8.800142e-07,0.00700538,0.011030807,0.00033214982
506,0.1584807,0.2389659583568573,0.21682679653167725,0.0,-0.0075152484,0.39006725,0.017246695,99.90008,117.69081,143.67996,3.924642,2.0921242,0.9565531,0.99991614,0.1425238,94.29699,0.5674183,3.3332773e-07,0.008811663,0.010581689,1.6234191e-05
507,0.15526883,0.23223713040351868,0.23464789986610413,0.0,0.5402298,0.81032157,0.063088715,90.232796,691.86194,144.85095,2.8876345,2.4663239,1.163914,0.99755436,0.20353778,21.878607,0.24658799,4.1239527e-06,1.8495717e-06,0.007602882,1.6493193e-07
508,0.15508834,0.25465476512908936,0.24294425547122955,0.0,-0.0073267776,0.4180386,0.017285837,96.117874,55.888023,139.48952,3.4926803,2.1635346,0.72796905,0.9998589,0.12609655,123.86907,0.30198687,3.9137123e-07,0.0065053515,0.010255609,6.797822e-05
509,0.1533892,0.23354630172252655,0.2151777148246765,0.0,-0.0073548155,0.40875703,0.01960097,81.28231,100.6929,129.66595,3.0976672,1.8308333,0.7961626,0.99979573,0.14686282,178.9996,0.7293175,6.977364e-07,0.0031919717,0.011692691,0.0001863982
510,0.15181327,0.23699744045734406,0.22825564444065094,0.0,-0.007420095,0.41731265,0.017955372,96.54694,116.72952,143.45822,3.4277005,2.0024066,0.8313272,0.9923269,0.11460257,136.763,0.6224906,3.8652618e-07,0.0058308444,0.010721102,4.2452662e-05
511,0.15488663,0.24998067319393158,0.24948471784591675,0.0,-0.006014833,0.5048714,0.049607504,99.84368,660.6052,163.56223,3.0760727,1.9643323,1.3924663,0.9988256,0.15851724,77.13257,0.3819542,2.6173342e-07,8.113638e-07,0.009114378,9.402695e-09
512,0.15210865,0.23482011258602142,0.2371312528848648,0.0,0.6714542,0.98760694,0.06260269,99.76865,698.091,152.8851,3.2603784,2.0624871,1.3554354,0.99993056,0.19249976,162.46274,0.3934186,1.5993379e-08,8.87613e-08,0.007646322,5.1870217e-08
513,0.15869856,0.25236976146698,0.21153369545936584,0.0,-0.010224076,0.041702926,0.0843702,99.87678,89.436646,135.85535,5.480966,2.5621736,0.19455238,0.99995345,0.14780559,157.30219,0.6654348,8.0320063e-07,0.012762691,0.013208773,0.00027559997
514,0.15572323,0.24387633800506592,0.22648985683918,0.0,-0.0074999696,0.40145168,0.016862674,99.07801,118.302734,141.58716,4.077475,2.5641654,0.41715598,0.9995219,0.1353985,78.02679,0.5752315,7.7476784e-08,0.007109464,0.010944018,0.00017940797
515,0.15372945,0.22967584431171417,0.22678148746490479,0.0,0.6749647,0.91821754,0.06763182,99.399925,698.5603,152.3855,3.3729336,1.7241485,1.7866474,0.9998554,0.19636977,112.29389,0.38926804,4.1824255e-09,7.8710445e-07,0.007831944,2.3508559e-08
516,0.1554313,0.23689907789230347,0.2384934276342392,0.0,0.54460895,0.8865995,0.059017837,99.29618,697.9879,152.81331,3.2576542,2.083895,1.426255,0.99996716,0.18824105,138.90079,0.039121218,1.4883184e-06,4.793446e-06,0.007660667,2.1305993e-08
517,0.15546349,0.24121110141277313,0.23648329079151154,0.0,0.67337453,0.88222873,0.06962046,94.694824,699.115,145.54921,3.4460738,2.4659264,1.0133373,0.9999645,0.18221949,42.440617,0.51510996,3.1127234e-07,2.0054292e-06,0.007873756,2.7261132e-08
518,0.15590361,0.24516025185585022,0.24310778081417084,0.0,0.53943187,0.77528244,0.057421137,99.8448,699.517,152.82234,3.4396482,2.7723155,0.721325,0.9997984,0.18891665,70.33371,0.911205,6.003962e-08,4.4402276e-07,0.007859447,1.2427332e-08
519,0.15576477,0.23798316717147827,0.21427194774150848,0.0,-0.0066763842,0.39968422,0.019689182,98.464806,48.38047,145.66974,3.621285,2.1972783,0.54246426,0.98833174,0.14543875,16.253479,0.66379666,8.562793e-07,0.0009498954,0.011202317,0.00033520523
520,0.15391174,0.22411680221557617,0.22339309751987457,0.0,0.08936527,0.5953165,0.033711843,99.98994,697.17017,160.28984,3.174667,1.701159,1.6849229,0.99971396,0.18532282,143.21045,0.3971528,2.1982776e-06,1.9738436e-06,0.00855164,8.535538e-08
521,0.15871511,0.2356576919555664,0.23992908000946045,0.0,0.5394686,0.8799782,0.06017768,99.87093,695.3098,155.90662,2.9315135,2.2017875,1.2181226,0.99973035,0.17705058,182.22891,0.6789891,6.430952e-08,1.5062594e-07,0.007623382,7.3735805e-08
522,0.15811418,0.2540033161640167,0.22869589924812317,0.0,-0.010289341,0.040513918,0.08889995,88.60036,77.94109,126.04538,4.960827,2.042609,0.4628527,0.99571127,0.15215895,12.378711,0.48529667,7.102698e-07,0.009089822,0.013005343,0.00055518653
523,0.15245149,0.25402218103408813,0.22267286479473114,0.0,-0.00707962,0.33899897,0.020283014,98.26594,281.8913,140.21979,4.453183,2.7000043,0.5228517,0.99889123,0.1269516,150.09833,0.34225056,5.8446826e-08,0.008546674,0.01035369,0.00056291575
524,0.15870805,0.25186726450920105,0.25366052985191345,0.0,0.53969866,0.8193214,0.055865426,98.92354,699.42224,150.79485,3.3073742,2.7638495,0.9115926,0.9995883,0.19105132,61.26224,0.18477285,2.5063892e-07,5.920519e-07,0.0076902094,4.8331845e-08
525,0.15859544,0.25110578536987305,0.22980038821697235,0.0,-0.006336252,0.3853131,0.019407136,97.49229,106.76788,141.61368,3.8342936,2.3173513,0.639889,0.9998661,0.12952751,87.92803,0.6344304,5.687565e-08,0.0028577556,0.010809271,0.00021796681
526,0.15562357,0.23488634824752808,0.23212534189224243,0.0,0.5398133,0.7555107,0.06218602,99.70445,697.10895,151.76186,3.3855274,2.4599667,1.1581523,0.99924237,0.1677815,130.12645,0.64707065,7.7299524e-07,9.3012346e-07,0.007925396,9.958111e-08
527,0.15636092,0.23390483856201172,0.23599357903003693,0.0,0.54086477,0.8202499,0.06039706,99.793884,696.85785,154.7908,3.137944,2.331417,1.1630483,0.9999456,0.18546137,175.6995,0.472057,9.961134e-07,1.1276053e-06,0.0078036455,2.9232888e-07
528,0.15474965,0.24027225375175476,0.23683691024780273,0.0,0.95621085,1.25111,0.07658826,89.413055,686.0878,138.16525,3.2837574,1.6184261,2.13785,0.99939,0.1681659,31.335697,0.098936655,2.6437652e-07,4.457335e-06,0.0072146235,1.1893723e-08
529,0.15585205,0.24851620197296143,0.23434899747371674,0.0,-0.0067550307,0.40941438,0.01724067,97.25312,161.77882,144.92126,3.6508718,1.8982344,0.2480164,0.96917343,0.012091041,50.840855,0.93303037,0.00011315826,1.9485495e-07,0.1274841,0.007842966
530,0.15323578,0.22066941857337952,0.22076956927776337,0.0,0.67331004,0.9628067,0.072126344,97.39863,677.15314,151.75514,3.1627767,1.2940588,2.3234086,0.9957721,0.16742814,26.845331,0.68982935,2.8534018e-07,1.9653042e-05,0.007844127,4.6784848e-07
531,0.15587811,0.25891995429992676,0.2376527041196823,0.0,-0.007499502,0.4012129,0.016857313,99.93109,17.535677,145.39532,3.7414758,2.0071027,0.78380203,0.99991745,0.12253097,21.382622,0.24117832,1.4706723e-07,0.0062172366,0.011885681,1.699068e-05
532,0.15376216,0.22446730732917786,0.21335412561893463,0.0,-0.00687286,0.42053202,0.017548503,99.864685,101.951614,145.5368,3.5842848,1.336625,1.2808261,0.99475133,0.14346913,14.889609,0.027892672,8.4234825e-06,0.005039068,0.01160904,9.8255514e-05
533,0.15539908,0.2451489418745041,0.23751945793628693,0.0,-0.007509061,0.40696406,0.017306007,99.3612,166.22125,145.67125,3.763995,2.0264988,0.8042601,0.9998272,0.11736861,95.3585,0.32117364,3.3354783e-07,0.00831336,0.011089674,7.106282e-05
534,0.15540124,0.23517952859401703,0.23631872236728668,0.0,0.555561,0.93816715,0.055869542,99.15991,695.5213,153.39006,3.098743,2.1214225,1.3819993,0.9998775,0.20729625,85.92398,0.7137578,7.0383486e-08,1.4588035e-06,0.0074814465,3.5276805e-08
535,0.15550227,0.23127321898937225,0.22947494685649872,0.0,-0.00685894,0.53702915,0.0297923,99.97698,118.43648,153.29211,3.120155,2.0703602,1.0301925,0.99944776,0.22265717,85.24784,0.74063945,3.3955182e-06,5.8196288e-06,0.009133511,7.003634e-08
536,0.15568441,0.23948606848716736,0.24626688659191132,0.0,0.08926015,0.58212364,0.035469264,98.849014,627.50885,156.92812,3.0191538,3.4032655,0.64568645,0.9999468,2.868218e-07,38.633835,0.010023149,0.0076586306,1.014018e-08,5.9944683e-05,0.38620728
537,0.15699576,0.2488381713628769,0.220490962266922,0.0,-0.007357496,0.3518517,0.020472731,96.84762,39.361137,135.28085,4.3127666,2.3187482,0.7689231,0.9989309,0.12409964,87.31538,0.95511043,2.5224043e-08,0.012806064,0.011373282,0.00012395356
538,0.1514259,0.23581048846244812,0.2335822433233261,0.0,-0.0069691306,0.5105204,0.035928257,99.91563,121.82467,154.57999,3.030276,1.0999858,2.1819894,0.99984384,0.20499654,157.09012,0.9798519,1.2001844e-06,1.1125754e-06,0.008768516,3.6329826e-07
539,0.15725647,0.24568849802017212,0.23817813396453857,0.0,0.9127458,1.1325514,0.08440948,75.02239,697.50415,124.932465,2.9796329,1.8913219,1.8181769,0.99949795,0.19444735,167.35483,0.4088379,2.1759939e-07,3.209704e-07,0.007626388,2.0191488e-08
540,0.15703127,0.23895098268985748,0.21126000583171844,0.0,-0.00629288,0.4030563,0.019333035,99.718895,97.9529,149.98238,3.5738308,2.5139337,0.16546834,0.9995579,0.1414623,16.381315,0.20831151,5.2252364e-07,0.00023540303,0.012308023,0.00017075356
541,0.15326153,0.2275267392396927,0.22929540276527405,0.0,0.5173231,0.69339347,0.06157281,82.874176,694.1409,133.67435,3.1954181,3.2873974,0.692632,0.99310976,1.0204736e-05,64.92107,0.67932075,0.0074183694,7.3773404e-06,0.0028794126,0.6391158
542,0.15796003,0.24627061188220978,0.24285244941711426,0.0,0.67188394,0.83622015,0.07331208,94.98946,692.1034,146.27043,3.4001472,2.3485637,1.1653227,0.99986076,0.18672882,86.755486,0.4212793,2.9098337e-06,1.692578e-06,0.00766068,4.6328847e-09
543,0.1536132,0.2280561923980713,0.22814470529556274,0.0,0.67218995,0.95890534,0.06325056,99.66553,699.99316,153.77339,3.0843053,1.9831825,1.5183098,0.99975723,0.1834573,127.148506,0.45899442,4.3523205e-08,3.621086e-06,0.0075991196,2.6396003e-07
544,0.15685813,0.2512079179286957,0.25080859661102295,0.0,0.91285115,1.2538421,0.06637143,65.612175,698.7668,116.76711,2.3998327,2.4283762,1.3635119,0.99958336,0.18694504,95.416855,0.59381205,6.503343e-07,3.8602466e-06,0.0069442396,3.3094842e-08
545,0.15321752,0.23198199272155762,0.2308267503976822,0.0,-0.0055168695,0.51376027,0.0453794,99.81031,642.63873,161.088,3.2549808,2.573282,0.5853744,0.99849004,0.17485447,78.691666,0.55331665,5.841361e-07,2.2472425e-06,0.009395195,8.537465e-09
546,0.1568476,0.24474221467971802,0.2225215584039688,0.0,-0.0074482295,0.36816218,0.017980844,99.231186,53.76443,139.3898,4.362323,2.485925,0.40757984,0.9999549,0.12622185,108.23334,0.83864266,2.1704379e-07,0.011601319,0.012156225,7.620521e-05
547,0.15740803,0.25379931926727295,0.22688065469264984,0.0,-0.007309272,0.38378617,0.01929477,98.97782,113.576035,142.5659,3.9363806,1.9293491,0.99538153,0.99907154,0.13965884,102.630455,0.44751862,6.413273e-07,0.0018908655,0.010616529,0.000414273
548,0.15546118,0.24159151315689087,0.21933427453041077,0.0,-0.0056659947,0.41039935,0.017398281,61.59688,71.314835,112.06381,2.4566298,1.4730725,1.3790015,0.99765956,0.12884812,16.983713,0.8044106,4.4521911e-07,0.0010688546,0.010715001,2.2963997e-05
549,0.15421422,0.24629482626914978,0.24510879814624786,0.0,-0.0055465433,0.5277922,0.03874617,99.74808,339.46478,160.46313,3.2030299,1.7891874,1.4749547,0.9974122,0.16435254,18.509182,0.05030263,6.9682874e-06,7.872787e-06,0.009330974,2.445494e-08
550,0.15902768,0.2532511353492737,0.2319159209728241,0.0,-0.007506002,0.39183024,0.016413856,99.22599,64.43181,142.1141,4.0990963,2.106623,0.75752574,0.99996877,0.13939711,123.04609,0.11059463,7.0178305e-07,0.0044869194,0.01169239,0.00028675416
551,0.15824538,0.2380673885345459,0.2379780411720276,0.0,0.53942484,0.7873107,0.0598139,99.41716,697.3819,152.47081,3.2558105,3.2068212,0.14946114,0.99942404,0.18379678,170.9263,0.479806,5.469891e-07,6.782663e-08,0.007790921,1.2640187e-07
552,0.15482087,0.24073854088783264,0.2349877953529358,0.0,-0.006437071,0.44045997,0.017416563,83.0202,50.13896,131.97665,2.8940585,2.7799392,0.019825643,0.9996575,0.010643814,98.25905,0.5331059,6.8330496e-07,1.6100672e-05,0.13756196,0.0047087674
553,0.15481769,0.24617469310760498,0.23274338245391846,0.0,-0.007507461,0.41220382,0.019575665,99.47365,120.789024,148.22395,3.4822373,2.390971,0.38912085,0.9997738,0.13137987,119.99835,0.778205,7.722355e-07,0.0015357432,0.011053801,0.00019807473
554,0.157264,0.24848505854606628,0.2289799004793167,0.0,-0.00938495,0.038866144,0.086556986,98.511536,212.8939,137.7678,5.497296,1.829299,1.0485212,0.99602586,0.16970347,126.99213,0.8971269,2.8340758e-06,0.0006817676,0.011570416,0.0012546252
555,0.1553974,0.2289137840270996,0.22886574268341064,0.0,0.5208808,0.7700166,0.06558528,81.26933,659.45807,134.13037,2.9384782,3.258597,0.3470336,0.9958595,0.16808617,23.027084,0.3179285,5.8141027e-06,5.755293e-06,0.007828857,3.3679154e-07
556,0.15566248,0.2277611792087555,0.22396095097064972,0.0,0.5420082,0.796153,0.06181337,63.88322,693.02435,116.20293,2.5746565,2.346244,1.2140393,0.99927366,0.17127858,23.579367,0.49808377,2.4922498e-05,5.5982614e-06,0.008231863,2.7421422e-07
557,0.15416361,0.23880216479301453,0.2319660484790802,0.0,-0.007249849,0.42487338,0.016641485,94.202385,115.430626,139.10255,3.6396723,1.6206092,1.1294435,0.99917835,0.14078411,16.171711,0.18064655,7.042044e-07,0.006938647,0.011137359,0.0001609781
558,0.15593766,0.2176942229270935,0.2174803763628006,0.0,0.55523455,0.86653996,0.06041053,99.406265,698.0374,154.35387,3.2109802,2.605703,0.93493867,0.9998672,0.1621496,98.363785,0.6490209,5.005668e-07,2.4270196e-07,0.008135923,2.7076881e-08
559,0.15531938,0.2354496270418167,0.228279247879982,0.0,-0.0074043265,0.454684,0.017138364,98.68137,120.3817,151.95183,3.1749253,2.2708263,0.39259666,0.99986434,0.15180603,190.88277,0.44830188,7.773654e-07,3.8283447e-06,0.0106718475,2.3935463e-06
560,0.15574062,0.2350146472454071,0.22826610505580902,0.0,-0.0094833765,0.066476926,0.080074176,99.1372,230.86086,139.12334,5.611111,2.474259,0.4616503,0.99975234,0.16783306,47.724854,0.57415336,1.937635e-06,0.003500878,0.011695514,0.0012490865
561,0.1589711,0.2525056302547455,0.25484874844551086,0.0,0.5454151,0.8875986,0.055874247,99.93969,699.7124,154.62529,3.0516675,1.5858445,2.1179488,0.9999929,0.17897764,73.30571,0.35648337,1.14457244e-07,2.4100228e-07,0.007202334,2.2808965e-08
562,0.15798996,0.24273864924907684,0.22827929258346558,0.0,-0.007388805,0.41960353,0.017363176,79.98937,101.93444,128.71991,2.9529946,1.8960427,0.87347454,0.99890697,0.13612013,16.310535,0.11929772,6.236807e-07,0.004564628,0.011070743,0.00010828296
563,0.1541897,0.24335727095603943,0.24621279537677765,0.0,0.54190767,0.8507602,0.062421847,98.20474,679.2809,153.47911,3.0564957,2.3123858,1.0423279,0.9995478,0.15905325,162.46294,0.8401182,4.2956776e-07,2.0495074e-06,0.007897041,1.05243805e-08
564,0.16096276,0.23609787225723267,0.23671893775463104,0.0,0.5393387,0.7914724,0.06136855,99.23295,699.6017,151.17386,3.4388049,2.5641913,1.1808136,0.99977076,0.19511764,176.38065,0.53749084,7.372968e-07,3.846827e-07,0.007656023,1.3441822e-07
565,0.1605508,0.24156565964221954,0.24132098257541656,0.0,0.5528332,0.83044964,0.05664309,97.57719,699.1764,147.59816,3.4288783,2.5677187,1.2125068,0.99947816,0.21328065,59.31626,0.992642,2.4854467e-06,1.9085412e-06,0.0074967667,5.723759e-08
566,0.1543923,0.24285830557346344,0.24258096516132355,0.0,0.08935634,0.63868845,0.031697586,99.92167,695.37805,161.24396,3.0562525,2.1961908,1.3065683,0.999827,0.16803621,142.17343,0.73106384,2.8210906e-07,1.4006418e-06,0.008395382,4.227118e-09
567,0.1506324,0.2385467141866684,0.23678886890411377,0.0,0.08924304,0.58988154,0.031162966,99.953835,694.92865,159.9507,3.2076569,2.2314615,0.9455868,0.9998665,0.20547019,40.6137,0.71226424,2.5316115e-07,5.178576e-07,0.008739339,7.079384e-09
568,0.1558534,0.2506474554538727,0.23961849510669708,0.0,-0.0074729994,0.4076065,0.017292097,96.30681,115.14942,140.88785,3.591781,2.0610023,0.87217015,0.9999023,0.12680009,191.34149,0.28619072,3.7820058e-08,0.0038295558,0.010503697,0.00039213308
569,0.15509203,0.2270345687866211,0.2253381460905075,0.0,0.84202194,1.1144308,0.07130548,98.21236,697.57324,151.15833,3.0994017,1.4989074,1.8803203,0.99972874,0.17283277,64.3503,0.33099473,4.855365e-07,1.8987852e-06,0.0075824684,9.264084e-09
570,0.15673633,0.2505786418914795,0.2519338130950928,0.0,0.51180273,0.7669681,0.062226843,99.83756,697.91266,152.39565,3.289368,1.949475,1.7161931,0.99912745,0.17646046,58.786495,0.23980036,3.7105725e-08,3.021091e-07,0.0074163084,9.036444e-08
571,0.15472704,0.2571089267730713,0.23801538348197937,0.0,-0.006936463,0.38534954,0.019009754,94.69332,326.915,142.33928,3.6601694,2.7864175,0.40708414,0.9996893,0.13462283,128.2122,0.01965282,2.0444527e-06,0.00968138,0.010269605,0.00026400757
572,0.15800606,0.24297960102558136,0.22720538079738617,0.0,-0.007447838,0.38865545,0.017005295,99.19212,14.629024,142.99791,4.137403,2.7045562,0.26955366,0.999717,0.11523025,72.52948,0.44816944,6.241572e-07,0.005354573,0.011944624,0.00012044886
573,0.15402406,0.2430330365896225,0.2101922631263733,0.0,-0.006115339,0.3588281,0.020748626,99.984055,92.054115,141.74274,4.2871027,2.2052681,0.59437555,0.999768,0.10806699,136.05818,0.6720367,2.0015169e-07,0.0011007927,0.011471541,0.00053181633
574,0.15356271,0.24946552515029907,0.23392353951931,0.0,-0.0074348943,0.3892179,0.017244242,99.98541,241.68912,145.64386,3.9957767,2.491829,0.506485,0.9999502,0.11417059,164.79933,0.45459563,5.293394e-08,0.006627068,0.010933194,0.00035510684
575,0.15605256,0.2534780502319336,0.2217087596654892,0.0,-0.006295183,0.38447046,0.01781259,99.86834,119.72242,147.69629,3.9969358,2.5942357,0.08196636,0.9996106,0.12526792,90.71444,0.74848205,2.0232955e-07,0.0017804313,0.012604729,7.2908384e-05
576,0.15244344,0.24004799127578735,0.237252339720726,0.0,0.5441582,0.7958948,0.06313422,91.355606,686.90436,143.91174,3.1696465,1.8714883,1.4396068,0.99854445,0.17676419,22.846706,0.19141883,1.184138e-06,6.7057904e-06,0.007889464,4.0309303e-08
577,0.15284473,0.24897418916225433,0.21054984629154205,0.0,-0.00700625,0.32501966,0.023499165,99.786705,86.637,138.38977,4.8186054,2.3360894,0.5076055,0.9999242,0.12090191,162.85803,0.45677897,5.430648e-07,0.009451878,0.012404571,0.00010008349
578,0.1558454,0.23114334046840668,0.2303934097290039,0.0,0.5438508,0.85156554,0.056197304,95.77213,696.79846,148.10197,3.3356328,1.7963158,1.6134762,0.999416,0.19889733,141.86353,0.36927232,7.637308e-07,8.181052e-07,0.007907357,1.5394495e-07
579,0.1585316,0.22996966540813446,0.22745536267757416,0.0,-0.0058193393,0.46174344,0.055321362,99.88712,595.124,160.07463,3.143157,2.4908001,0.9693395,0.99984235,0.15469228,41.05875,0.35523897,2.773474e-06,3.055805e-07,0.008991022,5.097416e-08
580,0.15742697,0.24523867666721344,0.2476549744606018,0.0,0.53930444,0.81203294,0.05838795,84.68528,693.3853,138.03056,2.8678901,2.2999954,1.2312238,0.99980295,0.17614204,19.231289,0.029155072,1.9878407e-06,2.7879398e-06,0.007690425,1.9416652e-07
581,0.15650296,0.23908458650112152,0.24128976464271545,0.0,0.67153084,0.9924193,0.06558986,98.777176,695.64294,151.71495,3.083984,2.156273,1.3896114,0.99814713,0.18265072,26.434998,0.8774788,4.3450964e-06,1.1351648e-05,0.0070687635,4.2487318e-07
582,0.15311559,0.23873035609722137,0.22594662010669708,0.0,-0.006961507,0.41721225,0.019540222,99.73862,122.57192,150.51286,3.293404,1.6609801,1.0336837,0.9992326,0.13108952,117.57212,0.780749,1.6218712e-06,0.0017684096,0.01083066,0.0001539416
583,0.15729253,0.2304050326347351,0.23419952392578125,0.0,0.5395705,0.8560662,0.056227017,97.033516,699.12354,151.21889,3.039215,2.100232,1.3435382,0.9995367,0.21724057,81.57334,0.19760515,9.13326e-07,2.423806e-06,0.0075571677,1.9251225e-08
584,0.15116474,0.22578680515289307,0.22956262528896332,0.0,0.5397708,0.8812142,0.05781572,99.9827,699.12335,155.39127,2.9977334,2.1217122,1.3672822,0.9995791,0.19206062,184.77756,0.7069283,3.761748e-08,2.4120894e-07,0.0073454212,2.5947152e-08
585,0.1544045,0.2403050810098648,0.24320939183235168,0.0,0.53948647,0.8385961,0.061407052,99.765175,699.588,153.4373,3.2337217,1.1185241,2.4392178,0.99997824,0.16501725,90.6347,0.9991403,6.2129923e-09,1.32934e-06,0.00740457,2.139222e-08
586,0.16027603,0.2531648874282837,0.2470153123140335,0.0,-0.00726631,0.45656332,0.016588612,70.82983,92.47745,123.8462,2.48492,2.0765312,0.9024507,0.99939775,0.17027786,15.948897,0.30232453,4.6424548e-06,9.288285e-05,0.010071301,6.741049e-05
587,0.15420182,0.2623516023159027,0.2518586814403534,0.0,-0.0064166817,0.40953588,0.019328194,99.64598,441.50323,150.6908,3.453082,2.2933347,0.82776034,0.99854285,0.11954012,76.07169,0.4172637,1.2148317e-06,0.0073452354,0.009979514,0.0002559778
588,0.15499075,0.2539447844028473,0.24363137781620026,0.0,-0.0073277596,0.42400008,0.017173592,95.49287,6.4232883,141.7692,3.343782,2.1585436,0.72125906,0.99989146,0.1552793,95.19983,0.87104726,2.0119144e-07,0.006250754,0.010532969,6.970029e-05
589,0.1601521,0.23828846216201782,0.23796328902244568,0.0,0.67416495,0.9897594,0.06420115,99.865265,695.478,153.0285,3.1202788,1.6782218,1.9735798,0.9983123,0.2117244,64.47414,0.33400142,7.8861734e-07,9.136991e-07,0.007319159,4.9523425e-08
590,0.15585685,0.23559653759002686,0.22872285544872284,0.0,-0.0073116524,0.4229613,0.017511105,87.181656,93.74359,134.21458,3.1034453,1.4928058,1.08375,0.9999761,0.13480139,16.915987,0.4278744,5.3864032e-06,0.004874357,0.010827353,5.3294487e-05
591,0.1552533,0.23232817649841309,0.2278369665145874,0.0,0.67516935,0.9734722,0.062869675,99.934235,699.6542,152.84534,3.532985,1.7329626,1.8309315,0.99998975,0.17839633,135.52016,0.36305594,7.1839594e-08,4.648862e-08,0.008095299,1.9175994e-08
592,0.15632595,0.23399928212165833,0.23149770498275757,0.0,-0.0069908937,0.5184692,0.039661057,97.40153,440.1207,158.90897,2.9756482,1.5089797,1.8815815,0.99915373,0.18472624,17.64812,0.685647,2.0825232e-06,2.8533008e-05,0.008653054,6.5482567e-07
593,0.15818997,0.23683485388755798,0.23382169008255005,0.0,0.67534006,0.92710525,0.07379452,99.91964,696.2623,154.6899,3.1629572,2.133417,1.1215823,0.99975485,0.15424818,126.77327,0.27605042,1.6447062e-07,4.6424248e-07,0.008242085,1.6964792e-08
594,0.15452984,0.2448609471321106,0.225166454911232,0.0,-0.007269824,0.38297004,0.022391032,93.20579,112.09425,136.90205,3.6559315,1.8166131,1.106322,0.99994946,0.11894531,44.288544,0.4442891,3.9440818e-07,0.007444505,0.010983076,8.008087e-05
595,0.15274523,0.24853107333183289,0.22801262140274048,0.0,-0.007318682,0.40899044,0.0203668,74.426056,93.97278,123.32564,2.836705,2.8731942,0.028663548,0.99936897,0.1250947,15.705575,0.07580022,8.033077e-07,0.0028290139,0.011248735,0.00012477809
596,0.1553908,0.23648026585578918,0.22881780564785004,0.0,-0.007156635,0.40956423,0.06359651,99.91274,282.00385,158.53645,3.3388412,0.35206607,2.5859647,0.9961947,0.18898569,13.229812,0.0646388,9.646265e-06,3.588467e-05,0.010022216,1.5130114e-08
597,0.15547599,0.24145406484603882,0.2205067276954651,0.0,-0.007407536,0.40405476,0.017362047,99.63024,121.8096,146.99825,3.6183531,2.1339765,0.6182608,0.9997919,0.12482402,34.131794,0.6890422,7.782065e-08,0.002457454,0.011550314,0.00024606538
598,0.15444705,0.23401658236980438,0.23298145830631256,0.0,0.67133814,0.9275862,0.0680335,99.56698,696.8953,151.83652,3.3248475,1.9581745,1.4379659,0.9992699,0.19243567,65.41199,0.36069065,9.58142e-07,1.1653474e-05,0.0075448854,6.741499e-07
599,0.15884809,0.2656855881214142,0.230446457862854,0.0,-0.007194803,0.35211334,0.020440584,99.54749,67.91841,142.26982,4.2849054,2.3322785,0.43205264,0.99974823,0.12975545,58.276497,0.13630876,1.2890246e-07,0.0027001828,0.012017795,0.0003205516
600,0.15667373,0.2530001401901245,0.24757450819015503,0.0,-0.007516828,0.43206018,0.01654765,66.5878,23.470457,112.31269,2.6040394,2.323845,0.57739633,0.9999829,0.13275379,157.32376,0.41482368,5.037856e-07,0.007183532,0.010816069,1.6006104e-05
601,0.15506199,0.23957957327365875,0.216391921043396,0.0,-0.010287479,0.047268152,0.08371018,99.9466,218.92186,139.62616,5.4444127,2.6660419,0.28450793,0.99994135,0.15049887,87.21943,0.5635888,3.3653083e-07,0.0061540576,0.012406992,0.0010729716
602,0.15408552,0.2289930284023285,0.22992435097694397,0.0,0.5121184,0.77844423,0.06025048,97.06918,676.1159,149.6074,3.287826,1.3393043,2.1844547,0.9981595,0.1960157,22.033379,0.8595079,1.7691899e-07,4.476088e-06,0.007776128,5.4207186e-07
603,0.15787739,0.24123765528202057,0.24029143154621124,0.0,0.089395,0.6010181,0.033651546,99.89293,697.7213,158.95912,3.1942782,3.2439945,0.15917897,0.99986815,0.16848591,132.05446,0.5885301,3.972282e-10,8.00186e-07,0.008537974,2.8051595e-08
604,0.151374,0.22669976949691772,0.21977277100086212,0.0,-0.0069069653,0.43769827,0.01736545,99.99638,118.96599,151.77411,3.217683,2.0089245,0.5311342,0.9930173,0.13911691,17.135525,0.53304815,1.3127403e-06,0.0013416102,0.011187789,0.00030299916
605,0.1577272,0.2554362714290619,0.2314194291830063,0.0,-0.0075023905,0.4182315,0.017441152,99.88123,77.81693,150.53693,3.3340762,1.8671055,0.8543132,0.9999702,0.13033497,124.47876,0.3154731,2.1540036e-09,0.00067883835,0.011380971,6.377378e-05
606,0.15292789,0.22302937507629395,0.21899300813674927,0.0,0.08507392,0.44561654,0.024236156,48.831482,529.342,108.785706,1.9166301,1.766489,1.1992543,0.9920082,0.13332649,17.088081,0.25947535,1.1766583e-05,0.0026710755,0.010503342,6.7549736e-06
607,0.1547654,0.23593080043792725,0.2301299124956131,0.0,-0.0070462036,0.43802094,0.01727465,92.34919,111.5891,139.71463,3.3103166,2.1275518,0.6492458,0.9997082,0.1661837,30.273222,0.47004116,1.5525329e-06,0.0063802362,0.010351715,2.3182697e-06
608,0.15504979,0.24535971879959106,0.24641796946525574,0.0,0.5405013,0.7971082,0.059919547,99.41104,699.68585,152.16626,3.2713065,2.8882856,0.6813287,0.9995315,0.18412492,128.95934,0.36488098,5.3225943e-07,7.480225e-06,0.0074059204,1.6143007e-08
609,0.15220568,0.2373463213443756,0.23859751224517822,0.0,0.54493177,0.8570719,0.06602601,99.292206,688.32477,154.74892,3.17605,1.7718573,1.9677674,0.998771,0.19620797,19.237127,0.026108112,8.999474e-06,1.3410521e-05,0.007695331,2.8014291e-08
610,0.15559524,0.24746635556221008,0.2296549379825592,0.0,-0.0073046186,0.40765205,0.016790582,99.85997,71.67394,144.50224,3.8200076,1.860386,1.1771926,0.9999694,0.12705205,147.48212,0.974186,2.4757375e-07,0.004205078,0.010714621,0.0001136503
611,0.15226114,0.2420993596315384,0.23976224660873413,0.0,0.088958316,0.57581383,0.031829517,99.9743,687.5898,159.85747,3.0299985,3.2832153,0.038257655,0.9999429,0.008404535,169.01349,0.38071498,3.9011766e-07,1.1632152e-08,0.17372623,1.2596738e-06
612,0.15790012,0.23252564668655396,0.23307915031909943,0.0,0.5114468,0.754417,0.05421024,99.328514,698.4535,152.71188,3.2253845,2.3425748,1.2034407,0.999762,0.21913622,165.60895,0.9451566,3.9207103e-07,1.8058957e-06,0.0077139395,3.5670473e-07
613,0.1551224,0.24359466135501862,0.2232910841703415,0.0,-0.0067272447,0.38859743,0.017511904,99.54126,17.978622,143.25368,4.1637464,2.2716424,0.57982355,0.99978614,0.11639195,98.64842,0.43279088,1.02841e-06,0.0010428772,0.011663397,0.00038914973
614,0.15744564,0.23551958799362183,0.23388221859931946,0.0,0.6720796,0.90197283,0.07266761,99.64386,699.49945,151.54451,3.4433372,3.3641725,0.066166155,0.999945,0.18113399,183.90347,0.84798354,1.6853858e-07,1.4345953e-06,0.007834425,3.3490583e-08
615,0.15546626,0.24608491361141205,0.2456645667552948,0.0,0.6717939,0.9602496,0.058295455,88.469284,699.77374,139.5492,3.235923,2.259161,1.3053663,0.99993294,0.20142454,44.048515,0.9864406,1.356267e-07,1.3868183e-07,0.0074797305,1.4793901e-08
616,0.15458499,0.24862638115882874,0.24712063372135162,0.0,-0.00638656,0.4934868,0.055129606,97.85981,666.04565,160.47269,3.230063,1.0373651,2.122255,0.9683541,0.18656567,17.39881,0.28318858,1.5485264e-05,3.9423474e-05,0.00954038,1.937045e-06
617,0.15604326,0.24275299906730652,0.2247047871351242,0.0,-0.007473343,0.40484303,0.01766367,99.51908,21.95712,144.81033,3.7910473,2.3795948,0.45381215,0.99962515,0.13838367,73.91678,0.44662216,4.5476796e-07,0.003789023,0.011015312,9.9798825e-05
618,0.15677604,0.23777979612350464,0.23021288216114044,0.0,-0.0074501955,0.45332038,0.019162074,81.25338,27.070618,133.3345,2.653949,1.5212487,1.3765839,0.99992204,0.15413725,194.97372,0.1590472,2.0798177e-07,3.9827646e-05,0.009852444,1.9598856e-06
619,0.15416177,0.2402264028787613,0.22538034617900848,0.0,-0.007351393,0.40073493,0.017631538,99.47049,120.1858,144.39677,3.7209425,2.1767566,0.64333045,0.99991006,0.1573884,73.42183,0.23474969,5.417243e-08,0.009342631,0.011225483,0.0001406576
620,0.15257744,0.23766541481018066,0.2344292849302292,0.0,-0.005626282,0.44111514,0.05716681,99.93941,322.8943,160.16603,3.148759,2.6020248,0.51884323,0.99983746,0.18242858,103.13878,0.51323247,4.8768385e-08,7.251184e-07,0.009590512,2.5919269e-08
621,0.1554069,0.2121940404176712,0.2093425691127777,0.0,0.54530346,0.7926005,0.058286928,99.98249,691.0686,151.5161,3.496631,1.3313723,2.2107687,0.99881697,0.20178366,37.03983,0.6561923,9.238951e-07,2.0955654e-06,0.007852292,3.8269948e-07
622,0.1558201,0.2579984962940216,0.24219372868537903,0.0,-0.0074340496,0.40373832,0.017324038,99.86729,119.85978,144.67686,3.7251985,2.0576289,0.78196776,0.999869,0.1488101,187.96634,0.8394496,1.2484018e-07,0.007106272,0.010642289,0.00013829337
623,0.1569,0.23281243443489075,0.22066166996955872,0.0,1.0029536,1.2858114,0.07771325,90.63792,648.7599,138.62148,3.612051,3.2439935,0.26287085,0.99993515,0.17563617,29.569239,0.027114164,5.747153e-06,1.6813354e-05,0.0077090934,8.969818e-08
624,0.15672444,0.24395959079265594,0.24257144331932068,0.0,0.84367436,1.0720557,0.07358962,70.68997,651.0884,122.412994,2.746823,2.9714365,0.6613249,0.9968166,0.17606634,27.595942,0.32762825,1.0496389e-05,3.0287902e-05,0.007409674,1.2222569e-07
625,0.15944055,0.24018841981887817,0.2392055243253708,0.0,0.67162347,0.9421951,0.065670975,98.464615,695.4696,150.1167,3.377281,2.1656246,1.3929132,0.99984753,0.18878639,81.997505,0.9473508,1.6380409e-06,5.7179795e-07,0.007912561,3.8080717e-08
626,0.15409598,0.24587637186050415,0.2373824268579483,0.0,-0.0072691725,0.40835586,0.01678979,99.312355,112.20944,141.65646,4.0853705,1.7389613,0.97608197,0.99971557,0.14314328,35.305405,0.043376483,2.3475961e-06,0.006120371,0.011124295,0.000313835
627,0.15744002,0.24194438755512238,0.2290419638156891,0.0,-0.0073852944,0.41097113,0.017567515,99.18504,43.81489,143.18343,3.9036436,2.1438365,0.6623915,0.99848896,0.140643,16.609215,0.3007905,9.795095e-07,0.005918219,0.011544638,6.0404625e-05
628,0.15429224,0.23092365264892578,0.23520919680595398,0.0,0.5396128,0.89646,0.057051927,99.855576,697.46954,155.77104,3.0455468,1.3768632,2.092165,0.9991344,0.17713645,147.72462,0.5240482,6.8742105e-07,5.248939e-06,0.007728046,2.1590772e-08
629,0.15314196,0.24560949206352234,0.2353605031967163,0.0,-0.007095246,0.41938436,0.016994607,41.62602,125.148224,101.47644,1.7467545,1.7964325,0.9953326,0.9881118,0.14361373,15.949185,0.25840616,2.5150644e-06,0.00022447965,0.011229694,0.00015148232
630,0.1562096,0.2563636302947998,0.259709894657135,0.0,0.6716668,1.0010943,0.06284681,99.1047,697.5232,152.95749,3.1680605,1.8956002,1.5881809,0.99977803,0.182677,32.783436,0.65607464,9.2911556e-08,2.4874635e-06,0.0073673823,3.1074595e-08
631,0.15332133,0.24164962768554688,0.24328003823757172,0.0,0.55428725,0.9015268,0.057494257,99.95218,686.87164,154.3936,3.102029,1.3501045,2.1311038,0.99999636,0.18297826,113.72473,0.5867552,7.24132e-07,1.8859957e-07,0.007341379,1.643969e-07
632,0.1553002,0.2481646090745926,0.247909277677536,0.0,0.089002125,0.61413616,0.030293526,99.863976,691.44025,160.94356,2.9513998,1.9503733,1.4882673,0.99986446,0.19610204,19.076265,0.7949995,3.663037e-06,1.0154753e-06,0.008183355,5.619267e-08
633,0.15456846,0.25624918937683105,0.2235896736383438,0.0,-0.007172182,0.3201434,0.02507991,99.84435,39.729195,138.12277,4.5711613,2.7216272,0.29311353,0.9998811,0.10969986,97.817406,0.09492492,8.011659e-08,0.0006913043,0.010881697,0.00095451355
634,0.1519236,0.24396838247776031,0.22561192512512207,0.0,-0.0062190765,0.07728985,0.08012102,99.802605,242.95145,139.44733,5.7521887,2.747219,0.12228966,0.99984443,0.14645573,126.67037,0.2813256,1.4265122e-06,0.0061344295,0.012203227,0.001001991
635,0.158819,0.2553575336933136,0.22533461451530457,0.0,-0.007249718,0.38428926,0.018803332,99.34355,21.290932,144.87212,3.6754057,2.5586197,0.45701715,0.99985474,0.12909907,56.732117,0.43634504,7.554813e-07,0.003159945,0.011120052,0.00017925832
636,0.15653045,0.24968355894088745,0.2510518729686737,0.0,0.67118573,0.97948575,0.061637253,99.304855,699.8119,151.29515,3.2035768,1.5708411,2.0005896,0.9999635,0.17053105,69.74453,0.67485106,1.364376e-07,2.5472485e-07,0.0072326805,1.4458553e-08
637,0.15353051,0.2517947554588318,0.2113010436296463,0.0,-0.010029864,0.09356671,0.07278428,99.42218,32.83851,135.25412,5.35652,2.1804476,0.6706077,0.99927276,0.140438,82.30156,0.40092742,1.3095244e-07,0.015637595,0.013021853,8.683321e-05
638,0.15716496,0.22129446268081665,0.21740204095840454,0.0,0.089052714,0.5931653,0.037233695,98.32527,593.6144,158.06534,3.3414874,2.920882,0.58004236,0.9953978,0.15096733,20.902092,0.16759568,2.9085131e-06,1.7026593e-06,0.009455369,1.3707539e-07
639,0.1554763,0.22329920530319214,0.2255760133266449,0.0,0.54461557,0.8515211,0.06059393,99.98981,697.0937,154.77014,3.0915244,1.6697065,1.7688104,0.9996532,0.20003031,103.72121,0.7996527,4.720413e-09,2.6423322e-07,0.0076823835,4.994502e-08
640,0.15772645,0.22247634828090668,0.22251716256141663,0.0,0.84202576,1.1543431,0.07511673,99.53783,699.19775,153.82286,3.0231116,1.3153347,2.3017604,0.99925953,0.14833304,90.6737,0.5262631,3.1499368e-07,1.1946096e-06,0.007393195,1.8519049e-07
641,0.15245678,0.232281893491745,0.2351580113172531,0.0,0.54452235,0.87970436,0.06107199,99.92061,696.492,154.83496,3.0979943,2.582763,0.9169604,0.9996513,0.19647126,158.17049,0.3926478,2.89171e-06,2.6690284e-06,0.007539671,5.970518e-08
642,0.15405072,0.25187626481056213,0.2171793133020401,0.0,-0.009613231,0.12555271,0.06259564,99.42948,198.44614,138.82396,5.2843475,2.7344263,0.23278253,0.9996769,0.15605843,74.13536,0.13307881,6.461601e-06,0.018637488,0.012403992,0.000263204
643,0.15271994,0.22754089534282684,0.21647639572620392,0.0,-0.0074408366,0.40995857,0.017536432,99.03422,116.85006,142.64919,3.7951837,1.9920323,0.78730184,0.99987173,0.13351408,116.83899,0.8702618,1.2855518e-06,0.005472468,0.010807938,0.00021082783
644,0.15847753,0.24904325604438782,0.24565957486629486,0.0,0.67245287,0.906239,0.060115203,99.1655,699.68463,148.97107,3.713983,1.704112,1.9064976,0.99941975,0.17858806,43.079926,0.7975449,1.9798559e-07,3.2672875e-07,0.007555026,2.1401439e-08
645,0.1557292,0.23432733118534088,0.2362254559993744,0.0,0.53938276,0.834631,0.062665954,98.15873,698.6632,153.26111,3.0988472,1.4303584,2.0428157,0.9997645,0.1918391,54.32631,0.67198443,4.4581906e-08,1.3196931e-06,0.007943585,3.110082e-08
646,0.15822501,0.22179153561592102,0.2206066995859146,0.0,0.91274554,1.2612598,0.070549615,66.88099,695.00433,119.6753,2.335266,2.0614567,1.3437421,0.9999622,0.17435178,142.78772,0.61785316,1.6087691e-07,3.763312e-07,0.0076081287,1.3754457e-07
647,0.1536665,0.23690760135650635,0.23571214079856873,0.0,0.5554732,0.8181382,0.061717074,99.90514,699.084,151.28827,3.5043442,2.4980526,1.0714431,0.99995595,0.17789614,113.468414,0.84896463,5.9970944e-07,3.4637702e-07,0.007830363,3.7349377e-08
648,0.15658608,0.2533292770385742,0.23382239043712616,0.0,-0.0073646405,0.41716874,0.019307163,95.489075,123.33079,147.51434,3.2720633,1.9117507,0.83270407,0.9990374,0.13318214,16.918152,0.6398719,1.1142698e-06,0.0005203084,0.011290139,3.4632347e-05
649,0.15411147,0.2318686693906784,0.22148455679416656,0.0,-0.006841629,0.41915962,0.017497187,78.61982,99.380455,127.928314,2.8690846,2.199691,0.7323066,0.99938166,0.12421097,79.88625,0.6430363,4.5080418e-07,0.0032921662,0.010910789,0.00010105608
650,0.15344006,0.24068360030651093,0.23891492187976837,0.0,-0.005672354,0.4210398,0.06636451,99.52975,615.63745,161.93642,3.1381955,2.1937582,0.9958731,0.9993943,0.17211929,169.6829,0.36084569,5.860568e-07,4.8952586e-07,0.009273948,4.821744e-08
651,0.15416043,0.2394656240940094,0.23885123431682587,0.0,-0.0060319714,0.5115124,0.04686361,99.49912,19.473093,155.3193,2.9427733,2.374233,1.3189788,0.99973303,0.17896491,11.914781,0.013051062,2.546484e-06,9.483816e-06,0.008994605,5.295284e-07
652,0.16014676,0.2573183476924896,0.25239098072052,0.0,0.9135464,1.2818235,0.06660663,83.36609,679.35675,135.09921,2.66748,1.9699914,1.7776341,0.99985564,0.17538235,76.79733,0.18604395,1.2137284e-07,6.361952e-07,0.0066065593,2.7627925e-08
653,0.15437032,0.215152770280838,0.21239542961120605,0.0,0.08941981,0.60551023,0.03480384,99.86728,698.9341,161.60004,3.2057743,2.0881765,1.0221889,0.9995229,0.17092763,60.645218,0.6133303,1.5669538e-07,6.3897386e-07,0.009547551,3.4831448e-08
654,0.15737997,0.24724210798740387,0.23711128532886505,0.0,-0.0075121275,0.42625886,0.016864063,99.56568,120.15039,147.52667,3.5557494,2.486285,0.43875033,0.99998057,0.14788046,53.016033,0.7451134,8.738373e-09,0.0032246008,0.010662075,0.00011506829
655,0.15718655,0.23768021166324615,0.23102053999900818,0.0,0.5408758,0.750551,0.06147229,99.45041,699.9523,150.81273,3.4704828,1.7620167,1.6615558,0.9999295,0.1545413,137.83379,0.5772866,3.3342698e-07,1.9521203e-06,0.008265218,7.439767e-08
656,0.14839377,0.2467423677444458,0.22573761641979218,0.0,-0.03613882,0.37068582,0.016649041,72.671234,93.412964,121.0437,2.719717,2.3455455,0.44748786,0.9997821,0.1338479,108.45288,0.6663865,3.5958556e-07,0.009085503,0.011153782,1.3811462e-05
657,0.15663388,0.23254059255123138,0.23002590239048004,0.0,-0.0058263633,0.49803814,0.038901664,99.364,321.74805,158.70117,3.2418237,2.3880744,0.7383453,0.9992704,0.19034518,56.088352,0.22349532,1.2364199e-05,3.4635618e-06,0.009102008,2.8874754e-07
658,0.15856656,0.24851423501968384,0.2465260773897171,0.0,0.5451389,0.81637,0.060633287,96.75579,695.909,148.79445,3.4647968,2.447596,1.1584979,0.9999487,0.1640817,137.45598,0.8334496,1.9423709e-07,3.5559816e-07,0.007953287,2.2351897e-07
659,0.15252459,0.25318849086761475,0.23724618554115295,0.0,-0.007400719,0.38665235,0.017507676,99.67602,28.515837,141.24663,3.9952066,1.9911566,0.8328672,0.99993867,0.117991716,155.96048,0.11667417,7.602983e-08,0.006147932,0.011190419,0.00037632
660,0.15491487,0.2530866861343384,0.2543330788612366,0.0,0.51246816,0.77749324,0.06145335,96.99588,697.1268,150.95322,3.2127976,1.9266323,1.479751,0.9992338,0.17747031,182.40309,0.5192427,1.6997822e-06,2.8494158e-06,0.007918578,4.090165e-07
661,0.15467122,0.24442648887634277,0.22699736058712006,0.0,-0.0074416334,0.39953932,0.018562134,96.69171,115.63454,140.08879,3.6245708,1.8453447,1.1800807,0.9998471,0.15616056,158.83778,0.2896252,6.244482e-07,0.0095690265,0.010144878,0.00010441094
662,0.15565047,0.24439792335033417,0.23436971008777618,0.0,-0.0073721344,0.443413,0.017189711,99.244125,26.766794,150.1744,3.2758832,1.7187294,0.9589301,0.99955285,0.14895956,157.29279,0.48596817,3.5032667e-07,3.059625e-05,0.010964277,0.00013096507
663,0.15629493,0.2332860380411148,0.23047217726707458,0.0,0.8427613,1.0932992,0.06781162,98.57985,697.90735,149.9505,3.3950737,2.0907304,1.5076844,0.9997115,0.17539804,44.769604,0.35939825,1.5309982e-07,3.7133125e-06,0.0075311554,6.0134184e-08
664,0.1532479,0.24158568680286407,0.24222736060619354,0.0,0.08918223,0.6147991,0.031929508,99.80316,698.5667,160.47179,3.0784833,2.6293552,0.65387017,0.9985537,0.1923352,190.59668,0.45108414,2.4221665e-06,3.5518195e-07,0.008459115,3.3257557e-08
665,0.1545409,0.2312360554933548,0.22507573664188385,0.0,-0.0074573145,0.43046105,0.017073032,99.097694,43.858044,144.55946,3.6267164,2.1443985,0.69321305,0.9997441,0.15529548,55.66938,0.51066977,6.856853e-07,0.0074989623,0.010886709,4.368357e-05
666,0.15272588,0.23169216513633728,0.22015425562858582,0.0,-0.0072324765,0.42299172,0.017456971,98.48455,106.94077,144.5797,3.5572307,2.0521379,0.76317906,0.999965,0.13916,165.62602,0.35958296,7.3143475e-08,0.0026593334,0.010626129,0.00023333679
667,0.15770721,0.24917113780975342,0.242118239402771,0.0,-0.007481357,0.41000426,0.015994392,99.89094,248.10732,147.36253,3.8652701,2.2861118,0.7547235,0.9998681,0.12817825,41.35843,0.103399254,9.030374e-08,0.010862677,0.011598184,6.642742e-05
668,0.15502451,0.2549079954624176,0.2515341639518738,0.0,-0.0055402927,0.5511555,0.029776609,99.88122,42.591496,153.04117,2.9550912,2.3864145,0.8591587,0.99947375,0.18844855,84.3784,0.5229408,5.1076082e-08,7.620134e-07,0.008336546,6.888532e-09
669,0.15578678,0.23999443650245667,0.21235106885433197,0.0,-0.007374197,0.3912511,0.01975602,99.93451,118.82009,148.5375,3.6906223,2.7118666,0.082098454,0.9998927,0.11640828,181.74019,0.9009715,3.82236e-07,0.0036083295,0.012025594,3.3004624e-05
670,0.15229183,0.24292674660682678,0.24102281033992767,0.0,0.9130196,1.2163148,0.08100613,99.50594,699.4737,152.29355,3.1318371,2.2236457,1.2943664,0.9999642,0.16105482,128.26515,0.89410466,3.6041757e-07,8.991636e-07,0.00731274,9.803649e-08
671,0.15380259,0.24447882175445557,0.2436850517988205,0.0,0.5724064,0.73786575,0.05482721,89.88088,693.0125,135.47536,3.5097773,4.3905683,10.89212,0.9990963,4.4829437e-07,47.370533,0.0124518415,0.00577757,1.9500374e-07,0.0009559167,0.7347609
672,0.15525712,0.238608717918396,0.2402390092611313,0.0,0.41331297,0.67946476,0.06115621,99.9974,696.09045,154.72426,3.3104634,2.168577,1.387524,0.99987984,0.18423101,31.60512,0.73683745,3.0569325e-07,4.9310875e-06,0.008010661,4.3521243e-08
673,0.1561906,0.24528168141841888,0.22879157960414886,0.0,-0.0072349086,0.4034757,0.017343005,98.6308,87.2801,142.63477,3.9803102,2.1731966,0.6637848,0.99853504,0.15807965,75.22548,0.75628465,6.695972e-07,0.0018614598,0.010920674,0.00025573003
674,0.1566767,0.24299213290214539,0.24370960891246796,0.0,0.67254406,0.93057865,0.07001846,99.61274,691.6894,152.33325,3.3272471,3.2565167,0.41480654,0.99921936,0.19453195,95.82856,0.33843493,1.4427144e-07,8.7191836e-07,0.0074044014,3.0681672e-08
675,0.15643081,0.23623818159103394,0.21465948224067688,0.0,-0.007495307,0.40209964,0.017609617,99.90555,30.195515,142.96458,3.9757845,1.93691,0.9667626,0.9999499,0.1297324,148.52306,0.91874105,2.49265e-07,0.0050639687,0.010987637,1.5693615e-05
676,0.15260123,0.24117307364940643,0.2459292709827423,0.0,0.54095304,0.881222,0.06174186,99.17755,697.849,156.41554,2.9383256,1.5775594,1.8511845,0.99963886,0.16530377,193.68394,0.46927118,4.20901e-07,1.9724146e-06,0.0076097674,2.640538e-08
677,0.15377948,0.24190105497837067,0.23468749225139618,0.0,-0.0060598096,0.44976324,0.017236324,78.53445,97.719864,131.78514,2.7012553,1.3814511,1.4725823,0.9979214,0.15267307,16.63256,0.37109184,4.9101445e-06,4.4360324e-05,0.010382284,8.14201e-05
678,0.15945481,0.23378682136535645,0.2366752326488495,0.0,0.51159155,0.79438704,0.05908767,99.69774,695.86884,153.0974,3.2175605,3.127737,0.42843634,0.99785,0.20308289,146.17944,0.39203897,1.4862978e-06,2.5252955e-06,0.007402,1.1821879e-07
679,0.15953293,0.24957455694675446,0.24752391874790192,0.0,0.67369854,0.89857465,0.067969404,98.1851,699.252,149.4929,3.3916838,1.5908439,1.9679538,0.99834853,0.19284135,195.69437,0.63801765,1.1379366e-06,1.6787712e-06,0.0075549996,3.193689e-08
680,0.15275943,0.2565019726753235,0.24640941619873047,0.0,-0.0072622164,0.4111281,0.01759338,95.51275,68.5637,138.94034,3.6029778,3.0017047,0.052460723,0.998986,0.011465929,52.199883,0.9910028,3.4895102e-06,4.4122302e-05,0.12824091,0.008032215
681,0.15716459,0.22834831476211548,0.22742076218128204,0.0,0.95627403,1.3128561,0.075866215,78.78181,683.34625,129.59663,2.6942098,1.3588032,2.3410575,0.99601984,0.17102097,32.009457,0.4233577,3.952276e-06,1.246698e-05,0.0070839296,8.025947e-07
682,0.15110336,0.2299470603466034,0.22865840792655945,0.0,-0.0060609905,0.5440838,0.037943188,93.06244,464.68204,155.0742,3.0118039,1.5226951,1.7062254,0.9873595,0.19170669,17.716562,0.24587421,9.752515e-06,7.132257e-06,0.009277349,1.340196e-07
683,0.15190205,0.25050443410873413,0.23547610640525818,0.0,-0.007508916,0.39167824,0.016954629,99.838394,234.39233,145.0607,4.029417,2.3168223,0.6483764,0.99997723,0.119719446,154.91792,0.40253878,5.564596e-08,0.0098235775,0.011171869,0.00014421278
684,0.1569817,0.2153182476758957,0.21298298239707947,0.0,0.5454882,0.8397517,0.06107979,99.880806,698.9149,153.82716,3.3651388,2.6347795,0.7319085,0.9997648,0.17259765,150.56398,0.2541798,1.4413162e-08,1.1847916e-06,0.008208052,1.2343722e-08
685,0.15585916,0.2595689594745636,0.24220488965511322,0.0,-0.0060242433,0.41759905,0.017430687,86.16383,96.593895,137.18507,2.9941404,0.46582672,2.2957046,0.98926544,0.11804401,16.571371,0.14443694,1.3028819e-05,0.0022405651,0.011412962,6.488082e-05
686,0.15767695,0.2463505119085312,0.245711550116539,0.0,0.67517847,0.9795754,0.06642203,99.7101,699.7681,153.08875,3.198841,2.4892612,0.9489739,0.9999626,0.17868695,37.484665,0.22035915,8.801614e-08,3.0602168e-06,0.007738709,2.9142893e-08
687,0.15440905,0.2503732144832611,0.24126924574375153,0.0,-0.006368458,0.41375783,0.01686599,80.007454,389.13303,127.68407,3.172781,1.7912335,1.0370378,0.9963669,0.1621222,15.492902,0.6038913,5.1443303e-06,0.01488033,0.010447539,0.00022033273
688,0.15555862,0.23725612461566925,0.23831619322299957,0.0,0.511655,0.756349,0.06251851,93.147255,670.2613,146.16753,3.1652026,2.2951448,0.98980194,0.9980446,0.21186574,20.744242,0.3291853,4.3970363e-06,1.4023303e-05,0.0076503535,7.343541e-08
689,0.1546784,0.25055673718452454,0.24662885069847107,0.0,-0.0057346397,0.40948907,0.06533734,99.962105,587.3687,160.16663,3.2645688,3.0456557,0.12416193,0.9980259,0.1635483,133.84438,0.63045794,1.9395577e-06,2.2808699e-07,0.009334144,1.3762331e-09
690,0.15416355,0.244657963514328,0.2423311471939087,0.0,-0.0071213692,0.43704286,0.061490074,97.02483,600.6486,159.63466,2.9619756,2.5542161,0.6254945,0.9948923,0.1911219,15.860647,0.4438893,7.5455837e-06,1.4988042e-06,0.009076796,2.8947827e-07
691,0.15284815,0.24715374410152435,0.24695171415805817,0.0,0.67275923,0.92559797,0.06697993,99.82338,699.9095,151.87839,3.3630729,1.7411681,1.8876059,0.99995846,0.19353923,58.67597,0.5338474,1.0787141e-07,2.7266208e-07,0.007326312,2.8057332e-08
692,0.15532032,0.24798674881458282,0.24013371765613556,0.0,-0.007465274,0.40408114,0.016830016,98.42099,13.306513,140.6122,3.9111876,2.606741,0.3882674,0.99989873,0.1148684,52.1721,0.9000857,3.3634933e-08,0.009550676,0.012115389,0.00014570574
693,0.15711352,0.24654321372509003,0.24628084897994995,0.0,0.08941922,0.6231215,0.031585082,99.98581,699.93384,160.81274,3.139235,2.1557283,1.0736477,0.99994373,0.19733201,148.1897,0.3007523,2.4325566e-08,1.4464885e-07,0.008947022,1.271687e-09
694,0.15151648,0.24384821951389313,0.24402236938476562,0.0,0.088966556,0.6380285,0.0332932,99.59687,697.6323,163.2828,2.9552546,2.577306,0.73596954,0.99994063,0.2128983,75.34923,0.17452115,1.3631599e-06,7.9606133e-07,0.008450617,6.028203e-09
695,0.15265466,0.25192564725875854,0.23626528680324554,0.0,-0.0075047156,0.36479625,0.017247448,99.09902,22.35487,135.10902,4.8800607,2.8981495,0.060902346,0.9998667,0.12337153,166.58984,0.5185912,1.2344145e-06,0.010808855,0.011819744,0.00028996932
696,0.15874998,0.22770296037197113,0.22460074722766876,0.0,0.6721888,0.8596506,0.07114131,97.53288,697.65405,147.96027,3.4036405,2.1275723,1.3492275,0.9991989,0.18642673,84.989105,0.6596377,4.601249e-07,2.1301302e-07,0.007654899,7.371279e-08
697,0.15634476,0.2560233473777771,0.2406178116798401,0.0,-0.0073010162,0.39897648,0.017673751,97.91855,46.211586,141.06807,3.743327,1.7639337,1.1778729,0.9994645,0.119699664,87.57173,0.3246569,1.0549214e-06,0.0019343576,0.010984354,0.00058290345
698,0.15167457,0.25375083088874817,0.2511240839958191,0.0,-0.007430281,0.46524554,0.016219981,41.386024,102.74207,100.617065,1.5946585,2.765474,0.19519433,0.9986831,0.17999388,118.80006,0.8919193,1.3476482e-06,0.00031383272,0.009543796,0.00013964233
699,0.15383546,0.24984435737133026,0.25182732939720154,0.0,0.5119875,0.78278446,0.058665436,98.13703,694.7021,151.07727,3.2725499,3.1842299,0.4242014,0.9995951,0.1787287,76.239136,0.60954094,9.217904e-08,4.916244e-07,0.00758683,5.2393382e-08
700,0.1594827,0.2457188218832016,0.24744673073291779,0.0,0.5397005,0.8497117,0.060879268,99.806076,695.073,154.19814,3.100617,1.609518,2.0350904,0.9999627,0.18861265,181.67273,0.23364367,9.048895e-08,4.1323298e-07,0.007520011,9.264152e-08
701,0.15960486,0.23628593981266022,0.2302272766828537,0.0,0.089316785,0.5666883,0.0342424,99.989006,665.4575,157.2115,3.4594407,2.3445635,0.856168,0.9998967,0.20492749,179.10905,0.1743655,2.9111751e-08,3.149311e-06,0.009238717,7.0273565e-09
702,0.15316546,0.2342555820941925,0.2345934510231018,0.0,0.08939216,0.6332862,0.032679286,99.94371,697.90424,162.82756,2.989039,2.1795244,1.1810839,0.9998125,0.17355363,28.659185,0.8585962,4.7046564e-07,3.8468107e-07,0.008798872,8.119997e-09
703,0.15507026,0.22883227467536926,0.22777332365512848,0.0,0.84223014,1.1795579,0.06777864,99.8748,699.7056,152.91481,3.0997746,2.259486,1.3721945,0.9999318,0.20421265,83.56645,0.34287858,8.5244444e-08,1.0578696e-07,0.007154863,1.1329147e-07
704,0.15491278,0.23927955329418182,0.24198584258556366,0.0,0.511561,0.784598,0.059354506,97.90132,695.78094,151.82347,3.1049984,1.3492543,2.1099036,0.9999873,0.17740461,113.374275,0.39397448,3.974367e-06,1.8072474e-06,0.0076788743,3.372569e-08
705,0.15811288,0.2536014914512634,0.2273615598678589,0.0,-0.0057306276,0.39396104,0.016944775,99.50462,68.64302,145.93849,3.9143429,2.2458975,0.46760935,0.99965674,0.11822708,147.21164,0.6193024,2.0737062e-07,0.004203007,0.013243077,8.578949e-05
706,0.15613641,0.23065879940986633,0.230751633644104,0.0,0.5447786,0.79553455,0.063814156,99.99937,696.9023,153.49976,3.2807288,3.4181151,0.21551637,0.9995705,0.19779155,161.16124,0.35357064,4.3433463e-08,1.6531927e-06,0.0076770303,1.0018043e-07
707,0.15358166,0.23166915774345398,0.23634590208530426,0.0,-0.0065512545,0.3678629,0.0731614,93.49705,598.6447,148.04889,3.1831236,3.6392756,2.3465812,0.9982315,4.632654e-06,34.457386,0.011893974,0.0073762867,4.5767453e-07,0.0011841387,0.2241234
708,0.15568553,0.2539012134075165,0.23568592965602875,0.0,-0.007436003,0.40408623,0.01760799,87.40205,107.14727,131.75566,3.4231312,2.0132697,0.75228566,0.9998858,0.12762618,169.41211,0.4775638,1.675635e-07,0.004792316,0.01145944,0.0004325225
709,0.15381531,0.22321145236492157,0.21973074972629547,0.0,-0.0064112,0.48036417,0.047177043,91.19303,551.0031,153.52002,3.1013494,3.2379322,0.09031273,0.968188,0.008948264,52.120033,0.79985046,0.00012982108,7.5298717e-06,0.17576513,4.7247162e-05
710,0.15640935,0.24077299237251282,0.24110829830169678,0.0,0.513448,0.7741907,0.06213152,98.8327,688.2644,150.83774,3.2465112,3.241584,0.43507114,0.9995166,0.18210897,21.934015,0.19926356,5.0519366e-06,3.901503e-06,0.007520037,1.5621679e-06
711,0.1555323,0.24426330626010895,0.2317497283220291,0.0,-0.0071462863,0.42553458,0.01591304,98.59747,263.71378,146.73222,3.774926,1.9686615,1.2826583,0.99655646,0.16176876,15.623003,0.21904854,2.2072439e-07,0.006621813,0.009679092,0.00022915796
712,0.1502773,0.2288682907819748,0.2283180058002472,0.0,0.54556257,0.8002974,0.06577919,99.80245,699.43555,154.41176,3.2492445,1.3000312,1.9927596,0.99998635,0.16230637,24.405277,0.2714542,1.3037926e-08,2.6193914e-07,0.007935046,3.3497127e-08
713,0.15577637,0.22554638981819153,0.22482061386108398,0.0,0.5126602,0.76588696,0.057583943,97.16533,689.8439,148.92873,3.338889,2.4819875,0.98085696,0.9999395,0.18780017,17.827381,0.018030507,4.3470063e-06,1.4485512e-05,0.0076839672,2.3662064e-07
714,0.1525934,0.26303255558013916,0.2473459243774414,0.0,-0.007399968,0.3892344,0.01670577,99.75402,49.518234,140.62979,4.1856003,2.2256584,0.6289,0.9999801,0.110739455,136.68822,0.66057706,1.3995455e-07,0.009561427,0.011955849,0.00010119201
715,0.15543659,0.24748070538043976,0.24648036062717438,0.0,0.5423477,0.8180587,0.058631234,98.42264,695.6394,150.84164,3.4414341,3.1178339,0.3678757,0.99947685,0.19181281,18.871946,0.023899963,3.3703717e-08,2.820845e-06,0.007908063,4.9269644e-08
716,0.15568341,0.24466060101985931,0.2501524090766907,0.0,0.5116885,0.88246477,0.055840705,99.26846,699.7818,155.928,2.8220358,1.7534738,1.7558243,0.99959034,0.20436375,36.699703,0.8240503,3.0956107e-07,3.011395e-06,0.0073575373,1.11472964e-07
717,0.15696649,0.2366788685321808,0.23551684617996216,0.0,0.5115533,0.7866327,0.059908852,84.6512,699.70996,135.68118,3.0893953,2.09593,1.2507472,0.99969137,0.1783622,118.3012,0.47733134,3.8192124e-07,5.288492e-07,0.0082690995,3.5062584e-08
718,0.15665485,0.22377900779247284,0.20999456942081451,0.0,0.08533644,0.41533974,0.027474832,97.63278,526.7208,150.02193,3.5116222,2.6623516,0.17941785,0.9969681,0.14305912,14.744215,0.038492784,3.3841995e-06,0.0042380914,0.010516217,0.00013532185
719,0.15150142,0.23156678676605225,0.22198426723480225,0.0,-0.007507703,0.40333053,0.016903246,71.11987,37.585262,111.86182,3.036738,2.430788,0.49335858,0.9998734,0.122699045,115.13462,0.3976748,6.9912903e-07,0.009064157,0.011535281,0.00016445557
720,0.15440826,0.22402727603912354,0.21852394938468933,0.0,0.08939275,0.5632225,0.037764043,99.91444,371.8136,158.6861,3.3632863,2.4446688,0.67033166,0.99987936,0.18176599,172.9058,0.65430576,2.848717e-07,1.7528392e-07,0.009490945,2.8743578e-08
721,0.15037149,0.22226394712924957,0.2214183509349823,0.0,0.08937749,0.5898181,0.035808127,99.77994,692.97626,160.41536,3.1668072,2.4169698,0.49829686,0.99870527,0.18360408,16.778812,0.020997932,1.1118784e-06,2.0589475e-07,0.008508163,2.851637e-07
722,0.15453584,0.23117442429065704,0.2350962609052658,0.0,0.53931355,0.85075706,0.06375602,99.27683,683.8096,157.99516,2.8257408,1.6964165,1.6582346,0.9997231,0.16181436,117.67415,0.8833814,7.774022e-07,7.0246583e-06,0.007949021,4.037029e-08
723,0.15474986,0.24802155792713165,0.2386685460805893,0.0,-0.007412537,0.4099406,0.017529126,87.21684,84.38215,130.03168,3.3975239,2.6083183,0.5027712,0.99908835,0.13795651,99.30835,0.379405,2.147088e-08,0.0022846067,0.010105235,0.00044998483
724,0.15059203,0.2322891652584076,0.23276367783546448,0.0,0.6714785,0.9324666,0.06169551,98.912254,699.23334,149.96774,3.330726,2.3156908,1.2410127,0.9999871,0.18820831,127.529274,0.41292322,7.6578056e-07,1.0630156e-06,0.007506954,3.5885883e-08
725,0.15848707,0.24986687302589417,0.24886396527290344,0.0,0.08601564,0.5824334,0.032798972,98.80244,682.7184,156.71318,3.1850271,1.9265368,1.3445938,0.99843884,0.19743142,18.326546,0.29061908,1.2863054e-05,1.6237684e-05,0.008670073,5.479343e-07
726,0.15515003,0.2505929172039032,0.22636331617832184,0.0,-0.014818038,0.06548809,0.08321205,99.80229,85.10679,136.86566,5.404306,2.2399337,0.33347023,0.99973375,0.13073449,51.861225,0.9693677,1.3595995e-06,0.008297107,0.014178404,0.0006776419
727,0.1567202,0.2545967400074005,0.2566777169704437,0.0,0.54526293,0.92695796,0.056161217,98.519585,698.3554,153.49272,2.9860694,1.8630536,1.6611786,0.9999714,0.1982347,199.56514,0.49005055,6.606089e-08,9.255774e-08,0.007365351,4.524114e-08
728,0.15792698,0.24288703501224518,0.2305006980895996,0.0,-0.005740191,0.42257702,0.019672252,72.318665,22.294966,122.13911,2.613657,1.6620295,1.3452578,0.9984267,0.13915753,13.582099,0.02136131,5.084141e-06,0.0005132008,0.0109557975,8.437395e-05
729,0.15711676,0.2523588240146637,0.22298435866832733,0.0,-0.009333683,0.39140248,0.017759325,89.44878,78.17572,138.97559,3.0964699,1.6718009,1.0460979,0.9999598,0.114657074,137.96902,0.19276264,2.9325518e-06,0.0018984189,0.0112516275,2.8833865e-05
730,0.1567403,0.23587046563625336,0.23045797646045685,0.0,0.54314786,0.7799079,0.06389349,97.65896,696.08887,150.77061,3.433579,2.1644306,1.2644812,0.9999974,0.16175269,149.84012,0.6695122,7.180117e-07,7.402515e-07,0.008359969,7.546078e-08
731,0.15195148,0.22030358016490936,0.22237874567508698,0.0,0.6712325,0.9397562,0.06716157,96.790184,634.8935,150.11711,3.0406783,0.43360683,3.084485,0.9913257,0.18243374,25.07902,0.45698664,3.591319e-06,8.304605e-06,0.007555791,3.1112032e-07
732,0.1553273,0.22214581072330475,0.22504039108753204,0.0,0.53975815,0.8628238,0.059099287,99.90969,699.9667,155.38641,3.0417962,1.5318328,1.9717691,0.9999076,0.16035162,79.79985,0.85792714,9.832129e-09,3.0263104e-07,0.0076657794,3.125369e-08
733,0.15437388,0.24149569869041443,0.2417328953742981,0.0,0.842239,1.1451281,0.07513473,95.64688,696.145,148.6506,3.0163383,2.117891,1.4069146,0.99991447,0.19607264,75.49943,0.56476796,1.1990809e-06,5.8396597e-07,0.007195588,5.502561e-08
734,0.15974015,0.23949940502643585,0.23048433661460876,0.0,0.7806718,0.9008795,0.07557647,96.72451,699.63824,145.76616,3.6563942,2.6898162,0.9562981,0.99985856,0.19722492,183.38203,0.33011886,7.30376e-07,1.6180898e-07,0.007671024,2.2556666e-08
735,0.15553129,0.24042657017707825,0.24004696309566498,0.0,0.6753387,0.96413296,0.07098353,99.94186,699.58325,153.8812,3.309363,2.126511,1.2915893,0.99996,0.17584376,97.9039,0.55105543,4.8478535e-07,6.3981645e-07,0.00795558,3.3963694e-08
736,0.15403837,0.231043741106987,0.23458047211170197,0.0,0.55400234,0.90003896,0.05627954,99.9945,684.9453,155.01225,3.058476,1.9432567,1.3606892,0.9969276,0.18765977,94.4348,0.3818041,1.5376723e-06,4.924173e-06,0.007668101,3.640798e-08
737,0.15150124,0.23122692108154297,0.23484665155410767,0.0,0.5117964,0.7804796,0.06351992,99.50646,696.25,154.86777,2.946574,0.7704358,2.832515,0.9998476,0.17664328,147.65904,0.48937923,4.944827e-07,7.0601266e-07,0.0072830017,1.8660494e-07
738,0.15556079,0.27162113785743713,0.23027801513671875,0.0,-0.0061475136,0.30542094,0.022897286,99.41544,56.00884,134.87283,4.9053836,2.811449,0.2280893,0.9999495,0.13623706,115.91284,0.40344802,1.8152085e-07,0.00044425935,0.010914262,0.0013169217
739,0.15648668,0.23948945105075836,0.23176535964012146,0.0,-0.006926417,0.4227241,0.016918352,99.62324,119.01601,145.32062,3.7884922,2.195541,0.56011474,0.9991795,0.14384335,175.53905,0.33276185,1.382279e-06,0.006862747,0.011396905,0.00019838788
740,0.1574019,0.25951847434043884,0.23106731474399567,0.0,-0.007213341,0.34695673,0.020209406,99.52346,57.645317,138.73068,4.441491,2.4920187,0.35274547,0.999645,0.12317803,161.93631,0.37735453,1.7166619e-06,0.0045486037,0.011387193,0.0006966067
741,0.15185624,0.2315824329853058,0.20994184911251068,0.0,-0.0066280146,0.39853558,0.020045763,95.75006,117.01207,144.82076,3.5376968,2.4846892,0.39920402,0.9997807,0.11081167,114.89549,0.24492797,4.192056e-06,0.0035123804,0.012202093,0.00013097846
742,0.15405516,0.2440725862979889,0.24316182732582092,0.0,0.16567941,0.60304433,0.045101736,99.7033,688.978,157.082,3.1846447,2.5828674,0.8378048,0.99996185,0.18602729,114.2291,0.5056026,2.4293713e-06,2.1032643e-06,0.00854771,2.4042869e-08
743,0.15548943,0.24509172141551971,0.24308781325817108,0.0,0.6749789,0.918583,0.070365645,99.38629,699.85,150.9751,3.3347194,1.9275258,1.4429252,0.9995984,0.19018684,92.192665,0.8027974,1.3102385e-06,6.7976066e-07,0.007734079,9.246276e-09
744,0.1505825,0.22524283826351166,0.21072496473789215,0.0,-0.007177051,0.41401064,0.019542623,94.3176,48.63019,144.18242,2.993992,1.8950024,0.8309214,0.9998028,0.1370666,16.562645,0.72264755,1.1782805e-06,0.0051682,0.011179572,2.174929e-05
745,0.1554874,0.2418394237756729,0.24157549440860748,0.0,0.6745957,0.9635542,0.0601879,98.68838,697.89453,150.83841,3.4028366,2.5872998,1.1963646,0.9999486,0.15676726,99.050575,0.07130369,2.912872e-07,4.8166144e-06,0.0074417503,7.388104e-09
746,0.15803641,0.24435955286026,0.24337942898273468,0.0,0.6733446,0.92909056,0.06862663,98.929825,698.95374,152.05013,3.1720479,2.1556633,1.313576,0.999918,0.17256898,40.415855,0.8880978,2.240357e-07,1.5617412e-05,0.0076685976,1.9247e-07
747,0.1559789,0.23696884512901306,0.23736047744750977,0.0,0.54099023,0.8425756,0.060546055,99.81916,698.36945,151.67601,3.3995051,1.7032729,1.8509225,0.9996278,0.19564323,136.16444,0.44814602,4.095679e-07,3.2974046e-06,0.0076794703,3.3488043e-08
748,0.15589164,0.24037612974643707,0.23604588210582733,0.0,0.08933863,0.56333935,0.036272015,99.98828,684.86865,157.3633,3.3652558,1.9131836,1.3473881,0.99944913,0.19515423,107.461945,0.30980963,1.3026494e-06,1.5390522e-07,0.008930823,4.359502e-08
749,0.15381894,0.2426561564207077,0.2351740449666977,0.0,-0.009348924,0.00010652837,0.09400729,99.35718,248.24956,138.24336,5.75676,2.2463427,0.6937691,0.9989126,0.1624998,134.42747,0.8552199,4.0696798e-07,0.0086202,0.012426923,0.0011823812
750,0.15857762,0.2509177625179291,0.23335695266723633,0.0,-0.007498452,0.39013094,0.017230438,99.913185,65.59427,140.54216,4.0086045,2.918655,0.17576033,0.99995536,0.13473667,172.8686,0.26315284,1.9836776e-07,0.007797505,0.010658742,0.00025486038
751,0.15632193,0.24428853392601013,0.21606846153736115,0.0,-0.0074660033,0.38707522,0.01777191,99.16307,117.06808,143.16226,3.9667141,2.1459546,0.5855799,0.9998771,0.12925872,113.712364,0.093749896,1.4494925e-06,0.005440618,0.011513779,0.00014110439
752,0.15500551,0.23578661680221558,0.23480476438999176,0.0,-0.0058587235,0.50699216,0.048354287,98.94626,517.8472,160.60463,3.2523336,2.9683204,0.07058185,0.9974703,0.1795603,55.89974,0.75426435,6.3597076e-06,5.7902926e-06,0.00940189,3.705314e-07
753,0.15423258,0.2412973791360855,0.22117678821086884,0.0,-0.0058049588,0.40133795,0.019762067,70.14781,53.571655,119.50788,2.5984719,2.4377534,0.38313243,0.99674785,0.11974398,17.234201,0.8611615,3.7471211e-06,0.002335025,0.011129602,0.0001519373
754,0.15439433,0.2451556921005249,0.24102245271205902,0.0,0.9564615,1.2766287,0.070971966,89.22549,696.2616,138.74825,3.166472,2.9604125,0.6792355,0.99976695,0.18148361,136.49657,0.60252404,2.7754052e-07,8.3542074e-07,0.007038636,2.740513e-08
755,0.15945776,0.23926405608654022,0.24048201739788055,0.0,0.53932273,0.8280114,0.057715055,99.60617,699.6155,150.77008,3.460023,2.9344573,0.6289433,0.99985415,0.24538164,118.47468,0.5179867,5.900631e-07,2.944432e-08,0.0075079575,3.3788048e-08
756,0.1535233,0.2510470747947693,0.24547821283340454,0.0,-0.0073894844,0.44202107,0.017390724,67.768,133.30196,119.89391,2.5191436,1.5638422,1.2530336,0.9998302,0.15648195,105.19456,0.31349972,1.1086351e-07,0.0031038886,0.010327413,0.00021906066
757,0.15614706,0.22998833656311035,0.22555343806743622,0.0,0.95639277,1.2366651,0.08357023,77.19015,682.62103,126.529755,2.94744,3.188651,0.4546833,0.99966115,0.16524225,31.473457,0.67255783,7.867226e-07,2.9398284e-06,0.0074620238,8.5062695e-08
758,0.15550417,0.238486647605896,0.23914435505867004,0.0,0.6742442,0.9762211,0.069348276,98.97589,698.2162,153.47836,3.104968,2.5740974,0.9746068,0.9999397,0.16751686,36.222336,0.06164557,8.67746e-07,2.2447532e-06,0.007718882,3.5263813e-08
759,0.1536399,0.21884937584400177,0.2211843729019165,0.0,0.53932065,0.8635265,0.060540646,98.76548,698.20514,153.95345,3.08781,2.3212104,0.9933361,0.9998192,0.18897717,40.385555,0.19630799,1.1941745e-07,1.474053e-06,0.007883898,3.098966e-08
760,0.15644418,0.23834966123104095,0.23985408246517181,0.0,0.51142186,0.79085565,0.06140146,99.577866,698.4215,155.223,3.0907433,1.6316762,1.5046524,0.9993579,0.19327421,185.95589,0.8675056,1.814591e-07,7.2433033e-07,0.008128458,1.04725764e-07
761,0.15651268,0.24458323419094086,0.245828777551651,0.0,0.53941965,0.78997386,0.061751746,99.34766,698.86053,152.33249,3.291434,2.4106195,1.1406671,0.9999754,0.17224717,41.87996,0.20390636,1.9938359e-08,1.1002924e-06,0.0076402184,2.2375138e-08
762,0.15516973,0.22660529613494873,0.2204061895608902,0.0,-0.007425509,0.45261663,0.017127369,99.51552,119.51381,150.62878,3.1424582,1.9759846,0.87259763,0.99985456,0.17457433,97.78882,0.28117308,2.1377805e-07,0.0009918349,0.009770743,1.2666272e-05
763,0.1556459,0.24552015960216522,0.2441856414079666,0.0,0.08931491,0.6587777,0.03262351,99.96844,694.45465,163.64537,3.0243018,1.5412905,1.7948253,0.9998057,0.20661797,129.44394,0.5900782,1.1642065e-06,8.2265836e-07,0.008896279,2.0327551e-08
764,0.15544692,0.24574868381023407,0.2478875070810318,0.0,0.6721204,1.0016366,0.06574807,99.82258,696.6756,154.83403,3.0849159,1.9110886,1.6320949,0.99996054,0.16484249,128.0358,0.16673456,5.997335e-07,1.1805231e-06,0.007527708,1.0828812e-07
765,0.1566906,0.23161186277866364,0.22128643095493317,0.0,-0.0075069075,0.44586357,0.019525276,99.63508,45.917988,150.9212,3.2311852,2.1371233,0.7198995,0.9998997,0.15303424,34.136414,0.26390934,4.787381e-10,5.7879e-06,0.0106256055,1.1335487e-06
766,0.15410124,0.23508861660957336,0.22374030947685242,0.0,-0.0073320516,0.43835032,0.017295549,99.83717,119.03426,151.33307,3.2200122,1.8833106,0.87101775,0.9998305,0.14344053,19.483217,0.43044823,5.189779e-07,0.000254469,0.010505421,5.5200915e-05
767,0.15617596,0.2437519133090973,0.22895318269729614,0.0,-0.0074043907,0.4043885,0.01657228,97.70604,20.778069,142.23395,3.7888396,2.0814414,0.763823,0.99996513,0.122001134,157.69849,0.43801957,5.544607e-07,0.004286857,0.011437111,0.00013547466
768,0.15409508,0.25208455324172974,0.2557600140571594,0.0,0.5120292,0.82100123,0.06137178,84.820915,656.92755,139.5018,2.784079,1.1973875,1.6463249,0.99731463,0.19508395,22.719425,0.28645232,9.681773e-06,6.926639e-05,0.0075377757,1.5732458e-06
769,0.15585896,0.24850939214229584,0.2359704077243805,0.0,-0.007411717,0.425354,0.016879227,99.24354,117.530075,147.17471,3.4768245,1.4298574,1.357593,0.9998199,0.14235437,187.36957,0.52390784,2.3391418e-07,0.0041126492,0.011143532,0.00014541106
770,0.15211621,0.23195141553878784,0.20735810697078705,0.0,-0.0058958596,0.36447802,0.019258577,94.34193,42.088627,134.60751,3.9373612,2.9386313,0.2901057,0.99956083,0.13202684,196.82585,0.60381883,1.6556168e-06,0.0049442663,0.01066368,0.00052739563
771,0.15785377,0.24301579594612122,0.2246592491865158,0.0,-0.009625751,0.0026366166,0.09950181,99.65644,176.1788,140.50189,5.116112,2.5316129,0.2210872,0.9947459,0.158787,10.578981,0.383291,4.6045153e-07,0.016433831,0.012981093,0.00016022212
772,0.15498719,0.25242552161216736,0.23285652697086334,0.0,-0.0071568205,0.41018152,0.017608892,99.41461,110.35972,146.56418,3.4137533,1.830684,0.99274224,0.99991614,0.13253786,111.17822,0.19538909,3.6942976e-07,0.003907507,0.010187109,0.00010227633
773,0.15847892,0.2528667151927948,0.22105005383491516,0.0,-0.0074966205,0.3834631,0.018288223,96.542984,66.086426,139.23088,3.758856,2.3704262,0.7196849,0.9999138,0.13471311,90.53911,0.3528851,1.3461458e-08,0.0032592309,0.010247379,0.00028540767
774,0.1566996,0.23141932487487793,0.23219725489616394,0.0,0.675311,0.98066676,0.067293234,99.56365,699.8499,154.69637,3.0632668,2.5289438,0.9179123,0.9999232,0.1613899,116.263306,0.9156273,1.3917149e-07,8.584192e-07,0.007887493,2.564596e-08
775,0.1573655,0.2515985071659088,0.2364930510520935,0.0,-0.007224279,0.4225664,0.016669035,98.88668,118.54364,147.44754,3.6512606,2.1265788,0.65369123,0.9982669,0.13295557,155.61005,0.92067504,6.509372e-08,0.004294767,0.011959546,1.7920662e-05
776,0.15810785,0.2369164079427719,0.22436566650867462,0.0,-0.005563057,0.41829947,0.017490039,87.96714,18.421875,135.19843,3.2481275,2.0270486,0.75747764,0.9990375,0.13169642,17.097048,0.27631304,3.0460342e-06,0.0034765261,0.011337985,0.00013284254
777,0.15723233,0.2429652214050293,0.2234390377998352,0.0,-0.009235384,0.028166529,0.094974786,88.39553,263.49225,131.02437,4.612695,3.0673323,0.030887669,0.9793958,0.012322172,54.77154,0.21811219,9.468015e-05,0.00011979772,0.14149277,0.014359854
778,0.1547411,0.243806391954422,0.24506425857543945,0.0,0.54090446,0.8271382,0.05660475,62.89652,697.82794,116.36275,2.386505,1.276387,2.3417015,0.9948033,0.18544993,13.042203,0.011959187,9.792071e-06,3.7486923e-06,0.007598351,5.808559e-07
779,0.15329453,0.2477533221244812,0.24091748893260956,0.0,-0.0074469433,0.42688006,0.016692767,66.48052,86.80812,112.478676,2.6542413,2.7910593,0.17405373,0.99965,0.1467403,179.41455,0.3231993,1.1753818e-06,0.0036621483,0.010395145,0.00037998523
780,0.15219624,0.23348666727542877,0.23527921736240387,0.0,0.67151135,0.93362236,0.06696776,99.7922,697.66766,152.94804,3.2240548,2.2784274,1.2669941,0.9997804,0.17334254,164.73697,0.6222829,8.033567e-07,7.3968494e-07,0.0073935576,2.4298211e-08
781,0.14995456,0.239071324467659,0.23878717422485352,0.0,0.08926983,0.607428,0.032231342,99.93781,697.4491,160.37146,3.1801934,2.9868276,0.37379166,0.9998367,0.18590304,65.47334,0.33263507,6.7253103e-07,2.0428822e-06,0.008577995,9.445808e-08
782,0.15642631,0.2457975447177887,0.2435416430234909,0.0,-0.0055418503,0.49774238,0.04251625,99.34779,100.22388,151.0405,3.2369661,1.3891357,1.8272538,0.9984015,0.21019891,168.91632,0.22921202,2.9938562e-06,1.0903989e-06,0.008986848,1.5559731e-08
783,0.1555751,0.23773972690105438,0.227299764752388,0.0,-0.007514117,0.410587,0.017033191,96.94706,23.45398,141.78813,3.6700635,2.002752,0.7005473,0.9998284,0.13335626,68.03623,0.6715117,4.009911e-07,0.004264282,0.011198184,0.00032895475
784,0.1557955,0.24612431228160858,0.24694369733333588,0.0,0.54341954,0.81300205,0.06282478,99.5828,697.6648,152.67143,3.3089738,2.7651615,0.76079476,0.99984413,0.19571479,122.3837,0.6182614,5.515841e-07,1.3550991e-06,0.007685089,3.721481e-08
785,0.15268607,0.2390584498643875,0.2431926280260086,0.0,0.53994066,0.8878456,0.055523198,99.61903,697.989,155.38829,3.1113892,1.3454949,2.0897405,0.99981123,0.19081977,77.04057,0.24489307,1.3453155e-07,3.3639344e-07,0.0078174705,7.3337714e-09
786,0.154548,0.23588353395462036,0.22447100281715393,0.0,-0.00748802,0.40571797,0.017604765,99.590836,109.86378,142.47537,3.9993,2.4374084,0.67776567,0.9999399,0.13541219,54.10665,0.7867105,2.984934e-08,0.007522511,0.010713827,0.00017010442
787,0.15484181,0.233696848154068,0.23028498888015747,0.0,0.5425553,0.7748913,0.06398494,98.726326,697.4328,150.64737,3.52266,2.2198312,1.2483068,0.9994012,0.17941403,148.347,0.7329573,6.0820577e-07,9.0416904e-07,0.007898821,2.9571742e-08
788,0.15862328,0.24268318712711334,0.2430185079574585,0.0,0.08933455,0.6220179,0.03222399,99.97222,697.1814,162.73361,2.8822212,2.7793777,0.6329226,0.9989543,0.1814167,23.323956,0.40686274,1.0990811e-07,4.3839345e-06,0.008388079,1.489064e-08
789,0.15742719,0.26995930075645447,0.2446514070034027,0.0,-0.010300889,0.11468615,0.07014595,99.64481,402.8033,140.35228,5.340089,2.8682206,0.33178192,0.9997291,0.15913603,131.75034,0.2321588,4.318088e-07,0.012625556,0.010966209,0.00063573854
790,0.15584098,0.23872320353984833,0.2425282746553421,0.0,0.5393102,0.89484143,0.06055069,99.225815,698.39246,158.20705,2.8044136,1.9535902,1.4804147,0.9996958,0.17407934,130.5305,0.35911137,2.877917e-07,1.0694802e-06,0.0078008315,3.748002e-08
791,0.15453604,0.2386666089296341,0.24181921780109406,0.0,0.51230663,0.803145,0.056670424,97.12308,699.9571,150.73991,3.1174822,1.212847,2.3267944,0.999233,0.19191782,67.46841,0.970123,1.0243088e-07,4.823068e-06,0.0074716294,8.490696e-08
792,0.16102925,0.25935113430023193,0.24899303913116455,0.0,-0.0060766703,0.43763632,0.018538091,79.50351,172.32687,133.65639,2.6328387,2.1023097,1.0042652,0.99894935,0.15521422,16.24963,0.4529463,4.261679e-08,0.0011125955,0.009644439,0.00017616097
793,0.1561237,0.2469908595085144,0.24500063061714172,0.0,0.9559965,1.3032916,0.07138676,85.49684,699.0506,136.49472,2.8963375,2.2626536,1.4868144,0.99993217,0.17098044,76.44258,0.8188243,2.945431e-07,7.6311085e-07,0.00697016,2.1750875e-08
794,0.1532031,0.23743249475955963,0.2370607554912567,0.0,-0.005623424,0.54394746,0.03828721,99.97332,681.5242,162.50166,3.0820858,2.27023,0.8928405,0.999216,0.19702418,47.02756,0.44744354,1.1353161e-06,1.418395e-06,0.008963817,9.344344e-08
795,0.15726492,0.251071572303772,0.2516213655471802,0.0,0.5399613,0.7866646,0.057224624,99.89161,697.2269,152.40395,3.4079187,1.7356684,1.7311401,0.99916065,0.19362657,69.64144,0.9170301,6.316638e-07,2.5006918e-06,0.0076988717,1.4962903e-07
796,0.15571143,0.2447187453508377,0.2357719987630844,0.0,-0.0074883676,0.42747727,0.016850675,95.12006,114.16569,139.90825,3.4756224,2.1813085,0.8663809,0.99954534,0.16502994,44.077396,0.28326988,6.913697e-07,0.0031663133,0.0095531205,0.00033768453
797,0.1579878,0.23237548768520355,0.21915116906166077,0.0,-0.0074602943,0.42068648,0.01721193,82.03901,52.944683,128.96466,2.9638243,2.9483254,0.1091839,0.9998738,0.14868662,14.674332,0.0972678,3.4561233e-06,0.0018171037,0.010322092,0.00025493966
798,0.15173185,0.22762048244476318,0.22529900074005127,0.0,0.08915964,0.57784086,0.032879435,99.87803,691.40436,159.88008,3.176901,2.6357968,0.5896218,0.99958944,0.1927385,179.13347,0.3360497,1.4562752e-07,2.3832165e-09,0.008853337,2.2280307e-08
799,0.15318252,0.22218672931194305,0.21000999212265015,0.0,0.95594704,1.1672401,0.083798625,91.70705,698.4187,142.08682,3.3863351,2.3537793,1.1176137,0.99990237,0.15355262,142.97212,0.4937364,1.7879132e-07,5.187759e-07,0.007829523,2.7165536e-08
800,0.15937272,0.251120388507843,0.2189672738313675,0.0,-0.007153842,0.36174065,0.018088633,99.93483,116.5242,142.50029,4.3243604,2.4174743,0.48743257,0.9999755,0.11885563,153.56184,0.7538798,3.1415436e-08,0.0049773944,0.011441913,0.00020723138
801,0.15518011,0.23759962618350983,0.2379235476255417,0.0,-0.005506965,0.41615048,0.0238293,99.97978,81.62154,147.98329,3.5055048,2.969304,3.0709188,0.9999866,7.1820814e-08,132.74637,0.4781174,0.009287577,9.668794e-09,8.99155e-05,0.8638803
802,0.15507418,0.24594445526599884,0.23373891413211823,0.0,-0.007031339,0.40423828,0.016881038,99.726524,52.962925,143.04263,3.8802707,1.8946426,1.1489205,0.9998123,0.121558465,187.4682,0.30503914,2.8990831e-07,0.003854787,0.010932243,0.00038879766
803,0.15521495,0.24177919328212738,0.24041979014873505,0.0,-0.0061407154,0.5203091,0.036425315,98.57748,101.18258,152.94795,2.998436,2.054199,1.1865455,0.9979515,0.20497029,12.839512,0.010832846,1.799956e-06,2.0290252e-06,0.0089906175,1.2248574e-07
804,0.15332648,0.22955919802188873,0.2297990620136261,0.0,0.5396415,0.79765195,0.067138046,99.84497,694.89606,154.10095,3.230415,1.7667584,1.551473,0.99947405,0.18800636,83.106804,0.23961839,1.69435e-06,6.5875574e-06,0.007909615,2.7713481e-08
805,0.15513328,0.244374081492424,0.24796518683433533,0.0,0.5404683,0.9109174,0.055666793,99.9361,699.20087,156.75204,2.9438655,2.0591567,1.5418017,0.99984795,0.20508035,135.749,0.8857644,5.1766875e-08,1.1936551e-06,0.0071398746,2.2020735e-08
806,0.15644306,0.25857701897621155,0.24448899924755096,0.0,-0.0055561727,0.3920034,0.017823126,99.12153,109.60774,140.07559,4.133081,2.3404448,0.49461055,0.9978258,0.14860778,90.899925,0.27972335,3.0236967e-07,0.0012939926,0.010141537,0.00067305134
807,0.15621015,0.23342640697956085,0.2224988043308258,0.0,-0.007481581,0.44331226,0.0192616,95.92285,117.47786,151.96495,2.8576329,1.7964846,0.9282683,0.9999877,0.14072175,126.68567,0.040614057,2.0262311e-07,9.303762e-06,0.010803322,3.6241553e-07
808,0.15651649,0.25184011459350586,0.21645104885101318,0.0,-0.0073094917,0.32989398,0.022201722,99.78932,92.01456,137.74553,4.652235,2.6607044,0.40853983,0.9999513,0.1252988,58.85186,0.13855262,7.741584e-07,0.0019105783,0.011280805,0.0009080379
809,0.1556538,0.25452765822410583,0.2273346334695816,0.0,-0.009337426,0.08078699,0.07515407,99.02768,45.977573,133.02924,5.7033567,2.1717854,0.69232863,0.99961865,0.14671163,116.081314,0.025965294,4.4629672e-07,0.002624891,0.012633532,0.0013226179
810,0.15347025,0.22307297587394714,0.2249336689710617,0.0,0.55559385,0.8818467,0.064051256,99.947586,697.17944,155.8989,3.0181992,1.4371852,1.976376,0.9995475,0.20634183,139.7075,0.20813505,1.1636905e-06,2.0755265e-06,0.007662102,1.7701469e-08
811,0.15256807,0.2187875509262085,0.21813327074050903,0.0,0.08940224,0.60103935,0.032673288,99.77281,691.0564,160.03687,3.0557454,2.2337887,1.0210402,0.9988342,0.22276554,52.92365,0.55201477,8.3190935e-07,3.4111931e-06,0.008667243,2.0098084e-07
812,0.15752625,0.24488133192062378,0.2330903559923172,0.0,-0.0074360166,0.42232588,0.017407106,99.84713,122.532295,147.5137,3.4653502,2.3127384,0.61937577,0.99951875,0.13473088,138.7403,0.3599128,6.0368848e-09,0.0020445425,0.010904051,0.00027325304
813,0.1547048,0.24880197644233704,0.22887785732746124,0.0,-0.0072279177,0.41852844,0.02054661,74.814224,95.1988,125.42568,2.6610522,1.767111,1.2967361,0.9997197,0.1267859,13.94452,0.027188838,7.067038e-07,0.0013737149,0.009576369,1.9972524e-05
814,0.15529375,0.2441599816083908,0.24487744271755219,0.0,0.5550221,0.87126875,0.053829093,99.45412,699.06824,152.3668,3.2367694,2.0285184,1.4430456,0.9999898,0.19272651,164.38036,0.15185466,6.500973e-07,1.6025078e-06,0.0075140763,3.0222835e-09
815,0.1556169,0.24701079726219177,0.225360706448555,0.0,-0.0071561546,0.38916272,0.017774526,99.89715,70.18321,143.47925,3.9602027,2.5334234,0.26071963,0.99898404,0.13224584,154.13524,0.2835685,4.818341e-07,0.0012553266,0.011252621,0.0003514969
816,0.15531419,0.25769519805908203,0.2314978539943695,0.0,-0.009327787,0.065492146,0.082315914,99.115005,190.50333,138.91158,5.359326,2.854889,0.09923659,0.9990448,0.14708552,119.21229,0.19734332,9.718709e-08,0.0065819616,0.011973276,0.0007748599
817,0.15642095,0.2580617070198059,0.21801094710826874,0.0,-0.010120707,0.07929868,0.078391545,98.85173,106.25666,137.06953,4.970275,1.7695664,1.0135111,0.9989537,0.1394793,154.90672,0.6550271,2.2549189e-06,0.0039547062,0.013054595,0.00095038547
818,0.15403815,0.2467193305492401,0.23454728722572327,0.0,-0.0075069293,0.44267538,0.016929142,96.82594,122.95023,149.78201,3.1842573,2.3038113,0.2930063,0.99989974,0.13024926,154.93513,0.74083984,6.9161615e-08,0.0012512661,0.011704818,3.3409106e-05
819,0.15171736,0.21802717447280884,0.21838460862636566,0.0,0.67469245,0.99076056,0.06359182,99.50459,693.89954,152.01569,3.2054899,1.4685462,1.914088,0.9993829,0.17767356,53.818447,0.94293916,8.8126995e-08,4.703534e-06,0.0074679297,1.0417252e-07
820,0.15500948,0.24030697345733643,0.24012383818626404,0.0,0.5428,0.820076,0.060716078,98.24656,697.6066,150.65443,3.4189084,1.5589511,2.117162,0.9991651,0.18106268,176.71046,0.7635084,6.0934246e-07,1.5483652e-06,0.007753488,7.6250906e-08
821,0.15136617,0.24322041869163513,0.24208275973796844,0.0,-0.0055223736,0.52058667,0.04525432,99.98169,699.9439,164.56009,2.9517448,2.3918104,0.9093602,0.9998007,0.19716859,59.303528,0.33240154,6.857493e-08,3.5651465e-07,0.008617463,7.1577118e-09
822,0.15698017,0.24526512622833252,0.24945445358753204,0.0,0.5116445,0.8370696,0.0533374,99.99876,699.28973,153.59181,3.1517167,2.1774127,1.3417022,0.99973834,0.20570943,62.558025,0.29244146,5.4666043e-07,1.15269984e-07,0.0072993403,7.471989e-09
823,0.1535334,0.23998931050300598,0.2421766221523285,0.0,0.5398911,0.8284412,0.057765204,96.087845,699.7235,148.17993,3.1605847,1.7686403,1.6951919,0.9992139,0.20301113,22.10604,0.18713036,1.3816676e-06,5.8563427e-07,0.00743862,7.3847577e-09
824,0.15439685,0.222465381026268,0.22359301149845123,0.0,0.5397642,0.7999877,0.06162975,98.23282,689.6797,153.41238,2.9448993,2.1117826,1.2518212,0.9997712,0.15140137,120.60143,0.45116147,8.7591934e-07,5.697824e-07,0.007854662,1.9604288e-07
825,0.15505153,0.23145359754562378,0.2349650263786316,0.0,0.53948104,0.88143706,0.054670896,95.12089,696.96155,148.20847,3.1571488,1.973952,1.6441277,0.9998484,0.18220153,93.22615,0.85967,1.8516023e-07,1.8465635e-06,0.007457527,3.08433e-08
826,0.15615174,0.25063925981521606,0.23240315914154053,0.0,-0.007019237,0.36743626,0.017837057,99.81891,68.09385,137.87772,4.4644747,2.7322705,0.3058271,0.99890214,0.12549923,114.854706,0.5197397,8.343015e-07,0.0040990156,0.010865552,0.0005989119
827,0.15513302,0.2292005568742752,0.2255156934261322,0.0,-0.006161771,0.48281577,0.0434637,99.106255,65.93422,149.58022,3.2380743,2.002632,1.2015166,0.99456024,0.17066917,17.877949,0.29829824,5.714985e-06,1.925889e-06,0.009101696,1.1788206e-06
828,0.15582003,0.23724029958248138,0.2140214890241623,0.0,-0.006163392,0.38524473,0.017714009,99.14443,66.98389,142.32655,4.133678,2.269807,0.48670772,0.9993504,0.13026826,81.34572,0.7269828,5.816568e-07,0.006209689,0.012479221,0.00014803276
829,0.1605417,0.2584005892276764,0.2359371930360794,0.0,-0.010245002,0.071573764,0.080521,99.82243,26.508293,136.30399,5.6723313,2.6443207,0.15693453,0.99954855,0.1517997,40.726242,0.5356907,7.329129e-07,0.011705756,0.013263327,0.00025263007
830,0.1554274,0.251596063375473,0.24459214508533478,0.0,-0.0075078295,0.4301805,0.017055208,89.37968,185.25172,139.61626,3.067576,1.8940583,1.065316,0.99992937,0.173792,119.560715,0.22556843,2.0846599e-06,0.011629236,0.010241852,0.00010393125
831,0.15499374,0.25272271037101746,0.23217475414276123,0.0,-0.009736167,0.05479313,0.08111687,99.62087,366.02698,139.3447,5.708961,2.637897,0.43295726,0.9999538,0.1535322,141.60797,0.287842,3.1347604e-06,0.010241181,0.012280406,0.0009948264
832,0.15372747,0.24171113967895508,0.2263909876346588,0.0,-0.0074702674,0.4020517,0.01736922,99.38515,47.142902,145.30994,3.6656349,2.2837465,0.45506942,0.9996361,0.12560755,67.17083,0.52546215,2.0731169e-07,0.004443511,0.012116866,0.00026874786
833,0.15854989,0.2500116229057312,0.23061122000217438,0.0,-0.0065982705,0.40109444,0.018764025,99.71949,114.4667,145.64815,3.7949688,2.1892686,0.5375074,0.99959415,0.1502161,56.010204,0.5843711,5.3060586e-07,0.0004500949,0.01085168,0.00040251765
834,0.14985028,0.21681155264377594,0.21551550924777985,0.0,0.08941979,0.5808609,0.0344584,99.9961,699.683,161.07175,3.1820815,2.182886,0.87096375,0.9999764,0.18278354,113.62663,0.053434726,1.2100341e-09,1.7235855e-08,0.008924677,1.9920694e-08
835,0.15491708,0.241452157497406,0.24743786454200745,0.0,-0.0075029163,0.45037714,0.019481404,99.79938,119.72724,150.33325,3.3476393,3.0940218,0.01006632,0.99999493,2.4282222e-08,97.56328,0.9643315,0.008667681,1.5609327e-08,0.0033118064,0.7450953
836,0.15554367,0.24864618480205536,0.24397064745426178,0.0,0.08941856,0.5764383,0.03595664,99.99063,695.9152,158.54347,3.4089127,2.1904917,0.98486686,0.99978834,0.16929047,28.526882,0.5086215,1.475698e-07,1.2534234e-06,0.00921211,7.336614e-09
837,0.15415522,0.22797156870365143,0.21713081002235413,0.0,-0.0071072886,0.41451302,0.016730757,98.86934,113.04732,144.07945,3.6800396,1.5422783,0.9400995,0.99955297,0.115978666,17.847277,0.12993485,8.9273335e-08,0.001459444,0.010873532,0.00030685856
838,0.15273653,0.23201005160808563,0.23307569324970245,0.0,0.54158294,0.8228288,0.05974638,98.28361,691.3804,151.1157,3.3002343,1.814143,1.7600337,0.9994158,0.21215789,91.092476,0.62344813,4.816419e-07,5.857963e-06,0.007878209,1.7013015e-07
839,0.15354331,0.24659892916679382,0.22350208461284637,0.0,-0.0073233806,0.39079824,0.018272437,98.309814,64.61396,142.18674,3.7464204,2.2658126,0.46929032,0.9991132,0.11491013,170.42366,0.10144865,2.4603733e-07,0.0047263214,0.011645833,0.00020161031
840,0.1574297,0.2276635766029358,0.2307000607252121,0.0,0.5399033,0.8252557,0.06184965,99.956085,696.17834,155.84732,3.1055288,2.0746655,1.4004596,0.99987954,0.17598206,76.79368,0.54978776,3.756344e-08,1.705116e-06,0.007879782,1.4071091e-08
841,0.15657823,0.24423858523368835,0.22981470823287964,0.0,-0.0065017175,0.41184774,0.019060185,90.30899,108.8353,140.77979,3.1609576,1.8834043,0.9578201,0.99084723,0.114360616,16.516527,0.1308803,5.430602e-06,0.0029241953,0.011344278,8.6597924e-05
842,0.1547937,0.2519146800041199,0.25346916913986206,0.0,0.54327077,0.87661374,0.06382408,99.79158,698.1173,156.35722,2.984249,1.0483475,2.3663864,0.99962264,0.16021408,164.87152,0.28999084,4.3772397e-07,3.4791094e-06,0.0077497377,1.474345e-08
843,0.1538414,0.2260333150625229,0.22392740845680237,0.0,0.95592266,1.3080707,0.07322946,82.913345,699.9327,134.6057,2.7910442,2.324111,1.3960308,0.99995023,0.17719404,75.789116,0.29157895,1.1552386e-06,1.9908653e-06,0.007097483,7.051622e-08
844,0.15434968,0.22738641500473022,0.2272139936685562,0.0,0.5555647,0.8674798,0.061030082,99.902054,695.4269,153.28787,3.3529642,2.4510727,0.80471224,0.99995923,0.19136536,81.13544,0.48367766,6.538298e-07,3.1292905e-07,0.00805943,5.9043007e-08
845,0.15988931,0.24560421705245972,0.24289029836654663,0.0,0.5450727,0.77092606,0.06423158,97.92071,696.7029,148.30013,3.445448,2.3721628,1.2499683,0.9998336,0.19989784,68.889786,0.7417136,6.23313e-07,9.185972e-08,0.007790237,3.6364305e-08
846,0.15363966,0.2580057382583618,0.23998792469501495,0.0,-0.007468017,0.3881157,0.016982755,98.2788,118.4724,140.01389,3.8415265,2.2011583,0.75949764,0.9990247,0.1328293,26.07399,0.99065894,6.5898865e-07,0.01038917,0.010697755,0.00011951456
847,0.15221259,0.23561283946037292,0.232853502035141,0.0,-0.0055445605,0.4149992,0.06645219,99.87124,655.38855,162.25427,3.158445,2.2778907,0.7703001,0.99938494,0.17925009,171.47873,0.30583355,5.56532e-07,4.776403e-06,0.00969219,1.2554269e-08
848,0.15886548,0.2478313148021698,0.24819804728031158,0.0,0.6720762,0.9611206,0.060231112,98.79596,698.39124,150.12737,3.2863455,3.3667564,0.49632552,0.8323874,0.22238936,17.050434,0.024257323,7.3124206e-06,3.1142854e-06,0.0069926926,3.0845992e-08
849,0.15940863,0.24883365631103516,0.22425933182239532,0.0,-0.0073582665,0.38964942,0.017237008,99.87285,16.328972,145.04863,3.892473,2.6673245,0.104238234,0.99986273,0.12537482,43.611877,0.6852464,1.444471e-07,0.0039257454,0.012033212,0.00017121556
850,0.15330361,0.22882694005966187,0.22942884266376495,0.0,0.91276145,1.3655871,0.02094968,90.77052,696.982,145.60703,2.7970936,1.8760976,1.7338486,0.99975795,0.16202699,166.82376,0.21642168,2.1700701e-07,6.198906e-07,0.007262743,2.1510877e-07
851,0.15601093,0.24135662615299225,0.22609098255634308,0.0,-0.0059873275,0.416749,0.01755019,91.71081,81.158005,139.29327,3.496051,1.9858503,0.7600741,0.998613,0.13018282,15.992934,0.0481824,1.0822599e-05,0.0024163588,0.011511324,9.475205e-05
852,0.15398695,0.24481205642223358,0.24524691700935364,0.0,0.511831,0.7662822,0.06009384,97.900024,697.085,150.20877,3.3271918,2.200561,1.0571897,0.99878144,0.19491611,174.24658,0.5658565,9.52666e-07,3.3091646e-06,0.007853976,1.03380295e-07
853,0.15681647,0.2309073507785797,0.21217522025108337,0.0,-0.0074848384,0.40801632,0.019921489,92.02784,40.114143,141.46542,3.2541025,2.0240183,0.6665217,0.9990281,0.13520326,16.668375,0.42177653,3.6016831e-06,0.00079585135,0.011148537,2.6418524e-05
854,0.15710649,0.2538411021232605,0.24593473970890045,0.0,-0.0070379307,0.40500417,0.016617302,75.551384,19.246115,116.94274,3.2333472,2.0537498,0.99014103,0.99785537,0.13906917,114.33097,0.3324286,1.1337665e-06,0.0054286537,0.010689535,0.0004844987
855,0.15563728,0.25496718287467957,0.2309207171201706,0.0,-0.0071472498,0.38742524,0.017913613,99.58103,29.453268,142.9792,4.0946507,1.9636338,0.8253641,0.9995384,0.112265565,185.13652,0.5623972,3.209516e-07,0.0017086058,0.012098107,0.00041411468
856,0.15236722,0.23512978851795197,0.23430703580379486,0.0,0.08892343,0.6026758,0.03549021,91.93749,623.00653,154.22849,2.8177905,1.8096205,1.2937038,0.999131,0.16776492,19.490093,0.21183714,7.3933796e-07,1.643018e-06,0.009203365,1.0346936e-07
857,0.15679413,0.2476126104593277,0.22544743120670319,0.0,-0.0074131624,0.41388568,0.019539822,99.88001,47.17959,148.06276,3.5142462,1.4370004,1.1971422,0.99998915,0.14322853,162.60907,0.821829,8.442833e-07,0.001491075,0.011273473,4.2178544e-05
858,0.15538374,0.25306758284568787,0.23307223618030548,0.0,-0.010336894,0.09897491,0.075113736,99.194145,513.36505,140.68625,5.1336823,3.0811992,0.081313364,0.9997535,0.14654443,57.44151,0.8559373,5.0260036e-07,0.009436989,0.011491643,0.0009312834
859,0.15603177,0.23657268285751343,0.23800235986709595,0.0,0.7422512,1.024695,0.07056658,95.26543,698.4784,147.74052,3.1661348,2.8221614,0.80631995,0.9992576,0.1903607,122.39646,0.96331334,1.318617e-06,1.2622161e-06,0.007478507,6.97388e-08
860,0.1562136,0.24247363209724426,0.24296601116657257,0.0,0.5399593,0.7919443,0.061290044,99.74211,699.3314,151.86855,3.3666556,2.719142,0.69391274,0.99997926,0.17473455,69.7017,0.5203764,6.073766e-07,2.2181462e-06,0.007755973,3.4766597e-08
861,0.15125515,0.23539939522743225,0.21902722120285034,0.0,-0.0073465244,0.40793258,0.01994132,95.19747,60.326035,142.74855,3.3528504,1.9472854,0.7321206,0.99996823,0.13769104,133.02983,0.95065624,2.3174628e-07,0.0021883708,0.010633632,0.0002498143
862,0.15373188,0.2313854992389679,0.21519549190998077,0.0,-0.007096346,0.4240508,0.017386487,98.16667,100.28399,147.2278,3.4595716,1.9401982,0.8781281,0.9991491,0.13622758,17.040243,0.22447881,1.7967498e-07,0.00038397932,0.011443571,0.00017212825
863,0.1541226,0.24329589307308197,0.20078840851783752,0.0,-0.006586656,0.25924537,0.037456814,99.49112,104.28869,138.2345,4.5903583,2.6090574,0.35988486,0.99973965,0.1338069,85.56257,0.74790186,8.5947937e-07,0.011565438,0.0115436865,0.000100391815
864,0.15678588,0.243727445602417,0.22445416450500488,0.0,-0.0071642953,0.40843874,0.01761777,85.60118,91.68297,131.53506,3.2875967,2.1061358,0.8706405,0.999827,0.12446165,17.467634,0.59751844,3.3199782e-08,0.00024434386,0.010690296,0.00031234822
865,0.15343216,0.24895282089710236,0.23484112322330475,0.0,-0.009354636,0.017278053,0.09462165,99.97417,213.11964,140.43018,5.525848,2.7507775,0.062925495,0.9999031,0.15308493,165.48337,0.555105,1.6518118e-07,0.008142984,0.01283539,0.00087751163
866,0.1536236,0.2603220045566559,0.23070381581783295,0.0,-0.0061161923,0.05169699,0.08250447,99.35765,46.792927,133.45074,5.884406,2.2139735,0.42851892,0.9995935,0.16540219,176.24106,0.9308734,2.8729964e-06,0.011140184,0.013367701,0.00083798624
867,0.15619142,0.23932859301567078,0.22666285932064056,0.0,-0.007489489,0.42335212,0.01741913,81.30545,103.42333,129.87363,3.0046244,2.0788527,0.8615988,0.9999106,0.13575462,158.91177,0.6702091,1.4960801e-07,0.002041097,0.010696948,0.00029597984
868,0.15617548,0.2418806403875351,0.24560005962848663,0.0,0.53931624,0.8462371,0.05776257,99.72638,699.7125,154.31003,3.0577624,1.9512187,1.6273363,0.9998428,0.1819381,99.05206,0.37251857,2.5352529e-08,2.8411048e-07,0.007313467,4.468859e-09
869,0.15685289,0.23187553882598877,0.23160330951213837,0.0,0.5393257,0.83118737,0.05687411,98.21217,697.803,150.59203,3.4020102,1.8744127,1.6355573,0.9994021,0.17487717,106.33905,0.71648735,4.4486967e-07,1.4701974e-06,0.007922617,2.1292967e-08
870,0.1526529,0.24580876529216766,0.25058358907699585,0.0,0.413092,0.70096356,0.054915994,98.98956,690.4403,155.4396,2.9997153,3.3510878,0.05172111,0.9999896,0.20032912,129.37933,0.34496105,1.8410321e-07,3.0784179e-06,0.0076876543,5.391169e-08
871,0.15485968,0.23112185299396515,0.22746828198432922,0.0,-0.005743539,0.48225084,0.04676223,99.410164,40.36972,152.61072,3.187056,1.6100096,1.281105,0.99295187,0.17335919,17.588066,0.35425508,1.6082711e-06,2.3136354e-05,0.009765399,6.3918526e-07
872,0.15610372,0.22957618534564972,0.23045939207077026,0.0,0.67531615,0.99416214,0.06520336,99.09327,696.9581,153.05522,3.2179744,1.7919052,1.6028911,0.9987055,0.17681083,39.613136,0.10825629,5.026361e-07,2.0682378e-06,0.007864491,1.7894996e-07
873,0.15344574,0.2471112459897995,0.24488158524036407,0.0,-0.0056501282,0.54557216,0.032252226,99.76869,327.18646,161.36713,3.0227973,2.671062,0.62453145,0.9992637,0.25578275,162.96654,0.21174763,2.3494253e-07,7.124543e-07,0.008594282,6.1794214e-09
874,0.15665261,0.2336183339357376,0.2348327785730362,0.0,0.53949803,0.8144699,0.058891106,99.25885,697.5113,152.29156,3.3009953,1.8092645,1.5039064,0.9999788,0.19715986,83.58949,0.8359932,1.4309365e-06,3.253876e-06,0.0078436695,1.1187075e-07
875,0.15337023,0.24153994023799896,0.24302774667739868,0.0,0.53954995,0.816337,0.06342048,98.98596,699.8455,151.26093,3.3583622,2.7860427,0.5548367,0.9998486,0.19136636,50.104782,0.7392163,1.064657e-08,3.8214573e-08,0.007631527,1.7321316e-08
876,0.15378366,0.21905973553657532,0.21437929570674896,0.0,0.08930787,0.57594883,0.03393721,99.998276,691.9082,160.0443,3.1829185,1.1018416,2.1385512,0.9999691,0.15494478,15.3116665,0.035417177,4.6006275e-07,2.332542e-07,0.008986562,1.4171848e-08
877,0.15242398,0.22832216322422028,0.23181989789009094,0.0,0.5393013,0.857847,0.05813662,99.766815,699.98584,153.87984,3.1571417,2.3335912,1.0096676,0.9999444,0.16722834,142.66508,0.2424073,8.158131e-10,7.451371e-08,0.007857994,2.285379e-08
878,0.1539134,0.2431129813194275,0.22767525911331177,0.0,-0.007191368,0.40936935,0.017453402,99.87353,35.54167,145.13882,3.7883687,2.0313456,0.736787,0.99888676,0.1310525,16.984545,0.5198126,4.6634204e-07,0.0032436333,0.011394,0.0002071682
879,0.15698303,0.24034856259822845,0.24265292286872864,0.0,0.5408053,0.8418505,0.056948904,99.36553,699.98065,152.16576,3.3109179,2.8782544,0.741782,0.99986035,0.18502568,30.79858,0.39548331,1.6426716e-08,2.1926653e-06,0.0076586576,2.4415405e-08
880,0.15419939,0.22463248670101166,0.22692057490348816,0.0,0.5556084,0.9173414,0.05975707,99.48776,696.56885,155.71051,3.034532,1.4957573,2.0387125,0.9999673,0.19684228,107.743614,0.9580241,2.62272e-07,2.3766818e-06,0.00743002,3.500156e-08
881,0.15419188,0.2516145706176758,0.21857966482639313,0.0,-0.007472519,0.36773258,0.017976416,99.855865,68.10412,138.65605,4.53205,2.2098658,0.687539,0.99998367,0.1275758,100.18644,0.4594179,1.5792351e-07,0.0019803084,0.010813806,0.00058156
882,0.15718484,0.24312140047550201,0.2164725512266159,0.0,-0.010211259,0.37674606,0.019859813,92.77618,75.678635,136.8376,3.516419,1.6879942,1.2447305,0.999114,0.11583736,116.05811,0.5838272,1.0980514e-06,0.0044704974,0.010913772,0.0002402175
883,0.15587915,0.2441847175359726,0.22518962621688843,0.0,-0.01027721,0.02761219,0.09127418,99.9513,299.56186,140.12228,5.2879543,2.715685,0.3585476,0.9995229,0.15669449,158.02719,0.3259366,2.1526931e-07,0.008734937,0.0114667015,0.0008790728
884,0.155191,0.24323147535324097,0.2442740648984909,0.0,0.51147664,0.7771001,0.057016175,99.84102,699.11505,153.37254,3.2797544,1.7666637,1.6548381,0.9999936,0.15428391,147.71687,0.66456217,4.4948248e-08,1.2079304e-06,0.007894668,8.230208e-08
885,0.15844205,0.24179257452487946,0.23425674438476562,0.0,0.06634109,0.42699274,0.020711917,98.94909,44.11383,137.63393,4.1901183,2.4313593,0.70579475,0.99998456,0.14787649,109.807175,0.67289436,8.9185484e-08,0.0015303624,0.009411493,0.00051123835
886,0.15426423,0.24664002656936646,0.24998943507671356,0.0,0.41298658,0.6944654,0.060261976,99.90974,698.6007,157.22913,3.073467,1.6325576,1.8644426,0.9996185,0.20354603,85.7941,0.4846197,9.260959e-06,9.862323e-06,0.007806586,4.3280835e-08
887,0.15774891,0.24977216124534607,0.23599474132061005,0.0,-0.007507185,0.42469877,0.017131286,99.476654,119.73083,149.1215,3.3973408,1.8789372,0.9038308,0.9995905,0.1310099,91.42934,0.30606258,8.582385e-08,0.0020728868,0.011074112,0.00018555882
888,0.15393724,0.23167964816093445,0.2329205423593521,0.0,0.67127496,0.9490582,0.06391108,93.715706,695.0597,145.87854,3.1546283,1.8282517,1.671134,0.99891496,0.18676734,25.106955,0.30656308,2.8497386e-06,7.492975e-07,0.007248367,5.084156e-07
889,0.15165181,0.2278861105442047,0.20972603559494019,0.0,-0.005670808,0.3890562,0.054282498,99.17781,661.4966,152.59625,3.5530431,3.8801785,0.00787607,0.9987382,1.5760265e-06,40.315296,0.02135259,0.0072405185,5.400087e-07,0.69212514,0.560342
890,0.1557714,0.24362409114837646,0.247224822640419,0.0,0.6343117,0.7761822,0.0552102,62.637627,520.17615,110.28919,2.620677,3.2182791,0.09082735,0.3922108,0.00047195156,67.503784,0.89204925,0.006616402,1.4218256e-05,0.1671483,0.0015718946
891,0.15658355,0.23728933930397034,0.2223854660987854,0.0,-0.0072819255,0.44851258,0.017662076,88.05708,113.37225,140.0046,3.0121508,1.6623495,0.94238836,0.9979791,0.15952708,16.22363,0.2790663,3.762992e-06,0.00015043866,0.0106096,9.591921e-06
892,0.15611199,0.253545880317688,0.23666130006313324,0.0,-0.007510965,0.37856257,0.019882865,97.23598,203.66475,142.58963,3.7550788,2.1295304,0.9223784,0.99996,0.14417826,79.82896,0.74441856,3.3686325e-07,0.00207484,0.010482398,0.0009289299
893,0.15726575,0.24293720722198486,0.24141642451286316,0.0,0.539848,0.79688406,0.058411136,98.91174,682.1044,149.5879,3.5004215,2.499181,1.157777,0.9998055,0.1862507,96.03393,0.7431889,6.8089827e-07,7.8152294e-07,0.0077061728,4.518375e-08
894,0.1540228,0.23584547638893127,0.21396911144256592,0.0,-0.0074555045,0.38429818,0.019609688,99.817535,120.21329,142.54861,4.1324115,2.5227952,0.39768645,0.9998482,0.12268854,173.14674,0.99073744,1.2121302e-07,0.0074545057,0.011306834,3.9824245e-05
895,0.15550032,0.25733426213264465,0.21092814207077026,0.0,-0.007516732,0.27219608,0.03317614,99.970604,35.3764,137.46182,4.81622,2.6786242,0.28492212,0.99972254,0.12584512,176.34879,0.12445387,3.0291886e-07,0.0060656825,0.011737671,0.00046159912
896,0.15488823,0.2361191213130951,0.231785848736763,0.0,0.67307824,0.87814224,0.065614454,99.15374,694.394,149.87354,3.5461335,2.4427302,1.0586226,0.99991524,0.20503098,139.95311,0.38563234,1.7813038e-07,3.4173848e-07,0.0077007306,1.2848404e-08
897,0.15670027,0.2497917115688324,0.2401299923658371,0.0,-0.0074448967,0.4098909,0.017284108,99.15944,21.98467,142.56042,3.701282,2.3043423,0.5739798,0.99998593,0.12118167,83.06489,0.38731018,1.528292e-07,0.0043995385,0.010680776,0.00032211153
898,0.15457688,0.23942595720291138,0.2420065701007843,0.0,0.54060477,0.8386838,0.059522785,98.955795,692.2173,153.5546,3.075839,2.4624333,1.1283691,0.9998505,0.17456086,106.348854,0.3536953,1.1754477e-06,3.6865365e-06,0.0076676006,1.7191945e-07
899,0.1567887,0.24625596404075623,0.2419487088918686,0.0,-0.007452613,0.43108943,0.016579472,99.55275,119.4136,144.39355,3.6541054,1.8200735,1.1048247,0.999864,0.12621011,141.08127,0.36708984,6.493269e-07,0.0063423817,0.0107969865,0.00018194175
900,0.1567862,0.2366207391023636,0.2348160743713379,0.0,0.08917242,0.58772695,0.031967398,99.91,650.1487,159.9121,3.2783492,2.8421946,0.52113646,0.9998421,0.19666222,122.30903,0.84428936,1.7197233e-06,1.5495067e-07,0.008908707,8.047883e-08
901,0.15521678,0.25289463996887207,0.2535977363586426,0.0,0.53934443,0.79151565,0.061409038,83.3344,695.772,136.31549,2.848089,1.8422076,1.7428514,0.99882424,0.16238658,86.74986,0.661207,4.538948e-07,8.984665e-07,0.0074889804,7.289688e-08
902,0.15494822,0.2552420496940613,0.2247772514820099,0.0,-0.010111879,0.1065163,0.07151211,99.244194,394.47556,140.79408,5.1100454,1.8829054,1.0579625,0.9998088,0.15118027,98.85835,0.05524929,6.9321246e-08,0.013057825,0.011392224,0.0005382489
903,0.15386468,0.2417016327381134,0.2441147267818451,0.0,0.54510134,0.912381,0.06208555,99.596504,699.18945,155.74081,3.0871224,1.8581495,1.5537794,0.9994551,0.16814455,97.401115,0.463941,1.1111552e-07,2.6580187e-06,0.00809161,3.7934704e-08
904,0.15559192,0.24434497952461243,0.24460096657276154,0.0,0.54145193,0.8258019,0.05812723,99.07942,698.39667,151.49588,3.397468,1.6606833,1.9067197,0.99992174,0.16601367,102.82858,0.6211773,7.731816e-09,8.535287e-09,0.0078086,9.9757955e-08
905,0.15451844,0.22655296325683594,0.2256254404783249,0.0,0.6726206,0.9545566,0.06258148,98.57545,699.7125,151.07385,3.1531873,2.6632295,0.74890035,0.9999822,0.19156493,178.11899,0.37114576,2.5588017e-08,3.3263311e-06,0.007563894,9.929672e-08
906,0.15423106,0.26978230476379395,0.22966144979000092,0.0,-0.0071038953,0.112417676,0.06679559,99.75043,200.34886,138.68994,5.70956,1.9550034,0.8043604,0.998988,0.1395244,93.29725,0.3151168,1.2897079e-06,0.0063689025,0.01288322,0.0010998546
907,0.15804091,0.2551991045475006,0.24187490344047546,0.0,-0.009811577,0.00029887728,0.095182836,96.19508,358.54553,135.77351,5.49769,1.1761296,1.6489571,0.9969392,0.17455465,9.557978,0.7975914,2.2298386e-06,0.01825624,0.012241044,0.00081662554
908,0.15531732,0.2343510091304779,0.23366008698940277,0.0,0.08821523,0.6158448,0.03162668,99.54794,696.52246,158.84578,3.1823459,1.8757775,1.423678,0.9994593,0.21063536,146.68193,0.8346118,2.1773103e-06,1.0814111e-06,0.0086988835,1.2080365e-07
909,0.15958421,0.24057084321975708,0.2403234988451004,0.0,0.675323,0.9532131,0.06340217,98.950775,699.69214,150.58496,3.3464363,2.0387645,1.7448044,0.99977404,0.19321209,141.30495,0.45427093,9.751499e-07,1.0433046e-06,0.007338881,2.2410203e-08
910,0.15594502,0.23110021650791168,0.2178136259317398,0.0,-0.0074963067,0.4236304,0.017395057,99.73799,118.9231,147.7625,3.5206072,2.1978564,0.5689933,0.99988335,0.12862594,119.34728,0.526351,1.1146058e-07,0.0039359974,0.011205025,7.4156545e-05
911,0.15554489,0.25744393467903137,0.22966577112674713,0.0,-0.0072987895,0.38873473,0.017253065,99.86331,77.38762,143.0196,3.9612286,1.9328643,0.979724,0.99971944,0.15090556,40.242332,0.23611598,1.6402737e-06,0.00282714,0.010851795,0.0003749929
912,0.1538345,0.2434246838092804,0.21777835488319397,0.0,-0.0075039016,0.40892172,0.017272545,96.45494,117.61893,144.76187,3.4730883,2.115812,0.7082416,0.9997486,0.13545446,99.43756,0.83479625,5.737119e-07,0.0010095636,0.011245734,0.00033950116
913,0.15349172,0.2580716013908386,0.23276594281196594,0.0,-0.0071746926,0.39228562,0.019772878,88.07966,109.21958,137.63785,3.0095155,2.3109734,0.55159855,0.9989869,0.12830622,142.25491,0.9181396,9.83403e-08,0.0015445921,0.010720176,0.000358058
914,0.15730326,0.23182092607021332,0.23304392397403717,0.0,0.5448569,0.8325886,0.06043026,99.9539,697.7315,153.76349,3.301818,1.550285,2.1211395,0.999698,0.17049673,124.180954,0.8734692,9.43378e-08,2.6134137e-06,0.007602081,3.176388e-08
915,0.1556119,0.23106610774993896,0.22668789327144623,0.0,0.5523511,0.7405961,0.053410728,52.989487,501.4469,102.74305,2.2341955,3.7418098,0.14553729,0.5204675,0.006595762,65.333885,0.22376893,7.6040866e-05,3.167723e-05,0.2302039,0.0005395857
916,0.15494081,0.23659077286720276,0.2377229779958725,0.0,0.51188326,0.8137216,0.052174166,92.4548,698.10706,144.9662,3.189919,2.5865295,0.87127763,0.9997677,0.19586298,26.85442,0.3506621,1.2892182e-06,1.258694e-06,0.007867935,2.9172154e-08
917,0.15636742,0.2467975616455078,0.24750658869743347,0.0,0.5554535,0.8340445,0.065238714,99.78279,699.3706,155.10434,3.102048,0.496886,3.0357513,0.9999278,0.20250775,168.76462,0.3566175,2.615487e-07,2.5166622e-07,0.0075513097,6.0614744e-09
918,0.15102251,0.22529548406600952,0.22169022262096405,0.0,0.539293,0.766273,0.06362601,96.12407,691.83417,148.80885,3.3465948,1.9497262,1.405828,0.99975866,0.16094615,95.571205,0.1293468,1.3435665e-07,6.535097e-06,0.008325405,1.1822568e-07
919,0.15608317,0.24115785956382751,0.23380061984062195,0.0,0.77853906,0.97463554,0.07399525,98.23541,699.7635,148.44197,3.6199663,1.9634423,1.5476705,0.99925125,0.1691266,140.94792,0.6873393,1.1924849e-06,4.201453e-06,0.007999896,7.5381806e-08
920,0.15658186,0.23912778496742249,0.22303469479084015,0.0,-0.0075005135,0.42657974,0.017554633,98.58369,46.948154,148.77562,3.2505786,1.6709391,1.1196289,0.99987435,0.12685706,53.166718,0.30582723,6.211795e-07,2.4123889e-05,0.011036978,0.00020236084
921,0.1561878,0.2356870323419571,0.22870983183383942,0.0,0.9132237,1.144603,0.08273654,89.31874,686.9199,139.89137,3.1825523,2.550238,0.97994155,0.9996851,0.16079947,29.407711,0.08289912,3.3134856e-07,9.610426e-07,0.007646182,5.759362e-08
922,0.15533978,0.25021862983703613,0.22193105518817902,0.0,-0.007461638,0.3599326,0.01805575,98.666695,48.54211,138.51514,4.6197796,2.7093604,0.2087839,0.9999753,0.116622664,75.381714,0.335225,5.7916594e-07,0.005289554,0.012444722,0.00049617194
923,0.1562344,0.2568662762641907,0.22780285775661469,0.0,-0.0074284123,0.336133,0.020278037,99.90656,77.0312,138.01408,4.779963,2.4895566,0.3464138,0.9999581,0.14061302,76.41918,0.53114825,4.5473016e-08,0.0013991378,0.01161404,0.0009953883
924,0.15121594,0.21609218418598175,0.2183721661567688,0.0,0.5115128,0.7732585,0.0627858,95.65675,698.0046,150.98956,2.9468708,1.52483,1.7961787,0.99971294,0.21193995,188.89223,0.29573464,5.1519373e-07,6.591596e-07,0.007809198,1.6160804e-08
925,0.1553972,0.23258596658706665,0.2249206006526947,0.0,-0.007057946,0.40289268,0.017109565,98.31338,106.73952,140.00893,3.8836033,1.2568415,1.5748643,0.9986897,0.1604685,42.85049,0.8881007,2.6701798e-06,0.013433506,0.010712978,4.998254e-05
926,0.152937,0.23917847871780396,0.20836696028709412,0.0,-0.0074715484,0.3986541,0.017675092,99.266304,119.54738,146.41655,3.6178684,2.2906039,0.5945547,0.999998,0.117989756,84.482155,0.5390858,1.5570908e-08,0.0011267692,0.010777097,0.00023470887
927,0.15522662,0.22272811830043793,0.22189489006996155,0.0,-0.005521377,0.5770817,0.033113535,99.85326,51.83851,155.26053,3.0438786,2.2617924,0.94588983,0.9988209,0.1583874,66.90038,0.04856594,5.0240794e-07,9.61082e-07,0.009456365,5.044512e-09
928,0.15372276,0.2503471374511719,0.23193876445293427,0.0,-0.0074185994,0.41143262,0.019208055,99.14951,46.046795,148.77658,3.4254043,1.9755828,0.60779524,0.99993193,0.1274425,93.37615,0.4640262,6.2792975e-07,0.0010374043,0.011787316,8.017528e-05
929,0.15005393,0.239206001162529,0.2112783044576645,0.0,-0.0074351323,0.33306822,0.020970346,99.81797,50.84735,137.53772,4.83068,2.1734486,0.6917738,0.9999037,0.11023182,100.78815,0.19857247,9.5755105e-08,0.012921505,0.012351541,7.5038915e-05
930,0.15334979,0.23244398832321167,0.23393753170967102,0.0,0.55529076,0.864806,0.06047068,99.681816,698.997,154.60751,3.216299,2.5339231,0.78616834,0.9999364,0.18364799,185.06665,0.44145897,1.3772159e-06,3.0876572e-06,0.007830733,1.239486e-07
931,0.15764584,0.2622012495994568,0.2260667085647583,0.0,-0.010262812,0.072243914,0.07596544,99.31534,58.32226,134.51709,5.623132,2.5428202,0.25663635,0.9999902,0.14687149,108.639725,0.5222222,1.4723017e-06,0.005514822,0.012685549,0.0010966716
932,0.15478165,0.21790020167827606,0.21911869943141937,0.0,0.51165414,0.78471464,0.06059606,96.209015,698.87585,149.40558,3.2050412,2.1896205,1.3329308,0.99976736,0.20846432,51.804825,0.8672159,4.273288e-07,4.887464e-06,0.007820277,9.65688e-08
933,0.15539494,0.23569850623607635,0.21754442155361176,0.0,-0.0073141214,0.41332865,0.01954697,98.8532,114.96967,148.10574,3.3648994,2.5967805,0.35113555,0.9996793,0.14575098,60.336002,0.70225096,2.3364441e-07,0.00014641376,0.010128244,0.0002556805
934,0.15243378,0.25711628794670105,0.2385977953672409,0.0,-0.0074582025,0.40118137,0.019661803,99.40734,36.53217,145.10034,3.4994707,1.9568632,0.79059386,0.9999238,0.13277163,17.49688,0.65927076,3.3677392e-07,0.006323325,0.010955729,2.7408489e-05
935,0.15293612,0.23573771119117737,0.23155030608177185,0.0,0.73904043,0.9698497,0.073479965,90.521805,697.8957,142.02484,3.216215,2.6318543,0.66355896,0.99938524,0.1848055,115.51038,0.3886914,8.2363624e-07,2.0155963e-07,0.007826063,4.118027e-08
936,0.15708767,0.24394623935222626,0.24619044363498688,0.0,0.53940284,0.808216,0.059228275,98.24198,699.54956,151.84634,3.108723,1.8490483,1.7929608,0.9996683,0.20548883,175.79523,0.7385168,1.0065315e-06,1.698531e-06,0.0073138946,1.1490337e-08
937,0.15298241,0.24989093840122223,0.23645778000354767,0.0,-0.007393025,0.39157835,0.017155383,88.04233,41.740166,129.59367,3.7830992,2.0377355,0.91760516,0.99995184,0.11757694,148.13217,0.8056122,6.4168916e-07,0.0047553307,0.011486195,0.0004793797
938,0.15464151,0.2162201851606369,0.21653708815574646,0.0,0.6713374,0.93375784,0.065788746,99.753334,696.87317,153.09221,3.1836064,2.983511,0.47021526,0.9998582,0.18127504,94.69158,0.5677681,2.433838e-07,3.0670058e-06,0.0075940997,2.5783864e-08
939,0.15592515,0.2363196313381195,0.22500911355018616,0.0,-0.0072601396,0.41817915,0.017478475,99.018524,119.41647,146.95944,3.518262,1.4110491,1.3768499,0.9998771,0.13757913,106.789444,0.63711923,1.2222337e-07,0.0043500727,0.011273321,8.8262845e-05
940,0.1555109,0.23745176196098328,0.23855265974998474,0.0,0.5397958,0.80487925,0.05888232,98.94524,695.58734,151.31139,3.230717,1.4288931,2.1718802,0.9987895,0.19166735,156.88911,0.5714263,1.4368825e-06,3.0799758e-06,0.007492973,4.900984e-07
941,0.15618359,0.2488747239112854,0.21229411661624908,0.0,-0.009235603,0.002596726,0.09783833,99.72316,82.38752,136.67473,5.286717,2.1635547,0.42086586,0.99990207,0.15387434,73.3872,0.52564424,4.6681865e-08,0.006447008,0.012597878,0.0005264151
942,0.15788554,0.24236096441745758,0.24553024768829346,0.0,0.545404,0.9029968,0.057195578,99.55089,698.3048,154.45335,3.1849203,2.6870384,1.0410291,0.9999162,0.17475954,33.326878,0.09554741,2.8125816e-08,8.868043e-07,0.00771861,8.529278e-09
943,0.15567859,0.23562735319137573,0.2333301156759262,0.0,0.0892018,0.5712285,0.034412555,99.81798,683.45526,159.04771,3.1495523,2.710276,0.70306575,0.99999756,0.17045227,122.58042,0.7130568,5.195815e-07,2.1484836e-06,0.008800134,4.7189057e-09
944,0.15398794,0.23870116472244263,0.24174970388412476,0.0,0.51217574,0.8007675,0.058819737,99.95926,697.22253,156.09085,3.0136528,2.8645074,0.63047135,0.99975127,0.18424839,54.123676,0.68396395,4.4735563e-07,5.1172464e-07,0.0075718816,3.3862426e-09
945,0.15408216,0.24844397604465485,0.23419736325740814,0.0,-0.0073853796,0.42596433,0.017125785,55.233845,77.83461,105.381,2.2329338,2.072297,0.7111101,0.9998737,0.1554904,24.13954,0.29449052,1.9787437e-06,0.005765682,0.010804508,6.4922383e-06
946,0.15199964,0.2626500725746155,0.23509936034679413,0.0,-0.39737293,0.076669,0.049848232,99.687,32.043495,152.66628,3.4574013,1.8963379,0.5325435,0.99876994,0.13140766,163.08128,0.6045518,7.568885e-06,0.0022078613,0.013710706,0.00029971695
947,0.15780285,0.27261942625045776,0.2436036318540573,0.0,-0.0057508578,0.35688972,0.0207802,99.23656,112.97907,141.98969,3.9858882,2.4124296,0.49808052,0.99864036,0.11820002,22.553076,0.580256,7.694091e-06,0.0046796007,0.011551857,0.00036304203
948,0.1597161,0.2510492205619812,0.2296857386827469,0.0,-0.009972395,0.017144933,0.09709357,99.59142,229.91458,140.25812,5.453958,2.531301,0.42517304,0.999581,0.18610126,75.55546,0.96760964,9.4989e-07,0.02082772,0.012565552,0.0002698547
949,0.15666857,0.24322333931922913,0.22657175362110138,0.0,-0.0065151327,0.4395633,0.017245425,94.179565,107.67595,146.05803,3.0086863,1.3801553,1.498566,0.99889463,0.122166,13.261921,0.02911944,1.2303316e-06,0.0011075258,0.010450323,1.3267578e-06
950,0.15250342,0.231903076171875,0.22463195025920868,0.0,-0.0072893733,0.41458818,0.01809246,99.27028,379.35617,148.91103,3.4031308,2.355318,0.73362404,0.99986094,0.14571533,66.8457,0.9995481,3.702614e-07,0.012249291,0.009880335,5.590339e-05
951,0.15706702,0.2406720668077469,0.2438776046037674,0.0,0.51144135,0.80614465,0.057018116,99.5202,695.9058,153.31937,3.1212528,2.5499148,0.91981477,0.9994999,0.19942062,96.430115,0.55925673,7.329626e-07,3.1570632e-06,0.007584949,5.160824e-08
952,0.15200962,0.2447221875190735,0.23281249403953552,0.0,-0.00909705,2.5720463e-05,0.10002564,99.966,297.60468,141.35767,5.4469643,2.9085574,0.08664995,0.99990433,0.1759384,112.451225,0.4145251,1.2929537e-06,0.0013730542,0.0116702635,0.001338515
953,0.15667312,0.22238470613956451,0.22174297273159027,0.0,0.73574746,1.0075514,0.0715652,99.86256,688.3517,154.01724,3.0828948,1.6031976,1.8280522,0.9997599,0.1856847,76.78966,0.3133239,2.797894e-07,2.4972733e-06,0.0076552243,1.1299108e-07
954,0.15475415,0.23745253682136536,0.23429317772388458,0.0,-0.0055534397,0.4589419,0.052988384,99.91967,678.3454,160.67647,3.231117,2.4733324,0.8898557,0.9998445,0.161179,195.467,0.3147653,5.520504e-07,3.565188e-07,0.009012809,3.7023413e-09
955,0.15578157,0.24211327731609344,0.2184356302022934,0.0,-0.007143797,0.38821766,0.017706493,97.543884,65.93703,143.4426,3.7586253,2.3991773,0.45508468,0.99875534,0.12195834,193.49763,0.14181088,1.4825721e-06,0.0039212327,0.011603571,8.147785e-05
956,0.15446101,0.23166696727275848,0.21577301621437073,0.0,-0.0071072853,0.43203828,0.017038874,99.91527,6.268842,152.78682,3.25046,2.5390642,0.19023176,0.9999717,0.13694766,31.810905,0.7187035,3.5220293e-07,0.0005756171,0.011467191,4.065025e-06
957,0.15448073,0.2399955838918686,0.23922915756702423,0.0,0.5450596,0.7929549,0.06269619,94.8586,695.4643,147.28513,3.2480555,2.163133,1.3420022,0.9994429,0.19089529,21.854635,0.080100395,5.504194e-07,1.9102057e-05,0.007995007,7.617344e-07
958,0.15682809,0.2516799867153168,0.24918906390666962,0.0,0.08932952,0.56880873,0.03852364,99.958885,684.7684,160.70839,3.1440613,3.114569,0.2185257,0.99990773,0.15222505,152.95311,0.47144124,1.2594837e-06,3.569044e-06,0.009060223,2.8490357e-08
959,0.15788163,0.24005234241485596,0.22752782702445984,0.0,-0.007446602,0.42059,0.019773293,99.30752,119.77429,150.09674,3.2809541,2.21634,0.6891544,0.9999548,0.132212,154.7787,0.6780594,5.513486e-07,0.001101765,0.010182747,6.498527e-05
960,0.15224516,0.24799995124340057,0.21586142480373383,0.0,-0.0098884655,0.06980066,0.07784083,98.92298,202.36415,137.65852,5.5955467,2.9736514,0.145373,0.9997208,0.13714048,14.36126,0.8317053,1.295044e-06,0.009833569,0.012770858,0.00081510487
961,0.15504894,0.23626668751239777,0.231927290558815,0.0,-0.0059357593,0.42254078,0.061485,99.93142,586.01544,159.4851,3.333579,2.7932673,0.08421374,0.99734616,0.18728781,74.191284,0.4227844,1.4808106e-05,4.695174e-06,0.009712043,3.1436352e-07
962,0.15395902,0.252371609210968,0.22530147433280945,0.0,-0.0070611862,0.35268044,0.020801565,94.84904,87.122086,134.46548,4.2074904,2.3330052,0.7119259,0.99944544,0.123954296,181.8492,0.5357991,3.5768682e-07,0.006149666,0.010961084,0.00028258393
963,0.15769339,0.22405581176280975,0.20117050409317017,0.0,-0.00746229,0.4166707,0.01747702,99.5322,121.15129,151.81038,3.2759793,2.2159698,0.61630213,0.99965125,0.12811348,64.87563,0.4290552,4.942974e-07,0.00037060826,0.011138678,0.00010968882
964,0.15685919,0.2282705008983612,0.22532451152801514,0.0,-0.0056972057,0.47623634,0.04831185,99.96134,330.17047,159.39862,3.294562,3.1818125,0.012443758,0.9999721,0.18926021,153.43454,0.64012724,1.52821e-06,1.3684777e-06,0.009423947,1.3776937e-08
965,0.15431198,0.2275271862745285,0.22838833928108215,0.0,0.671855,0.9521954,0.063185595,99.05743,690.4856,152.43727,3.257726,2.5859413,0.90015584,0.9995316,0.18508036,30.638021,0.4200917,1.9427905e-06,1.1256451e-06,0.0076359757,1.3991357e-07
966,0.16032882,0.25105994939804077,0.2319607436656952,0.0,-0.006784059,0.40340406,0.018886821,99.196266,80.44669,145.22447,3.4979877,2.3779714,0.6003792,0.99970293,0.14979298,26.418943,0.13221468,4.1060034e-07,0.0013289388,0.010052289,0.00022226597
967,0.15701438,0.23787885904312134,0.23934486508369446,0.0,0.51415133,0.79100984,0.059249964,99.46933,699.24884,153.98651,3.122203,2.6009116,0.9786182,0.9999552,0.1679697,173.97612,0.24065101,4.0774614e-07,2.8215884e-06,0.0075877146,5.1420308e-08
968,0.15820256,0.23838654160499573,0.21492239832878113,0.0,-0.0070890225,0.41018572,0.020565553,99.25225,30.105373,149.82584,3.4443944,2.6058078,0.014293026,0.9976432,0.011720962,94.83482,0.10882545,2.4503313e-06,1.5375566e-05,0.12087129,6.05962e-05
969,0.15569794,0.2515408992767334,0.2280394732952118,0.0,-0.006898098,0.34479058,0.020994257,99.92948,102.74786,139.66713,4.6411257,2.5327718,0.46903953,0.9994333,0.1150482,56.76614,0.6947125,2.9015702e-08,0.0029259892,0.011948075,0.0007361879
970,0.1566996,0.2462606281042099,0.221739262342453,0.0,-0.0074744807,0.3916155,0.0172138,99.83934,30.767582,142.19159,4.037731,2.4899428,0.29424363,0.9999535,0.13762216,52.292343,0.1897916,1.2920668e-07,0.008331588,0.011531884,8.2391725e-06
971,0.15396966,0.2299731969833374,0.23089954257011414,0.0,0.6719525,0.96633476,0.060892574,98.64873,698.81573,150.73363,3.2309802,1.0606525,2.6668203,0.99994785,0.21380556,68.38744,0.5237532,4.062864e-06,6.0512007e-06,0.0072282604,3.1482976e-08
972,0.1545973,0.24188266694545746,0.2457904815673828,0.0,-0.0066731535,0.4661044,0.04618112,84.68002,317.63998,142.59851,2.9528828,2.9976575,0.00887368,0.99879783,0.0008884145,54.485157,0.9405997,0.007604664,2.9483267e-06,0.88732123,0.028150497
973,0.15229568,0.23002849519252777,0.2316519320011139,0.0,0.5393845,0.81910205,0.06126264,99.58854,696.7287,152.27045,3.3041346,1.7842301,1.6130245,0.9999876,0.19062403,147.21146,0.55633044,6.487918e-07,5.9690234e-07,0.007909351,5.7110783e-09
974,0.15439487,0.23068761825561523,0.22912243008613586,0.0,-0.005479072,0.48413762,0.048224073,99.494835,375.1295,159.27704,3.097912,2.924459,0.25540444,0.99994403,0.1722874,14.802965,0.020099886,1.7064562e-05,2.3877665e-06,0.008785941,1.1111356e-09
975,0.15439287,0.2408226579427719,0.2411036342382431,0.0,0.5132452,0.745847,0.063475765,97.23113,683.42566,150.392,3.1458943,2.190309,1.2595892,0.9992784,0.16516513,87.9763,0.54209584,1.2743341e-06,1.6376367e-05,0.007941258,3.9996314e-07
976,0.15562637,0.23977088928222656,0.2333461195230484,0.0,-0.00732693,0.44553915,0.0169343,57.88815,79.33337,112.69857,2.0937402,2.039736,0.8404937,0.9994977,0.14470437,168.65193,0.30912355,5.3597057e-07,0.00023231939,0.010759362,8.1168626e-05
977,0.15648358,0.2424025535583496,0.22870709002017975,0.0,-0.0074005746,0.42529258,0.01736896,99.003334,36.692326,147.26044,3.3291686,2.0570712,0.7723591,0.9999433,0.1360717,126.28551,0.4404968,1.5439902e-08,0.0002900418,0.01084735,0.0004145621
978,0.15782268,0.24257637560367584,0.24285627901554108,0.0,0.6749881,0.9269676,0.07382179,99.88694,672.02826,153.67715,3.1480162,2.4550931,1.052625,0.99985766,0.13739432,138.00659,0.82155234,6.6584576e-08,3.0952262e-07,0.007761256,9.564937e-08
979,0.1595322,0.23597405850887299,0.23266974091529846,0.0,0.67512554,0.9041795,0.059556153,95.50296,699.9995,145.47748,3.497093,2.3125212,1.3082489,0.99997264,0.19824111,49.68795,0.37240633,5.523367e-08,4.6167744e-07,0.007542069,9.146866e-09
980,0.15452188,0.24170973896980286,0.23604615032672882,0.0,0.8422699,1.0163815,0.07878544,96.67462,696.6085,146.60397,3.5605829,2.4457507,1.0301368,0.9998042,0.15529107,79.47797,0.74667037,3.4693048e-07,1.7834841e-06,0.0076618,1.05519604e-07
981,0.15326568,0.22938847541809082,0.22041203081607819,0.0,-0.0073303706,0.42690238,0.016895382,97.53557,70.331924,144.46101,3.4180152,2.1552887,0.5610851,0.9995951,0.13827527,37.631214,0.58830494,1.5685519e-06,0.005948123,0.011241328,3.3155713e-05
982,0.15559745,0.24524424970149994,0.219149649143219,0.0,-0.0058396105,0.046717443,0.089558594,99.773476,33.27302,135.87997,5.6230063,2.6899905,0.17072415,0.9986951,0.15104493,132.11981,0.31266016,1.7653321e-06,0.0076394733,0.012980233,0.0005889143
983,0.15528513,0.24470844864845276,0.24259373545646667,0.0,-0.00557787,0.55182624,0.042378888,99.8572,575.7654,163.37549,3.1333416,2.6599305,0.706562,0.99791414,0.2196773,14.237822,0.038318105,1.1302682e-05,1.05093995e-05,0.008916383,2.5345936e-09
984,0.15645099,0.2597940266132355,0.25423091650009155,0.0,0.5118673,0.73962766,0.054614414,99.86939,692.3928,149.79262,3.607733,2.1650176,1.3042264,0.99935913,0.16808908,116.83394,0.6419522,3.0382247e-07,1.5255665e-06,0.007972228,2.9171485e-08
985,0.15174413,0.2246137112379074,0.2096983790397644,0.0,-0.007294873,0.42503524,0.017381899,98.197235,54.902424,146.4714,3.3650467,2.0373447,0.60895985,0.9998589,0.15076913,155.42749,0.37224826,5.966658e-07,0.0054074414,0.010744571,5.760306e-07
986,0.15378265,0.2377125769853592,0.21990498900413513,0.0,-0.006896221,0.4074932,0.017582303,98.10568,79.89816,145.29993,3.5386908,1.9753965,0.7140806,0.9999735,0.118987076,145.57692,0.82828915,9.993253e-09,0.0012670786,0.011565998,0.00028809227
987,0.15845439,0.24511587619781494,0.24896474182605743,0.0,0.5118725,0.7863514,0.061550617,94.37983,699.2002,149.24055,2.9395964,1.3973542,2.065723,0.99929184,0.19287682,60.403126,0.18215406,1.9504319e-07,1.6419639e-06,0.007587124,3.6142506e-08
988,0.15362991,0.23549386858940125,0.23405255377292633,0.0,-0.0054639326,0.45343548,0.06101726,99.99082,693.14996,163.45345,3.087672,1.9875834,1.1517445,0.99975574,0.1650676,161.39378,0.67322785,1.3890336e-07,9.7328325e-08,0.009661138,2.4691765e-08
989,0.15435585,0.22691091895103455,0.22516082227230072,0.0,0.08940303,0.5772205,0.03305388,99.785774,699.1698,159.88255,3.1324806,2.4445431,0.8193955,0.99799013,0.19780502,103.63151,0.68901336,2.4723677e-06,3.4084684e-07,0.008601076,7.181629e-08
990,0.15460669,0.24576933681964874,0.23424753546714783,0.0,-0.0070304587,0.40825516,0.017577166,92.96759,108.781265,138.21866,3.5444112,2.0535593,0.8244016,0.99994975,0.13924073,32.982788,0.43689376,6.873134e-07,0.007322942,0.010653121,1.2711339e-05
991,0.15607017,0.23461094498634338,0.2324618697166443,0.0,0.7406641,1.0343721,0.06716655,99.7098,693.43414,153.07509,3.2594147,1.7596185,1.8269881,0.99986684,0.20143571,104.71889,0.78644544,1.4029732e-07,3.534955e-07,0.0074930834,2.6004138e-10
992,0.15742679,0.2492348849773407,0.24734042584896088,0.0,0.6713023,0.8612822,0.06728779,99.94599,699.78973,149.88463,3.5461962,1.4226004,2.148315,0.999602,0.16868058,114.82154,0.8990867,5.8043946e-07,4.008034e-06,0.007508961,2.6873566e-08
993,0.15332393,0.2366129457950592,0.24067604541778564,0.0,0.512104,0.7945652,0.0564241,91.26559,698.4968,145.96489,2.8570929,0.7932419,2.694923,0.9997733,0.18303506,22.512678,0.6528221,1.0711764e-05,9.477111e-05,0.007442973,8.482584e-08
994,0.15306284,0.2429000735282898,0.24453546106815338,0.0,0.54554784,0.837411,0.061354224,99.61365,699.94977,154.28629,3.192645,2.5089962,1.0663899,0.9999178,0.1960768,39.24302,0.06270494,4.966723e-07,1.0253236e-09,0.007586341,6.1823617e-09
995,0.15168588,0.2455819994211197,0.2449866384267807,0.0,0.088930495,0.6434683,0.03205377,99.7322,691.01294,161.33574,2.962509,1.8676345,1.6716092,0.99986154,0.1891554,57.327477,0.6541857,6.8240627e-07,1.3824912e-07,0.008072977,1.2785368e-07
996,0.15370527,0.2354133576154709,0.2196488082408905,0.0,-0.0073034866,0.37043455,0.018944,99.34174,285.68622,143.39572,4.2310534,1.9478536,1.0767707,0.9992143,0.13051212,46.33789,0.89364415,1.2396404e-07,0.011044968,0.011299331,0.00046765627
997,0.15807353,0.2559552788734436,0.24301540851593018,0.0,-0.0074328724,0.4175774,0.017528892,97.076485,31.686724,144.40974,3.508386,1.9685631,0.59014857,0.9999004,0.1430193,162.51715,0.7874189,2.873539e-07,0.0011850635,0.011475296,0.0004280742
998,0.15617651,0.24289889633655548,0.24678948521614075,0.0,0.51445454,0.7993683,0.061300978,80.0488,664.0163,134.64015,2.5891638,2.7424912,0.62536585,0.9938069,0.18593247,22.627964,0.7320895,3.2691498e-06,2.454554e-05,0.0075469078,1.8908274e-07
999,0.15478715,0.23528961837291718,0.21531666815280914,0.0,-0.0064538675,0.40097496,0.019702611,99.55808,47.876728,147.86894,3.6181548,2.3967001,0.39372954,0.9996814,0.12135384,145.14426,0.6339584,1.0780605e-07,0.0019145352,0.011459181,8.947584e-05
1000,0.15339024,0.23370155692100525,0.23344507813453674,0.0,-0.0054625855,0.536246,0.041681893,99.5665,608.90485,164.18402,3.0476134,2.3767562,0.7732608,0.9998292,0.18050192,42.022022,0.39194584,5.5245522e-08,3.2430275e-06,0.009315636,2.0831527e-07
1001,0.15260713,0.2229616940021515,0.22391140460968018,0.0,0.675033,1.0341897,0.06191933,99.034515,690.1419,154.94919,2.8842998,1.5282727,2.188552,0.999721,0.17931162,47.81011,0.5159261,1.3553266e-06,2.366975e-06,0.0071335104,1.1804451e-07
1002,0.15344761,0.24348099529743195,0.22411680221557617,0.0,-0.007417656,0.4105601,0.017529022,90.15014,109.92701,137.45352,3.2413492,2.1293337,0.61410606,0.99994,0.13530733,154.28433,0.24870226,6.649876e-07,0.0056367493,0.010889239,0.00021222755
1003,0.15848938,0.23205453157424927,0.23173022270202637,0.0,0.08755369,0.6049533,0.035397295,98.68809,658.1701,160.41049,3.111295,2.4002326,1.2532842,0.99614954,0.1964863,15.934864,0.02086677,1.9047952e-06,3.296091e-05,0.009018192,7.733058e-07
1004,0.15324233,0.23716072738170624,0.23780366778373718,0.0,0.08922204,0.63454825,0.031900562,99.852684,699.36066,161.99188,3.026604,2.7326524,0.7398753,0.99932194,0.21074831,18.373962,0.047387827,1.4534733e-06,2.379759e-06,0.008546176,1.3693239e-07
1005,0.15627414,0.2419794499874115,0.23673832416534424,0.0,-0.0060807564,0.45500755,0.018434335,54.330006,21.339565,106.44867,2.0312076,0.64153916,2.0547574,0.99916285,0.14446709,17.034723,0.38097882,2.5491295e-06,1.459257e-05,0.010543289,1.451913e-05
1006,0.15289117,0.24819593131542206,0.231168732047081,0.0,-0.007084246,0.40365216,0.017331121,98.657814,120.82737,145.32549,3.5873888,1.8993226,0.964595,0.9989966,0.13260795,59.73162,0.8508196,4.4889939e-07,0.00060473924,0.010752083,0.00046340705
1007,0.15920949,0.2541768550872803,0.23401397466659546,0.0,-0.0063427514,0.40295464,0.019456498,99.025276,115.107765,147.75052,3.6643734,2.2159626,0.61379075,0.9993763,0.11387273,56.745068,0.27943227,7.048598e-08,0.0012614586,0.011881995,0.00014124121
1008,0.15553679,0.24500179290771484,0.24727439880371094,0.0,0.5394077,0.8879491,0.058604877,99.991875,699.5952,157.75305,2.9008408,1.6710672,1.6603583,0.99995023,0.19669633,74.10124,0.32949203,1.571129e-07,3.5138342e-07,0.007701666,2.0905592e-08
1009,0.15468909,0.2413070946931839,0.22258253395557404,0.0,-0.0073297047,0.40350842,0.0176017,99.90429,7.362952,149.05542,3.4221492,1.8710078,0.9508674,0.99936825,0.13304624,42.835606,0.34756926,4.49552e-08,0.0017501203,0.010877576,0.00011217347
1010,0.15571,0.2354496866464615,0.23702582716941833,0.0,0.53992504,0.8491368,0.058380328,98.565254,697.67096,152.29872,3.2854698,1.2940837,2.2819736,0.9997797,0.21939446,61.609562,0.15063065,1.141275e-06,2.523126e-06,0.007606824,4.4245937e-08
1011,0.15605572,0.2310720682144165,0.23255327343940735,0.0,0.6718915,0.9262795,0.06700528,99.80875,696.9334,152.30984,3.2233117,1.2164335,2.4614978,0.999751,0.21195446,78.89797,0.24977894,1.6318637e-06,1.8902766e-06,0.007349224,1.4387344e-07
1012,0.15345743,0.22884687781333923,0.23077358305454254,0.0,0.53933674,0.79824847,0.061983205,94.710075,696.9341,149.55551,3.0495,2.3908167,1.1798605,0.9996214,0.20839709,148.66068,0.57976866,5.607539e-07,6.2480512e-06,0.0075828754,2.0760456e-07
1013,0.15702583,0.24746617674827576,0.2486191838979721,0.0,0.54003066,0.8213612,0.05978098,97.94732,696.9714,150.0402,3.264972,1.9701893,1.4828383,0.99886215,0.16654679,76.71668,0.38588187,3.0293015e-07,3.4914598e-07,0.007344989,2.4220482e-08
1014,0.1542923,0.2282123863697052,0.2280835211277008,0.0,0.54544455,0.81020606,0.061314918,99.76473,699.7835,151.72198,3.3681226,2.8243685,0.7763706,0.9998833,0.17296022,117.63519,0.1694943,5.4717503e-08,2.0772575e-07,0.007620476,6.9793953e-09
1015,0.1535462,0.2437884658575058,0.22440588474273682,0.0,-0.0059278063,0.39868826,0.017670399,98.87015,111.20792,144.13878,3.7489552,2.2234693,0.6409684,0.999614,0.1237906,50.184616,0.8249831,2.7703857e-08,0.0062390883,0.011424031,6.357142e-05
1016,0.15572308,0.23681622743606567,0.2364429235458374,0.0,0.16721295,0.6614073,0.042569935,99.9102,699.0832,158.66226,3.0360358,1.7565125,1.8739382,0.99966586,0.21867438,181.24477,0.2531855,2.799803e-07,1.0420334e-07,0.0077315914,1.004934e-08
1017,0.1568157,0.23951998353004456,0.23810648918151855,0.0,0.08898103,0.60469437,0.032633048,99.55354,687.31665,158.97478,3.08256,1.5338135,1.9998955,0.99849993,0.18838193,18.349682,0.074889414,2.0774294e-06,5.965865e-06,0.008172927,1.17821926e-07
1018,0.15659642,0.24296654760837555,0.22048096358776093,0.0,-0.0062962202,0.39034048,0.016981147,98.71297,93.197914,142.59998,3.9907591,2.2650375,0.4632892,0.996977,0.11471018,167.40816,0.58129704,9.303172e-07,0.005109074,0.012136486,3.061289e-05
1019,0.15318325,0.26398786902427673,0.21089164912700653,0.0,-0.0074325264,0.30891818,0.021660162,99.94483,27.238781,138.52669,4.971521,2.3305054,0.37141535,0.99987787,0.10220047,170.36774,0.86416173,6.926643e-08,0.0041396604,0.0132696545,0.00068300264
1020,0.1583255,0.23520302772521973,0.21078060567378998,0.0,-0.006938755,0.40526995,0.017587831,99.80518,113.53091,147.93149,3.7134824,2.3634706,0.5531431,0.9997924,0.12686425,35.24845,0.09997681,3.655018e-08,0.0021479216,0.011726746,0.00010936143
1021,0.15519658,0.23581941425800323,0.22299392521381378,0.0,-0.0073008602,0.4191161,0.017487355,99.60141,19.965355,147.07439,3.4331462,2.2855344,0.49488282,0.9999902,0.15186347,68.81861,0.3651508,9.7374105e-08,0.0026720949,0.010518545,0.00022330921
1022,0.15246832,0.23712055385112762,0.22810320556163788,0.0,-0.007445307,0.40469858,0.018083543,96.58388,117.496735,140.87741,3.6511683,2.6377642,0.39126104,0.9998645,0.10823093,61.098354,0.86773527,2.7891256e-08,0.0075613307,0.011259973,1.9415673e-05
1023,0.1543173,0.24570047855377197,0.24366797506809235,0.0,0.08813295,0.58942825,0.033901256,96.52591,667.7339,156.06445,3.1279397,2.2259395,1.088438,0.99927765,0.18453272,19.085587,0.3505451,2.5545576e-06,9.652912e-06,0.008852916,1.3329998e-07
1024,0.15803908,0.257328599691391,0.2571733891963959,0.0,0.91304123,1.4093908,0.021851983,73.818344,699.5832,126.12034,2.5163069,2.6430218,1.0913433,0.99998516,0.19757311,153.15898,0.38539058,4.7138076e-07,3.0404863e-06,0.0070056454,6.453316e-08
1025,0.15715979,0.24054086208343506,0.22456589341163635,0.0,-0.0073184264,0.4049355,0.016819635,98.864265,117.73783,142.88364,3.751495,1.8794205,1.0014619,0.9983117,0.124384664,121.64366,0.8000808,6.4299365e-07,0.0067647914,0.01066266,0.00013733377
1026,0.15444757,0.23823001980781555,0.24308279156684875,0.0,0.5392999,0.88070583,0.05791476,98.790726,698.45856,154.43277,2.9006402,2.949104,0.78995734,0.999929,0.17980392,178.72087,0.3136216,2.8963795e-08,6.4273e-07,0.00733629,1.1164746e-07
1027,0.15705436,0.24777406454086304,0.22678923606872559,0.0,-0.007221696,0.39265406,0.01744554,99.91871,114.88577,144.95316,3.7647343,1.8752599,0.8353131,0.9993816,0.13372152,102.123726,0.53019303,5.7725254e-07,0.005547542,0.01136427,0.00014866685
1028,0.15540306,0.23673826456069946,0.22000819444656372,0.0,-0.0073087104,0.38362023,0.01983545,94.47574,109.23703,136.75664,3.8536925,1.5238333,1.4350011,0.9999378,0.13900468,67.12189,0.7729555,1.4128333e-06,0.003458651,0.010645522,0.000572486
1029,0.15313657,0.2474033385515213,0.23602506518363953,0.0,-0.007515554,0.4033638,0.017325262,98.668205,62.145786,142.40688,3.7007165,2.2436624,0.7165241,0.9999989,0.1304475,107.74366,0.3634927,4.8584263e-07,0.0022167212,0.010854892,0.00051355525
1030,0.15442058,0.265682578086853,0.25471046566963196,0.0,-0.0074262554,0.41061723,0.015359903,99.92514,699.15283,145.0644,4.135599,2.0706904,1.2012869,0.9999785,0.13487068,161.24547,0.24096125,2.071185e-06,0.016316283,0.0101381065,6.8142326e-05
1031,0.15518229,0.2608068585395813,0.22833459079265594,0.0,-0.010262942,0.33918837,0.02090372,96.07671,24.536448,136.56444,4.005102,2.5313184,0.74290717,0.9990662,0.1050432,105.790344,0.21202265,2.7193175e-07,0.0034667193,0.010853832,0.0005519669
1032,0.15569013,0.24504408240318298,0.24495777487754822,0.0,0.6748897,0.95899874,0.057192996,91.70735,698.02496,141.49402,3.276893,1.9455616,1.5779202,0.9997371,0.20389201,77.86102,0.42970905,2.0072711e-07,2.9150283e-07,0.007338556,4.7653037e-09
1033,0.15586677,0.24472281336784363,0.23851221799850464,0.0,-0.0072293254,0.42458433,0.018715529,95.7051,110.57462,148.61086,2.957719,2.3190002,0.46385822,0.9990626,0.13911624,16.361925,0.2029539,7.5214723e-07,0.0014037363,0.0109538445,0.00010067694
1034,0.15086702,0.2439478635787964,0.2391946166753769,0.0,-0.0075073033,0.4252705,0.01712451,54.622547,71.69034,102.96104,2.251486,2.2412176,0.6684232,0.99973893,0.12402477,142.43048,0.9352956,1.8904562e-06,0.005919449,0.010879514,0.00010899048
1035,0.1511736,0.2221939116716385,0.20671409368515015,0.0,-0.009943685,0.00033193541,0.09784767,99.96608,214.36359,140.06459,5.558233,2.3462348,0.51535344,0.99935603,0.17410056,56.09048,0.36917847,1.4512224e-06,0.012395481,0.012180949,0.0004634222
1036,0.1575111,0.24869084358215332,0.21267543733119965,0.0,-0.0065032635,0.34180036,0.021879137,98.79642,105.06722,139.69615,4.332524,2.819265,0.21833113,0.99894416,0.111303434,137.37689,0.7490663,2.4265807e-06,0.0042396104,0.011524001,0.0004970343
1037,0.15511805,0.2337491363286972,0.22496198117733002,0.0,-0.007423166,0.42665797,0.016360931,99.862976,67.030945,145.01411,3.7491508,1.4339902,1.4479443,0.99982345,0.13795424,14.817217,0.03148746,3.147061e-08,0.0036576714,0.010719791,0.00011168109
1038,0.15531816,0.2514148950576782,0.2510642409324646,0.0,0.08876961,0.6246346,0.031829156,96.95081,586.7576,156.3105,3.193518,1.5893167,1.8765283,0.99566644,0.17283323,20.551386,0.25066608,2.4562069e-06,7.964952e-06,0.008273693,6.910664e-08
1039,0.15518723,0.2442043423652649,0.22710929811000824,0.0,-0.0074151135,0.3919175,0.017228888,99.328896,9.702449,139.7896,4.0703454,2.2102456,0.90785056,0.99998546,0.11311694,44.336273,0.22822154,1.1205346e-07,0.00062372093,0.01052606,0.00074355653
1040,0.15721688,0.2551167905330658,0.2275957465171814,0.0,-0.0072121006,0.40104195,0.01762537,99.68203,48.094788,146.8661,3.7142305,2.4497428,0.27032173,0.99991935,0.114238024,24.967838,0.54609615,1.7551517e-07,0.0023375505,0.012189111,4.4217122e-05
1041,0.15435514,0.23175784945487976,0.23017002642154694,0.0,0.54203933,0.807697,0.059739936,98.86508,694.3778,151.87555,3.2934732,2.1463625,1.3080374,0.99942875,0.18799299,71.50059,0.91782314,2.2297576e-07,1.3258897e-06,0.008082945,2.5983682e-09
1042,0.15918525,0.23457150161266327,0.2276950180530548,0.0,0.55536205,0.8564286,0.060393848,98.570595,699.9637,149.58661,3.6202772,2.7813528,0.6044322,0.9997603,0.19723335,72.76128,0.16339433,7.305048e-07,4.1058186e-07,0.008456621,5.82214e-09
1043,0.15368141,0.21889692544937134,0.21435204148292542,0.0,0.54086244,0.80059236,0.056488536,84.52982,674.27905,136.39703,3.104409,2.0457847,1.3311956,0.99886215,0.22260962,20.787767,0.07273303,5.709976e-06,1.1701934e-05,0.008115459,2.3116976e-07
1044,0.15734808,0.24175870418548584,0.228176087141037,0.0,-0.0073909783,0.42693207,0.017393138,99.5773,119.46043,150.63905,3.3239474,1.6459961,1.1159807,0.999772,0.1208136,82.31528,0.47300884,4.617417e-07,0.002807477,0.011715212,4.9455357e-05
1045,0.15562479,0.21684840321540833,0.2158687859773636,0.0,0.41321716,0.65479815,0.059583105,99.88019,644.43164,153.05211,3.454064,2.4836297,0.8698475,0.9997222,0.19350484,94.21798,0.6068377,3.7828475e-08,9.662522e-07,0.008397296,3.262831e-08
1046,0.15576118,0.2383059561252594,0.24063938856124878,0.0,0.41316834,0.66831505,0.06012912,98.80976,658.9042,154.1446,3.193849,1.4333807,2.1380475,0.9992001,0.19738184,13.623591,0.012751463,1.6934476e-06,4.251991e-06,0.007944371,2.3163642e-07
1047,0.15728952,0.23689839243888855,0.22967489063739777,0.0,-0.0073067322,0.44033986,0.0174347,96.615654,117.26564,147.31136,3.128388,2.749059,0.20459388,0.9946187,0.17614295,10.49259,0.013047598,2.3991563e-06,0.004776801,0.009928363,5.2391413e-05
1048,0.15902983,0.24386124312877655,0.24285051226615906,0.0,-0.0056954655,0.5237742,0.041343056,99.88862,687.7313,160.7399,3.1951573,3.0402863,0.40957034,0.99851066,0.19869739,156.01663,0.5680747,6.4111464e-07,3.1137594e-07,0.008735822,1.4393478e-07
1049,0.15707904,0.21574781835079193,0.2142564058303833,0.0,0.5553149,0.8275942,0.06153393,96.12693,684.9155,150.16058,3.1690722,2.0818195,1.3004977,0.9998741,0.19843625,18.59128,0.025455719,5.9263707e-06,4.34882e-07,0.007936511,1.1837768e-07
1050,0.1540154,0.2606278955936432,0.23901918530464172,0.0,-0.009835686,0.110870086,0.06642557,99.811966,248.47261,139.00978,5.787008,2.8025613,0.28196505,0.9986357,0.13378577,38.777702,0.6059915,6.939666e-07,0.008579881,0.01242128,0.0009204041
1051,0.15343183,0.234397754073143,0.23416702449321747,0.0,0.5394441,0.7806314,0.06315885,99.763016,699.7456,152.9477,3.3213234,2.354147,1.2477638,0.99981153,0.1973974,29.717276,0.9366197,4.0288273e-07,1.3237785e-06,0.007641221,9.800897e-09
1052,0.15244363,0.2303120195865631,0.2302127331495285,0.0,0.55508244,0.8973333,0.058708582,99.767395,696.6478,154.68352,3.187766,1.7558448,1.5745618,0.9999056,0.16069698,65.4383,0.7581706,6.998428e-07,4.9707006e-07,0.008058609,2.2930244e-08
1053,0.15550855,0.23332777619361877,0.21216411888599396,0.0,-0.0068540173,0.40886712,0.017522994,93.22433,178.14273,141.75296,3.52332,1.7717576,1.2529148,0.99971575,0.14724275,15.792268,0.37108067,8.083786e-07,0.009371108,0.010640777,2.1039934e-05
1054,0.15722221,0.24041828513145447,0.2205231785774231,0.0,-0.007410711,0.4225375,0.017482972,98.56862,98.62408,149.0972,3.4250264,1.9793139,0.6501464,0.9988797,0.12837079,17.557226,0.67985326,4.9868277e-07,0.000564067,0.011681883,4.910121e-07
1055,0.15485664,0.26032257080078125,0.2365204393863678,0.0,-0.007076084,0.35240003,0.018095003,99.19273,292.3605,141.62929,4.700873,2.938379,0.1393362,0.9983629,0.12839732,165.42647,0.28918287,1.3375125e-06,0.005342687,0.010764823,0.0007541544
1056,0.15555443,0.24504631757736206,0.23138436675071716,0.0,-0.010101544,0.042457007,0.086840935,99.95605,191.20195,139.48979,5.5086675,2.5447447,0.29207572,0.99991006,0.14846449,149.43027,0.7042004,3.3101514e-07,0.000119309494,0.012314013,0.0015477093
1057,0.15833387,0.2562080919742584,0.25775328278541565,0.0,0.5521912,0.8905274,0.058964558,96.63653,654.35223,150.31708,3.1097894,1.7507062,1.9658844,0.9920473,0.15577996,25.950542,0.23687765,8.264434e-07,1.47012415e-05,0.0075516743,3.6648495e-07
1058,0.15468639,0.2368101328611374,0.2350471466779709,0.0,-0.0055398312,0.5096097,0.040410846,99.934616,488.23886,162.20053,3.1543326,2.7442222,0.54803663,0.99960405,0.17718814,61.051323,0.49816495,1.3185843e-07,1.2079246e-07,0.009165847,1.2203651e-08
1059,0.15892196,0.255325049161911,0.2230382263660431,0.0,-0.006332774,0.3315038,0.021728402,99.46076,100.12186,137.67221,4.5429964,2.9803214,0.13836631,0.99543303,0.114674985,32.55789,0.6156826,3.9598402e-07,0.0023061982,0.011470432,0.0008461219
1060,0.1535753,0.24423633515834808,0.24392691254615784,0.0,-0.005488058,0.5214421,0.04556179,99.38625,670.55347,161.20868,3.1016562,2.876519,0.40137637,0.9999948,0.18949425,142.17516,0.72755545,1.2649554e-06,1.8955398e-06,0.0088912,2.7959607e-07
1061,0.15672895,0.25910061597824097,0.218319371342659,0.0,-0.010364376,0.07966358,0.06994979,99.89162,10.415545,136.46912,5.8894706,2.5312338,0.152722,0.9995924,0.14989763,72.50244,0.60239816,5.389503e-07,0.005089219,0.013217615,0.0007355936
1062,0.15511884,0.2262602150440216,0.19353577494621277,0.0,-0.009348827,0.022035269,0.09525297,98.11028,105.80792,135.14261,5.1273227,2.4897974,0.07428775,0.99598646,0.013199311,53.45964,0.8129506,3.798683e-06,0.00022742253,0.13411996,0.011161485
1063,0.1579965,0.2528883218765259,0.25130704045295715,0.0,0.84229535,1.1409105,0.07570859,98.51183,698.82324,149.07655,3.5285404,2.0196047,1.7683604,0.999803,0.17807443,83.32687,0.6338479,7.423508e-08,1.5478076e-06,0.0073839715,2.6182459e-08
1064,0.15570055,0.22921355068683624,0.2299351543188095,0.0,0.08939108,0.6005083,0.033810318,99.981064,691.17487,161.14311,3.0476854,2.7950335,0.6706734,0.9999808,0.19253765,153.78825,0.14345622,6.8583677e-07,1.6232242e-07,0.008483895,1.2089313e-08
1065,0.15670216,0.2376697063446045,0.24171341955661774,0.0,0.5521396,0.89592326,0.054587882,95.616005,623.4556,149.29091,2.981604,2.2209792,1.4977171,0.9971356,0.17295071,25.29021,0.61859286,1.4206153e-05,1.5037739e-05,0.0074112345,2.0689072e-06
1066,0.15533368,0.24131476879119873,0.2412882000207901,0.0,0.6719151,0.88766474,0.07009954,98.73723,696.9836,150.61531,3.3551877,2.7499216,0.9211758,0.9995212,0.18919979,96.5998,0.13032481,6.299659e-07,2.2574543e-06,0.0073515093,1.1211119e-07
1067,0.15321377,0.2518250048160553,0.21407513320446014,0.0,-0.0074586286,0.27351898,0.035893455,99.86,284.08307,144.02336,4.539137,2.8081238,0.3551962,0.99993926,0.13578424,74.48101,0.9889009,9.323121e-07,0.00015879377,0.010622827,0.0011762439
1068,0.15342267,0.22660303115844727,0.22873330116271973,0.0,0.51141155,0.7860249,0.061517917,99.86284,699.9706,153.57004,3.1838138,2.1951053,1.1696638,0.99987423,0.18678771,154.67314,0.8015256,8.160306e-08,3.069754e-07,0.007836449,3.5623117e-08
1069,0.15254103,0.2427138239145279,0.20842933654785156,0.0,-0.009622358,0.07621986,0.07779617,99.979576,343.40717,141.51147,5.106744,2.7963405,0.28619596,0.9994309,0.14924677,51.75555,0.7484918,3.4907663e-07,0.0019192161,0.011029956,0.0011549928
1070,0.15188384,0.23685459792613983,0.23697488009929657,0.0,0.54450095,0.8295761,0.06575861,98.11626,677.638,152.1797,3.210226,3.2729719,0.010016066,0.998941,0.16029538,23.021408,0.04937127,1.0586424e-06,3.4120674e-07,0.007942046,4.7959577e-07
1071,0.15780216,0.24409432709217072,0.21367555856704712,0.0,-0.0069309627,0.34735733,0.020175075,99.98276,115.59391,140.9761,4.562864,2.1529999,0.59114695,0.99998003,0.12755768,146.62808,0.49865416,1.9865166e-08,0.002353668,0.012542095,0.00064040633
1072,0.155704,0.2665841579437256,0.21712371706962585,0.0,-0.0074834917,0.14425196,0.05851535,99.97544,326.19406,139.4465,5.5883613,2.8961189,0.19008464,0.9996563,0.16302158,87.21959,0.44132864,6.482289e-07,0.019410497,0.011739004,0.0004140855
1073,0.1539973,0.23684842884540558,0.23760873079299927,0.0,0.67439616,0.98448026,0.06824,98.82571,678.7458,152.7168,3.078869,1.6782184,1.8318621,0.9996751,0.19421549,25.491085,0.22665769,3.2760481e-06,3.3717436e-06,0.0073268847,3.35068e-07
1074,0.16057397,0.2635425627231598,0.2313639372587204,0.0,-0.0064005144,0.34515095,0.020372666,99.12944,98.7857,139.52531,4.635238,1.9050016,0.8226497,0.9978382,0.10798409,70.65672,0.7758082,1.7810612e-06,0.004061321,0.01290794,0.0003168366
1075,0.15351759,0.2642062306404114,0.23212949931621552,0.0,-0.010029091,0.048804738,0.07875614,99.34746,292.73236,137.83536,5.798103,2.7240994,0.35973385,0.999989,0.17616661,10.744372,0.32348272,1.704604e-07,0.019345198,0.012179531,0.000514721
1076,0.15238522,0.24199111759662628,0.2344934344291687,0.0,-0.007508904,0.40173095,0.01711676,99.80745,207.49203,144.79904,4.1765957,3.036868,0.04247627,0.9998449,0.0109900655,162.95819,0.016993875,2.8732978e-07,0.00019344079,0.1370113,0.009601907
1077,0.15793684,0.256533145904541,0.25677818059921265,0.0,0.544055,0.8100366,0.05897153,99.99233,698.2403,152.39189,3.380369,2.4857678,1.1240803,0.9996993,0.18997122,185.04552,0.33286527,2.437985e-07,1.1847433e-06,0.0074402154,5.1739786e-09
1078,0.15611021,0.22896964848041534,0.23215033113956451,0.0,0.54323024,0.8818503,0.059371684,99.28165,692.3921,155.90659,2.94167,2.1117773,1.4534029,0.99995667,0.19994517,72.150314,0.11584355,3.0366795e-07,2.0202217e-06,0.0075559644,2.424031e-07
1079,0.15746157,0.22135180234909058,0.222519651055336,0.0,0.51144385,0.7682827,0.056999236,98.992004,696.4926,151.2169,3.2278826,2.0612307,1.4570198,0.9998425,0.23502855,123.68174,0.64458996,2.628214e-07,4.28896e-07,0.0073237554,3.7074567e-08
1080,0.15331633,0.24476395547389984,0.23105095326900482,0.0,-0.0074189366,0.40914026,0.017538382,99.92456,119.45959,146.30113,3.6090908,1.803096,1.0157803,0.99977213,0.1401533,111.13336,0.65251964,3.502447e-07,0.006535091,0.010778178,0.00012643918
1081,0.15635957,0.2469501495361328,0.24837283790111542,0.0,0.5114198,0.7900473,0.055478577,99.54408,699.30786,151.93333,3.295073,1.0962708,2.266121,0.9995745,0.183116,95.63556,0.76337254,9.506322e-09,3.721382e-06,0.007823403,2.5478789e-08
1082,0.16096774,0.24618496000766754,0.23839327692985535,0.0,-0.00738758,0.43711355,0.017248953,99.76108,56.62078,148.30727,3.5067,2.0675209,0.7517462,0.99998766,0.14019726,90.71978,0.84765,4.7096652e-08,0.003040496,0.0111134555,2.4946701e-05
1083,0.15667704,0.2358960509300232,0.22391857206821442,0.0,-0.007303564,0.44482625,0.019919077,98.26377,113.162384,150.4145,3.3162913,2.3517509,0.34248495,0.9985486,0.1325658,117.92053,0.3247126,1.6768762e-06,2.7397355e-06,0.011107271,9.773573e-07
1084,0.15267576,0.23183180391788483,0.22426581382751465,0.0,-0.0075126537,0.4257787,0.01715334,85.16548,101.83786,134.18771,3.183041,2.3089426,0.37517115,0.9997762,0.13697712,165.93385,0.43618554,1.5731358e-07,0.0018359424,0.0113164475,0.0003086026
1085,0.15205683,0.24092459678649902,0.2242806851863861,0.0,-0.0069993674,0.4030155,0.01764889,99.51633,95.43274,145.87581,3.7019827,1.8119584,0.8823977,0.9994221,0.11288296,28.953035,0.44122225,2.6852197e-08,0.00021106037,0.011838815,0.0005226479
1086,0.15597932,0.23330198228359222,0.23154757916927338,0.0,-0.0060597286,0.47039947,0.05378113,99.355705,494.06882,160.56326,3.113657,1.5821636,1.4999361,0.9997835,0.1715962,17.435942,0.31454283,1.8837282e-08,1.605813e-05,0.009506432,5.139045e-07
1087,0.15787207,0.24247939884662628,0.22302508354187012,0.0,-0.007225839,0.4048336,0.017588284,99.49926,118.26632,147.37975,3.6007597,2.42194,0.48368692,0.99982536,0.11603529,63.519573,0.79162645,1.8818585e-07,0.0033065374,0.011404934,8.685639e-05
1088,0.15365474,0.22771723568439484,0.22365401685237885,0.0,0.6722512,0.91461295,0.06545673,96.66989,698.7739,149.34079,3.2726753,2.0649045,1.1639392,0.99003035,0.171228,24.935318,0.17687894,3.4076204e-06,1.9511821e-05,0.007957501,2.8207663e-07
1089,0.15186635,0.2353881448507309,0.23402565717697144,0.0,-0.0062218173,0.4477558,0.06109271,99.48735,627.10864,161.7324,3.0581741,2.8217318,0.44434497,0.99806833,0.18378933,14.345587,0.046053354,7.875134e-06,2.3012522e-05,0.009228465,4.1145677e-07
1090,0.15282728,0.25866493582725525,0.24381761252880096,0.0,-0.0075131184,0.4072072,0.017556675,66.81108,87.10291,113.21221,2.6153388,1.9083041,1.0272909,0.9998612,0.10967852,36.990067,0.30639446,4.8507466e-08,0.0060589616,0.010678761,4.9138514e-05
1091,0.15556276,0.2341701090335846,0.23342859745025635,0.0,0.08941534,0.6035395,0.032649506,99.930275,698.6007,159.90399,3.1913679,2.7097795,0.69601387,0.9999469,0.19745731,62.33522,0.45352253,9.6250304e-08,6.135262e-07,0.008802763,1.5551892e-08
1092,0.15497106,0.25717970728874207,0.25508010387420654,0.0,0.9560031,1.3130175,0.07674089,78.542,696.81946,129.5895,2.7188666,2.724308,1.0124085,0.9999888,0.18484601,102.392525,0.8420698,1.1620868e-07,4.740008e-06,0.00687513,9.189996e-08
1093,0.15836047,0.24270741641521454,0.23165708780288696,0.0,-0.006652571,0.42657018,0.01642033,79.82399,43.46795,124.68112,3.1237679,0.99833965,1.9285852,0.9995467,0.15098682,16.503462,0.5680949,4.47944e-06,0.0028516818,0.010242657,0.00025335277
1094,0.15852462,0.2451404482126236,0.2462412714958191,0.0,0.5402448,0.8335608,0.056330457,90.124954,669.9815,142.60545,3.1638896,1.2579784,2.1165876,0.9963585,0.16864035,24.450035,0.16577885,8.7648596e-07,2.1706071e-05,0.0077359993,6.189624e-08
1095,0.15850669,0.2522617280483246,0.24910037219524384,0.0,-0.007289081,0.43921247,0.016975679,97.07318,109.77184,143.86745,3.4811769,2.4788094,0.28857216,0.99939454,0.14832641,16.669044,0.3645456,2.2548843e-06,0.005691207,0.010896309,6.689045e-05
1096,0.15445219,0.24720321595668793,0.23821990191936493,0.0,-0.007514005,0.42165262,0.016652081,98.88117,118.87189,146.00343,3.613092,2.0324306,0.8778195,0.9995151,0.13391006,41.45771,0.8690273,7.9614125e-08,0.006303019,0.010839886,3.3039156e-05
1097,0.15421459,0.2513648569583893,0.23338282108306885,0.0,-0.007447135,0.39860624,0.01892375,99.151344,118.37181,146.1714,3.5974808,2.241006,0.56989175,0.9997744,0.13594939,99.64452,0.66275764,6.86317e-08,0.005874219,0.011028429,0.00013572988
1098,0.15711343,0.23877352476119995,0.238687202334404,0.0,0.5115654,0.7649082,0.05753324,99.71475,698.1426,151.49606,3.253682,2.0613556,1.6970463,0.9998711,0.16627686,51.114735,0.20042859,1.18228325e-08,1.5437076e-06,0.0073004724,2.4936476e-08
1099,0.15500209,0.23608125746250153,0.23320737481117249,0.0,-0.006637951,0.46329686,0.054185517,99.85934,338.14648,159.56711,3.1586072,2.6298807,0.31167802,0.9987495,0.19162682,71.746864,0.36098132,2.575273e-06,2.5146466e-05,0.009604241,4.7941353e-07
1100,0.15707989,0.24351398646831512,0.24414275586605072,0.0,0.5455264,0.85401297,0.054804735,99.983406,699.66864,152.56342,3.302057,2.1333392,1.5885544,0.999948,0.18067826,51.90168,0.5889447,1.0203054e-07,1.1330462e-07,0.007314634,3.0672233e-08
1101,0.15777792,0.25877323746681213,0.2603507339954376,0.0,0.6744662,1.0046426,0.061710943,99.8531,699.38654,152.48448,3.2853467,2.8362982,1.0472034,0.9999293,0.193967,133.97115,0.94868463,3.908269e-07,3.4976544e-08,0.007089334,1.0696509e-07
1102,0.1559634,0.23625218868255615,0.23482370376586914,0.0,0.089377314,0.58603126,0.033152837,99.7515,674.83545,159.27875,3.083745,2.53668,0.8370868,0.99941564,0.20787884,55.767387,0.2701626,5.17811e-07,6.1779446e-07,0.008413581,3.2834674e-08
1103,0.15281144,0.2155541181564331,0.2079823762178421,0.0,-0.007275789,0.4522361,0.019124037,90.752235,44.86,143.23303,2.8705838,1.4516808,1.3425134,0.98870283,0.14390327,13.907699,0.012105832,4.9149335e-06,0.00018455747,0.01006908,1.2949232e-06
1104,0.16033074,0.229155033826828,0.2265552133321762,0.0,0.5405839,0.7741618,0.06265372,98.517975,697.8927,151.33893,3.3205981,3.0020206,0.5283215,0.99979323,0.18009135,39.498684,0.28364775,3.3880713e-08,8.856249e-06,0.008025763,1.0789896e-09
1105,0.15382119,0.22819288074970245,0.2218809276819229,0.0,-0.006979362,0.43683946,0.017266147,85.624016,107.31524,135.85442,2.99843,2.6390765,0.21231303,0.99989307,0.148109,122.83621,0.057465788,3.3613676e-07,3.1120715e-05,0.010977646,0.00035405514
1106,0.15722544,0.24430972337722778,0.23355551064014435,0.0,-0.0074914056,0.42756096,0.019217141,85.89982,106.71127,137.00377,2.9321668,2.0356867,0.90977174,0.9996126,0.14331172,64.12814,0.5277346,5.4136683e-07,0.0023692716,0.010224361,5.360925e-05
1107,0.15519015,0.2479260265827179,0.23218925297260284,0.0,-0.0062493263,0.416944,0.019315802,98.4968,96.54441,146.94809,3.347538,2.263394,0.50987947,0.9984746,0.13239504,14.718303,0.072674565,7.3113083e-06,0.0030273066,0.011223048,8.8408015e-05
1108,0.15403382,0.24893011152744293,0.2305067479610443,0.0,-0.007431589,0.39008304,0.017528117,99.85734,123.669106,142.94414,4.01752,2.1911461,0.54657793,0.9989084,0.12949267,49.765476,0.605491,2.3646487e-07,0.006371423,0.011209642,0.000319706
1109,0.15300156,0.23457540571689606,0.2342659831047058,0.0,-0.0055031325,0.5527054,0.036567524,99.77325,38.59045,154.0189,3.0358517,2.1289697,1.0113431,0.99982005,0.19303595,128.06764,0.74822927,7.6803394e-07,2.3961113e-06,0.009078696,9.562023e-09
1110,0.15338826,0.24392102658748627,0.2249467670917511,0.0,-0.010131927,0.017583437,0.09470931,99.944954,223.65167,140.06866,5.4326043,2.8860433,0.25141656,0.9995505,0.16236854,180.18182,0.19295803,2.5803016e-07,0.005927954,0.011558476,0.0008923238
1111,0.15676518,0.23823535442352295,0.22337982058525085,0.0,-0.007551829,0.40196308,0.017263826,97.566315,24.876118,139.43611,3.888098,1.9165512,0.81535524,0.9999153,0.15283386,15.9391775,0.26503432,9.1496173e-07,0.0042223055,0.010069538,0.00034004255
1112,0.15462598,0.24612534046173096,0.24425183236598969,0.0,0.5401089,0.83998704,0.061206188,97.27948,695.1719,149.67136,3.405351,1.9133005,1.3686005,0.99985206,0.1577826,108.03748,0.60577315,1.0062503e-07,1.5169122e-06,0.008358425,7.8895084e-08
1113,0.1565866,0.23151560127735138,0.23410853743553162,0.0,0.54333913,0.8567082,0.05648794,99.98126,695.6457,152.67313,3.2127597,2.310838,1.3435079,0.999894,0.18853827,42.64289,0.46329054,9.828963e-07,5.8333057e-08,0.00726073,1.8166217e-08
1114,0.1529685,0.24100199341773987,0.24016624689102173,0.0,-0.005513183,0.53005385,0.03901825,99.95242,693.69104,162.40178,3.0992699,2.1774042,1.1427441,0.9999609,0.19131169,184.20049,0.7859188,7.9584635e-07,8.081374e-07,0.008689451,4.1061504e-08
1115,0.15874259,0.24430350959300995,0.2285461574792862,0.0,-0.005999955,0.409147,0.017398866,95.187965,109.60282,140.2269,3.69734,2.1721935,0.63639975,0.99287635,0.13009302,17.106966,0.4574926,2.6440424e-05,0.0040360386,0.0119652795,0.00018166752
1116,0.15668996,0.2420966774225235,0.22075410187244415,0.0,-0.0073488737,0.38311195,0.019849364,99.17324,60.214775,140.84065,4.1067796,2.3390954,0.6102665,0.9997797,0.14048404,182.22144,0.090905465,1.6822993e-07,0.0059025986,0.010556091,0.00016634529
1117,0.1584032,0.2409249246120453,0.23794028162956238,0.0,-0.005562741,0.53779626,0.02733405,99.89179,13.627378,150.46762,3.243126,2.1628747,1.0346204,0.99935704,0.185753,147.60464,0.2093094,3.0967703e-07,1.0314852e-07,0.008868663,3.8276358e-08
1118,0.15149833,0.22975561022758484,0.23200520873069763,0.0,0.54469573,0.86750275,0.05956365,99.645,692.9989,154.71768,3.1471517,1.7499741,1.6513878,0.9999679,0.18711026,154.12682,0.07794481,1.4191265e-07,9.719598e-06,0.0075199828,3.4578193e-08
1119,0.1565757,0.2623165547847748,0.233552023768425,0.0,-0.0067763287,0.33853132,0.021661814,99.93779,17.065254,139.39566,4.3355885,2.9436378,0.22895502,0.99967575,0.11455795,168.65662,0.9863205,5.255985e-07,0.0054323142,0.010655868,0.0004753439
1120,0.15434128,0.23758547008037567,0.22679974138736725,0.0,-0.007043951,0.41572523,0.01806434,77.73924,98.74738,126.539154,2.720479,1.8984175,0.93000114,0.999412,0.15429911,59.402752,0.7613073,3.0996333e-07,0.0014004764,0.009736083,0.00032209646
1121,0.15509163,0.22901757061481476,0.21772778034210205,0.0,-0.0073256427,0.4431791,0.019262383,99.91405,120.0744,152.5582,3.2333426,1.5771369,1.1685063,0.99991167,0.1552847,17.27305,0.67982626,9.910275e-07,2.360428e-06,0.010325266,9.779086e-08
1122,0.15616523,0.23880699276924133,0.24043749272823334,0.0,0.54437363,0.8463162,0.059765738,96.50467,699.8239,148.99254,3.290452,3.2363918,0.42087308,0.9993934,0.1753394,120.13633,0.54109395,2.1502464e-07,2.7295152e-07,0.007384542,2.7702669e-08
1123,0.15568835,0.2311198115348816,0.21037504076957703,0.0,-0.0075155315,0.38477287,0.019361021,99.62028,115.25552,142.80618,4.1699896,2.6355104,0.24210282,0.9997175,0.15952513,29.303703,0.76569444,1.7437148e-07,0.00041246307,0.010994053,0.0006264192
1124,0.1546384,0.24543049931526184,0.2432994693517685,0.0,0.54450613,0.8135122,0.05821143,93.9628,698.7463,145.20934,3.3700428,1.5899714,1.7375052,0.999823,0.16488731,111.924934,0.60548747,5.638223e-07,1.838817e-06,0.007919768,2.0491068e-08
1125,0.15657881,0.2535583972930908,0.2529717981815338,0.0,-0.0061142268,0.54591846,0.043899737,99.732864,681.895,162.48312,3.0608,1.2969497,2.195877,0.99533474,0.1612086,125.37338,0.29544422,1.1216763e-06,5.342727e-07,0.008857559,1.1701869e-08
1126,0.1569325,0.24792763590812683,0.24992886185646057,0.0,0.55424434,0.8895936,0.063737735,97.530495,697.9218,153.64145,2.9759836,1.0285687,2.3908339,0.99994856,0.1851896,24.539742,0.8713428,3.983065e-06,6.2281924e-06,0.007531462,2.332731e-08
1127,0.14927275,0.21227601170539856,0.21630428731441498,0.0,0.53952,0.84847254,0.061724138,99.56813,699.7939,154.5596,3.1324096,2.1633675,1.2226678,0.99972355,0.18488438,76.68105,0.22642668,5.014873e-07,4.219617e-06,0.007802958,6.047003e-08
1128,0.15978238,0.24045102298259735,0.22528859972953796,0.0,-0.00741683,0.42434847,0.017118488,99.53711,119.02888,149.35593,3.4903123,1.9219084,0.8293606,0.99995834,0.1257238,100.036415,0.7620902,2.7065857e-08,0.0005601406,0.011284244,5.2121864e-05
1129,0.15301812,0.24194981157779694,0.2416582554578781,0.0,0.08937333,0.60873467,0.031942092,99.99314,699.29,159.97934,3.1665006,2.6003692,0.7322252,0.9999564,0.17968485,71.63735,0.37701064,6.982305e-08,6.97122e-08,0.008706445,2.0604341e-08
1130,0.15643941,0.23042239248752594,0.22843486070632935,0.0,0.0894081,0.58553314,0.032054894,99.99514,699.7485,159.0532,3.2649376,2.2906303,0.94962966,0.9999904,0.20130222,130.65085,0.3232053,3.1413702e-08,4.4431427e-08,0.00883671,2.246476e-09
1131,0.15650849,0.2528904378414154,0.25177159905433655,0.0,0.6712288,0.9044408,0.06390915,99.38284,699.7561,150.84123,3.4153354,2.348247,1.249229,0.99974996,0.18908854,139.05896,0.2784972,1.1016676e-07,2.229908e-08,0.0075402213,7.927337e-09
1132,0.15456831,0.22590942680835724,0.2084391862154007,0.0,-0.0073373597,0.4014462,0.017624374,99.412735,39.1788,142.33064,3.8126125,1.33697,1.5158247,0.99997836,0.16136445,137.97269,0.38586485,1.2308707e-06,0.00020171796,0.010016756,0.00051627366
1133,0.15587887,0.2521882653236389,0.23058168590068817,0.0,-0.007114624,0.3443471,0.020505501,98.21098,205.65398,140.53098,4.447187,2.5042727,0.58073264,0.9999446,0.13417356,113.43494,0.5445881,6.4833614e-08,0.0035204343,0.0108473245,0.00089305465
1134,0.15644097,0.22921304404735565,0.22891899943351746,0.0,0.08874063,0.5905342,0.036207184,99.94586,638.54974,160.81923,3.0601172,1.8777401,1.510478,0.99842966,0.19948736,121.26401,0.22140862,1.574554e-06,1.6034298e-07,0.008733664,1.6984875e-07
1135,0.1543718,0.24873481690883636,0.23700550198554993,0.0,-0.0069940407,0.41502982,0.018052662,61.283623,201.76253,112.532265,2.4689698,2.0706768,1.2158592,0.9961221,0.1379443,16.45836,0.13915282,2.7296712e-06,0.010045707,0.009984453,3.7036076e-05
1136,0.15307619,0.25512513518333435,0.2280016392469406,0.0,-0.005958891,0.36117125,0.020084435,99.08675,70.06056,139.71446,4.203091,2.664745,0.2569317,0.9993556,0.1267165,72.46252,0.49875233,6.9197563e-07,0.004538807,0.011359158,0.00053358317
1137,0.15705848,0.2133350372314453,0.21152614057064056,0.0,0.55408055,0.84040874,0.06269311,72.00387,673.2843,125.58492,2.755095,2.2323585,1.3469483,0.997914,0.20640023,21.347366,0.09986921,6.0464645e-06,1.2823004e-05,0.008069821,3.960216e-08
1138,0.15908147,0.23756763339042664,0.23733142018318176,0.0,0.5430569,0.8224755,0.056725346,99.08802,691.4127,150.81306,3.310529,1.0743568,2.351311,0.9966021,0.18501331,10.894819,0.010024296,4.9108767e-06,9.746386e-06,0.007437668,2.896056e-07
1139,0.15431927,0.23617234826087952,0.23396462202072144,0.0,0.53970283,0.7716455,0.0602391,99.81007,696.6002,152.73975,3.3715374,1.5692852,1.8719565,0.99963856,0.18615577,40.718685,0.8113852,1.6197016e-06,4.261697e-06,0.008038351,9.1436036e-08
1140,0.15761742,0.22180117666721344,0.22339965403079987,0.0,0.5428409,0.8211664,0.0609868,98.50605,699.7562,152.3349,3.198585,2.506576,1.1492846,0.9987743,0.20156871,21.857618,0.1980871,7.72996e-06,4.1770477e-06,0.0076536937,1.4718246e-07
1141,0.1551495,0.23447781801223755,0.23367701470851898,0.0,0.08936642,0.5973312,0.03435313,97.244026,666.6002,157.45006,3.090791,2.9421976,0.4864974,0.99617386,0.18067324,19.066822,0.17046905,1.0247354e-08,3.0191013e-06,0.008467111,5.8111617e-08
1142,0.15547246,0.24904164671897888,0.23918476700782776,0.0,-0.00659176,0.42448872,0.017282195,87.04694,65.37103,137.28502,2.9749093,1.7376329,0.90914506,0.99928147,0.14503673,16.524149,0.697081,8.360486e-07,0.0027541737,0.011388084,0.00023164733
1143,0.15518561,0.22824785113334656,0.22909054160118103,0.0,0.67422646,0.94235176,0.06577106,99.985794,698.2696,153.37798,3.2082295,2.1513932,1.3365142,0.9997964,0.18746325,25.465498,0.22991292,4.03244e-08,8.647749e-07,0.0076000653,1.8065652e-08
1144,0.15488277,0.2572898268699646,0.24318689107894897,0.0,-0.0072707604,0.40379202,0.017324796,97.38518,76.38942,140.54095,3.551137,2.1939495,0.7144298,0.9998029,0.12901539,98.95519,0.46830165,1.6846292e-06,0.008426605,0.010561336,5.2746265e-05
1145,0.15620483,0.23802155256271362,0.23744146525859833,0.0,0.5398272,0.77802664,0.06114958,94.32364,690.3137,148.58408,3.0929604,2.412617,1.0664537,0.9996439,0.146605,24.639488,0.16743766,6.432188e-08,7.654915e-06,0.007978224,2.710268e-07
1146,0.15391062,0.24386310577392578,0.23644883930683136,0.0,-0.00725041,0.41129807,0.018744597,98.73238,67.2084,143.84912,3.4918404,1.834185,0.9380721,0.9998297,0.13573006,78.65308,0.5828038,8.453637e-07,0.006644406,0.010782117,7.7988516e-05
1147,0.15422474,0.24466367065906525,0.23770223557949066,0.0,-0.007490129,0.42719325,0.017364647,96.53368,115.900055,143.60942,3.4169693,2.2871423,0.55275357,0.99998164,0.13871907,69.80442,0.35492185,9.736274e-07,0.0057801413,0.010816397,0.0001071717
1148,0.15298502,0.25203371047973633,0.23122555017471313,0.0,-0.0072488594,0.35285288,0.020129215,96.51124,237.02238,139.82031,4.377529,2.8245316,0.27669343,0.99967223,0.12878968,39.09952,0.7591276,5.490391e-07,0.007037235,0.0107023455,0.00053944066
1149,0.15400682,0.2324618697166443,0.23256389796733856,0.0,0.5429542,0.8245469,0.060411017,99.58859,699.6375,152.66444,3.2659245,1.1483195,2.4814112,0.99989444,0.16491722,20.834984,0.010666091,7.808398e-07,9.949273e-07,0.0073152846,3.3371027e-08
1150,0.15241882,0.2374546080827713,0.21308961510658264,0.0,-0.007437747,0.39086717,0.019758282,99.74265,17.351372,146.8739,3.6941667,1.7486318,0.88555634,0.9994287,0.114864804,150.93115,0.54291195,4.4504986e-09,0.00067452324,0.011712441,0.00026254158
1151,0.15878701,0.2443377673625946,0.22787843644618988,0.0,-0.0060732383,0.4119139,0.019883601,73.65632,86.707275,122.40097,2.7213893,1.5614419,1.3590432,0.998829,0.13402501,15.030607,0.038168516,6.704006e-08,0.00047246562,0.010232397,0.00024895245
1152,0.15808594,0.24202017486095428,0.24143236875534058,0.0,0.6711999,0.92683846,0.0648865,96.140305,698.5521,146.26883,3.498323,2.4372523,1.2511413,0.99962085,0.17849118,66.49051,0.10607244,9.900178e-07,3.7678894e-06,0.007506903,7.2390286e-08
1153,0.15499407,0.24276624619960785,0.24537870287895203,0.0,0.76359874,1.061261,0.0742407,96.39589,696.0929,149.78961,3.0499492,2.735367,0.807921,0.99911344,0.17774062,76.911644,0.62294436,4.6518508e-07,2.8933562e-06,0.0075057843,6.272783e-09
1154,0.15451576,0.20652218163013458,0.20700106024742126,0.0,0.67515785,1.0139475,0.06620151,99.94149,692.4316,156.08134,2.9693058,1.8607904,1.6406518,0.9998634,0.19412573,168.83037,0.7300613,8.606386e-07,6.7964497e-06,0.007692925,2.760593e-07
1155,0.15863194,0.23283635079860687,0.2286032885313034,0.0,0.7652569,0.9858356,0.076217555,99.49702,698.84766,151.63316,3.3940163,2.9688132,0.68869597,0.99996793,0.1792542,92.43931,0.53612125,1.0495978e-07,4.6885066e-07,0.0078396965,5.099512e-09
1156,0.15341865,0.2314155548810959,0.23058322072029114,0.0,-0.006347426,0.44429362,0.06354056,99.748314,682.58777,163.1622,3.1912923,2.1064103,1.079206,0.99964106,0.18653919,129.54204,0.6288082,4.0918817e-06,8.359411e-07,0.00931324,3.388107e-08
1157,0.15739325,0.24179503321647644,0.24377809464931488,0.0,0.51142883,0.76085,0.064708576,99.68511,695.3664,154.18552,3.0761554,2.2940784,1.2169456,0.999122,0.15546717,104.96209,0.29651,1.0490597e-06,4.4611124e-06,0.00785895,5.944461e-08
1158,0.15202287,0.22609631717205048,0.22353367507457733,0.0,-0.006475699,0.55708647,0.025143541,99.355896,110.92519,153.05331,3.186286,1.9933736,1.0684438,0.9991349,0.17408161,54.016495,0.55771995,1.3184856e-06,3.874738e-08,0.009710682,1.4021839e-07
1159,0.15659325,0.24904312193393707,0.24705573916435242,0.0,0.5433153,0.80060613,0.060509387,99.496735,698.3739,151.62796,3.4346657,2.8565698,0.6023179,0.9999221,0.1935981,26.97812,0.6680296,2.5169925e-07,1.310282e-06,0.008075301,1.4897437e-07
1160,0.1561319,0.24212388694286346,0.24311046302318573,0.0,0.67129886,0.94041944,0.06354229,99.89751,699.0515,152.20786,3.1962826,2.0237148,1.469211,0.9999646,0.18212168,152.03915,0.1773038,1.2254976e-07,1.0034883e-06,0.007126606,5.2087483e-08
1161,0.15164408,0.24425724148750305,0.24712325632572174,0.0,0.5425456,0.8401062,0.061513,99.94847,697.33887,154.37976,3.156026,1.365582,1.973251,0.9997559,0.18626283,92.208336,0.72630584,3.6253013e-07,4.805287e-07,0.007598401,3.538603e-08
1162,0.15812817,0.23706242442131042,0.23226383328437805,0.0,0.5551061,0.79102355,0.064639464,99.327805,678.41614,152.1628,3.4437304,1.6111048,2.0235038,0.997897,0.17674005,81.116104,0.70427054,1.0184224e-06,1.5875226e-05,0.00817196,3.8222757e-07
1163,0.15657966,0.24799486994743347,0.2520293593406677,0.0,0.53991765,0.920434,0.05870866,99.67249,698.85706,156.64351,2.9028537,2.0123756,1.3813692,0.99998665,0.17731921,89.458084,0.6274273,1.801292e-08,3.1261925e-07,0.007588502,2.7828227e-08
1164,0.15541746,0.23752281069755554,0.23771385848522186,0.0,0.74156535,0.9941864,0.07681889,91.19368,699.1858,144.1249,3.1220171,2.28729,1.424701,0.9978414,0.1594771,27.197683,0.12359687,3.583259e-07,2.148911e-05,0.0076389075,8.28566e-07
1165,0.15439576,0.23596355319023132,0.21910853683948517,0.0,0.06684408,0.43287268,0.021123122,99.38362,200.43665,146.56425,3.7208705,2.442391,0.4908272,0.99948364,0.14131597,16.749382,0.30090111,2.312872e-06,0.005642481,0.010303772,3.7627506e-05
1166,0.15392093,0.24698807299137115,0.22223538160324097,0.0,-0.0074212546,0.39043015,0.017738538,99.167534,118.889114,141.73123,4.155363,2.1225958,0.7341184,0.9998622,0.13348745,112.56824,0.23809297,1.826201e-07,0.00025097938,0.0108272135,0.00065188186
1167,0.15601498,0.244186669588089,0.24764123558998108,0.0,0.5115293,0.82412976,0.061228488,97.913475,695.07166,151.19962,3.1726627,0.9630645,2.3773053,0.9999793,0.16362517,100.78109,0.17263556,4.7509378e-08,4.0579357e-06,0.00802878,2.3894152e-08
1168,0.15679479,0.24386046826839447,0.23799540102481842,0.0,0.54067934,0.7573248,0.057692327,99.42693,699.5287,149.4321,3.6504712,2.6956286,0.6353132,0.9994969,0.22438584,92.00038,0.016187934,2.811425e-08,1.6882689e-07,0.007983331,3.3996088e-08
1169,0.15949963,0.23713825643062592,0.2342948168516159,0.0,0.5453621,0.77396715,0.062327083,98.791084,697.2054,149.1668,3.619217,2.9022536,0.7230706,0.99955785,0.19806604,56.147312,0.10389729,2.2419552e-07,1.8074961e-06,0.007677704,1.0259547e-07
1170,0.15488333,0.2300620675086975,0.23026905953884125,0.0,0.54318833,0.8565517,0.056766387,88.56198,677.0459,140.86188,3.0071907,1.8238928,1.8261751,0.9847687,0.1877525,17.307493,0.018120179,7.6137776e-06,1.523935e-05,0.0074836505,1.1371357e-06
1171,0.15333015,0.23640036582946777,0.23875348269939423,0.0,0.53944474,0.83104944,0.0638215,99.738754,695.77954,156.78796,3.013758,0.9848449,2.4257195,0.99950427,0.17428681,34.750183,0.98817265,5.12297e-07,1.6183215e-07,0.007916426,3.7186997e-08
1172,0.15450127,0.2412213534116745,0.2280001938343048,0.0,-0.0055726897,0.41187218,0.017544052,99.24845,125.651,147.49753,3.5470996,1.8168817,1.1191748,0.9975226,0.14398615,15.568975,0.20612228,1.5931833e-05,0.006861063,0.011242517,8.69186e-06
1173,0.15522464,0.22519919276237488,0.22246962785720825,0.0,-0.007201363,0.4964875,0.040401544,99.00562,84.969055,152.09636,3.0714493,2.8299978,0.39362374,0.99547046,0.19063129,16.836948,0.37228915,7.2034895e-06,1.0478036e-05,0.008962147,1.4711505e-08
1174,0.15569969,0.2446141093969345,0.23147861659526825,0.0,-0.0070787505,0.41796732,0.01793862,67.81963,88.51422,116.70838,2.695284,1.279989,1.5554999,0.9986404,0.14739025,14.603059,0.10282337,1.9979016e-06,0.0048858197,0.011019363,8.4844e-05
1175,0.15549143,0.2314833402633667,0.21911662817001343,0.0,-0.0070592524,0.40157613,0.018669788,98.73719,57.889435,141.80783,3.752801,2.5394392,0.41967085,0.9989765,0.12437534,169.18628,0.3822675,2.2102665e-07,0.0075859358,0.010929541,2.2016826e-05
1176,0.15787597,0.21892236173152924,0.2177646905183792,0.0,0.5401559,0.7922411,0.06402134,99.014534,698.7618,151.80873,3.2733161,1.1470726,2.3551574,0.9996675,0.16868438,109.0118,0.9194561,9.794368e-08,2.0941009e-06,0.007954358,1.8550439e-07
1177,0.15467085,0.228966623544693,0.23091477155685425,0.0,0.5411564,0.84565866,0.05922235,99.78171,698.4927,154.65868,3.1758106,2.0549626,1.3764012,0.9997649,0.20850816,50.25762,0.7085878,2.7969094e-07,4.0233504e-06,0.007856515,1.0385465e-07
1178,0.15758894,0.25249046087265015,0.23445776104927063,0.0,-0.010352292,0.010539598,0.09215192,99.690285,314.668,138.48547,5.689121,2.7447424,0.314472,0.9999421,0.18071797,153.83203,0.8013412,1.8445616e-06,0.003938345,0.011653076,0.0016315964
1179,0.15880445,0.24548690021038055,0.22972284257411957,0.0,-0.0074819224,0.42325962,0.018922362,98.681526,91.804634,145.06895,3.513793,2.0457344,0.82907254,0.9996908,0.15324481,104.098885,0.80135006,7.439902e-07,0.0020686493,0.010669996,0.00013186192
1180,0.15397589,0.24685758352279663,0.24518607556819916,0.0,-0.005548035,0.4412515,0.06015634,99.4737,368.0309,161.61562,3.0216904,1.6153609,1.5731529,0.99926376,0.16812146,38.66851,0.3272157,8.802029e-06,3.1974545e-07,0.009436307,3.0941486e-08
1181,0.15572603,0.2610890865325928,0.22106865048408508,0.0,-0.00949381,0.067565426,0.07940493,81.92433,459.90915,122.38168,4.596734,2.7467036,0.15265389,0.9997309,0.0109343575,59.02999,0.25057435,2.0233912e-05,0.00047716807,0.14822686,0.017390747
1182,0.15642473,0.2323039472103119,0.22514653205871582,0.0,-0.0073897876,0.44261095,0.017195245,99.948685,41.820045,150.02518,3.2983665,1.7867653,1.0948851,0.99954003,0.13952193,142.26935,0.97091913,5.6887274e-08,0.00030895064,0.0105845835,0.00016586999
1183,0.15496013,0.2460562288761139,0.21731160581111908,0.0,-0.007463988,0.32838953,0.018403675,99.978195,232.53304,141.27467,4.940507,2.5519056,0.4932044,0.9998603,0.1339887,94.6571,0.47492236,2.1665981e-07,0.0013250333,0.011302055,0.0013007722
1184,0.1572167,0.2266150712966919,0.2259192168712616,0.0,0.6749522,0.96270347,0.059719108,99.421745,682.1324,152.21242,3.3460357,2.4902706,1.3102244,0.9997932,0.16744335,22.315804,0.01722975,5.680976e-07,2.0563657e-06,0.0075202626,1.627936e-08
1185,0.15466759,0.24474216997623444,0.24348489940166473,0.0,0.5554137,0.8184938,0.061671082,99.365074,699.7911,152.78508,3.346561,2.9603472,0.41129607,0.99952275,0.16464536,65.38955,0.33715364,2.0813583e-07,1.1426897e-06,0.00793536,3.5495805e-08
1186,0.15255286,0.23121799528598785,0.21682880818843842,0.0,-0.007233224,0.40169552,0.01734814,98.82361,87.40667,143.05867,3.7108102,2.0633533,0.7710851,0.9999373,0.13695784,100.71912,0.51602036,3.3432113e-07,0.00017594846,0.010790718,0.00063226145
1187,0.15842964,0.24000781774520874,0.23801080882549286,0.0,0.6731991,0.92022425,0.06593875,96.43255,698.5066,146.71371,3.4444659,1.7591774,1.7497587,0.998929,0.15546693,174.71165,0.5189939,2.809025e-07,1.432447e-06,0.0077626663,2.3398538e-08
1188,0.15575044,0.24370229244232178,0.23552778363227844,0.0,-0.00556486,0.4312516,0.016458921,86.771034,99.11391,133.81865,3.3068027,2.685709,0.053147644,0.99615705,0.011687892,100.6621,0.6607339,1.7855346e-06,5.994469e-06,0.13501346,0.0076101203
1189,0.1578667,0.2523426115512848,0.2405702769756317,0.0,-0.0075157005,0.42760757,0.017348025,75.35332,96.51122,124.660706,2.6898553,1.5827118,1.3857608,0.99959433,0.16285653,75.96156,0.4015864,7.9964494e-08,0.002753667,0.0099081155,2.434727e-05
1190,0.15818296,0.25670433044433594,0.2242029756307602,0.0,-0.009537115,0.027238248,0.08610212,99.95141,81.57101,135.3678,6.097574,2.105068,0.43313938,0.99979126,0.15800247,119.56205,0.11727945,6.900746e-08,0.00031869518,0.013970496,0.0015846012
1191,0.1547991,0.22115422785282135,0.22231116890907288,0.0,0.5393705,0.86805874,0.0585465,98.011665,695.3813,152.46562,3.1744967,1.9005735,1.5649506,0.9980447,0.22562562,44.839386,0.75022316,2.6321775e-06,8.045462e-07,0.007932193,1.091733e-07
1192,0.15713942,0.23869526386260986,0.22348985075950623,0.0,-0.005568463,0.42898792,0.017270956,82.897064,73.4775,132.17029,2.9775536,1.8533558,0.72353935,0.99957293,0.12597658,17.481876,0.48064205,7.973189e-07,0.0014159882,0.011747723,0.00013955423
1193,0.15423751,0.25185567140579224,0.22989889979362488,0.0,-0.0067618834,0.37086892,0.017205527,99.89929,40.023903,140.09294,4.4362106,1.990526,0.87128425,0.9965921,0.11706045,163.7272,0.6080423,4.3622103e-07,0.007334867,0.012123216,8.964072e-05
1194,0.15343848,0.2326989471912384,0.21835464239120483,0.0,-0.0066972463,0.43947595,0.017647393,81.733284,97.360085,132.87315,2.7960353,2.0774224,0.56730795,0.99865013,0.15785678,13.961605,0.026590487,2.1493402e-06,0.0004586865,0.010315804,1.0775219e-05
1195,0.15532172,0.23908326029777527,0.22104758024215698,0.0,-0.00745449,0.39155275,0.017766358,99.018936,58.40231,141.7363,3.9511123,1.8588289,0.9484502,0.9998625,0.10738877,115.44779,0.8353321,2.3589578e-07,0.006498148,0.01185164,0.00010953681
1196,0.15534303,0.22852453589439392,0.22798983752727509,0.0,0.7358411,1.0294298,0.07117387,99.8802,697.3753,153.46133,3.2088459,2.0352995,1.4379319,0.99921715,0.18378694,165.03728,0.5779013,1.1898793e-07,2.051826e-06,0.007618784,6.3375424e-08
1197,0.15382323,0.24803447723388672,0.23900382220745087,0.0,-0.006405162,0.40382105,0.019443475,92.616325,241.59306,139.9087,3.524098,1.3818424,1.6460536,0.97470963,0.14942123,16.08846,0.334802,4.7400133e-09,0.0005611742,0.009700315,0.000762243
1198,0.1563728,0.25432270765304565,0.22962798178195953,0.0,-0.0068609808,0.35775822,0.020924356,99.503105,207.00467,143.75354,4.07457,2.8015487,0.39361557,0.9994839,0.14603113,84.36237,0.4209511,2.0052693e-07,0.009226119,0.010879008,0.000466681
1199,0.15402451,0.23016656935214996,0.2247946411371231,0.0,0.7412042,0.98181766,0.0701701,98.08975,694.8607,151.21819,3.2241986,0.97480935,2.475127,0.998891,0.2025051,168.93625,0.41173357,1.6014177e-07,1.5117089e-06,0.007851787,2.1521123e-07
1200,0.15308554,0.22630691528320312,0.22258570790290833,0.0,-0.0067329304,0.4383332,0.017205847,86.080734,109.00626,134.11859,3.0425766,2.7129686,0.2954113,0.9918801,0.15606147,13.644699,0.047428466,7.0453348e-06,0.0064002834,0.010335993,5.2499243e-05
1201,0.15585159,0.24829714000225067,0.2426348626613617,0.0,-0.007468811,0.409098,0.017292986,99.55727,223.74002,146.23053,3.8426871,2.5639098,0.6208807,0.9998675,0.14514332,21.841925,0.24522686,1.6216867e-07,0.0040865107,0.010036052,0.0005586117
1202,0.15221135,0.2506730854511261,0.2269745022058487,0.0,-0.009920526,0.09130656,0.07453566,98.20595,235.03838,139.9483,5.13272,2.4089139,0.42199606,0.9950335,0.13870081,14.522242,0.38521308,1.0199567e-06,0.018359724,0.013257859,0.0001061246
1203,0.15636852,0.25428587198257446,0.2321152687072754,0.0,-0.009782189,0.00018787767,0.09036296,96.52903,241.47874,134.57057,5.6173077,2.610343,0.24040654,0.9970063,0.17150474,154.42032,0.54489285,8.6425126e-07,0.008684252,0.012858059,0.0014705388
1204,0.15738639,0.23392513394355774,0.21769294142723083,0.0,-0.007365583,0.4056523,0.017691385,96.60701,115.52965,141.39296,3.7584631,2.8034208,0.0881344,0.9999325,0.011219246,141.86292,0.363154,6.636561e-08,0.00039997627,0.13077895,0.0027353237
1205,0.15648831,0.23970326781272888,0.2427513152360916,0.0,0.54392,0.89682966,0.060843244,99.916824,699.0444,155.6202,2.9573505,1.8097533,1.9058044,0.99961776,0.17048438,52.491882,0.5022472,5.774496e-07,2.0774626e-06,0.007258218,2.6431396e-08
1206,0.1568633,0.24829886853694916,0.22021494805812836,0.0,-0.010387596,0.05722872,0.084389634,99.59755,31.95599,135.27101,5.4932404,2.2890546,0.40503728,0.99888176,0.14997767,50.451412,0.0628748,3.2670317e-07,0.0070041874,0.012891226,0.00065851427
1207,0.15396222,0.24506980180740356,0.24672171473503113,0.0,0.53988254,0.79252785,0.061176583,98.82524,695.8247,151.82,3.273122,2.0715244,1.4155264,0.9999246,0.20035318,107.4809,0.6023472,7.4383513e-07,2.7815737e-08,0.007576937,3.1511632e-08
1208,0.1580222,0.241645947098732,0.229994535446167,0.0,-0.0074566565,0.4371472,0.017267643,99.567345,49.022694,149.7228,3.3678913,2.06677,0.7088467,0.99976844,0.1247066,132.18436,0.31874964,8.25709e-07,0.00035708552,0.010838281,1.0869704e-05
1209,0.15768592,0.24560211598873138,0.24546878039836884,0.0,0.53771585,0.8126779,0.055198118,94.84189,678.4401,147.43794,3.1294584,0.4313852,3.3780978,0.999274,0.16063166,23.931686,0.27483615,2.6628171e-05,8.469876e-06,0.0072322823,1.5519314e-06
1210,0.15290919,0.26689499616622925,0.23917743563652039,0.0,-0.16436376,0.06198693,0.06585686,94.630844,87.83625,138.72081,3.7533891,0.8575027,1.7288845,0.99678636,0.14584589,68.26191,0.4677418,2.7736564e-07,0.0009748146,0.011756504,0.0007843395
1211,0.15776429,0.24707446992397308,0.24949228763580322,0.0,0.545457,0.85295993,0.058057085,99.855515,699.57574,153.78152,3.2325792,2.3219743,1.3299623,0.99985576,0.18595152,143.67484,0.14895517,5.6284367e-08,6.7383986e-08,0.007544271,2.0872884e-08
1212,0.15543284,0.270576149225235,0.23151594400405884,0.0,-0.0075102965,0.3265058,0.01982957,99.862724,74.28422,136.3868,5.0909724,2.6658256,0.19364849,0.99988693,0.124807,196.91048,0.29732728,3.3404592e-07,0.005389364,0.011543218,0.00069102016
1213,0.15588766,0.22897540032863617,0.22431796789169312,0.0,0.672733,0.8924176,0.067495935,95.982796,699.81226,146.55978,3.437137,2.4566784,1.2551093,0.9998868,0.21242127,167.74599,0.39262086,1.0850732e-06,4.4417566e-06,0.0077108415,2.6255647e-08
1214,0.15762499,0.25816863775253296,0.23166418075561523,0.0,-0.009777097,0.0029301269,0.094101734,71.39611,112.67605,111.63119,4.1837873,2.3723354,0.19736929,0.99263084,0.002439058,55.705273,0.5669181,0.010004973,3.2465618e-05,0.10948921,0.062324505
1215,0.15690407,0.23902709782123566,0.231736421585083,0.0,-0.0069491672,0.43164042,0.019698203,75.22547,96.22591,124.60225,2.7313237,2.130658,0.70021254,0.9995298,0.15163854,27.21234,0.6290681,4.061411e-07,0.0046024835,0.01038956,3.5192097e-05
1216,0.15108795,0.22276455163955688,0.2264733761548996,0.0,0.5115253,0.8098498,0.060487777,99.653366,699.9523,154.87,3.0876503,2.4744296,1.099053,0.9996303,0.18210213,138.49535,0.2523647,2.2062477e-07,2.8495248e-07,0.0075336983,1.23868915e-08
1217,0.15839829,0.25891557335853577,0.22552886605262756,0.0,-0.009731937,0.32822654,0.024251193,95.159706,78.09427,134.94754,3.9082425,1.3350129,1.462305,0.9958632,0.113524474,54.86964,0.81473726,1.1079789e-05,0.0040487237,0.011033973,0.0003886637
1218,0.15621552,0.24838848412036896,0.24138382077217102,0.0,-0.010100005,0.017269835,0.09371417,99.81593,660.30334,141.0254,5.215438,3.0352783,0.12039701,0.9997576,0.149623,108.58628,0.31797922,5.663974e-07,0.024247184,0.012349378,0.00020034198
1219,0.15382977,0.21752788126468658,0.2219981998205185,0.0,0.51164377,0.8057006,0.05958156,98.71579,697.44165,155.5079,2.888014,2.191748,1.0438496,0.9997921,0.17417878,67.524445,0.027605508,2.7901478e-07,2.6073876e-06,0.0077596214,9.777497e-08
1220,0.1577612,0.25708529353141785,0.25693631172180176,0.0,0.6732069,0.9807195,0.06689694,99.77608,696.3566,153.456,3.2026863,2.8428133,0.6566037,0.99963576,0.20413646,195.46057,0.8568671,5.547919e-07,2.8876086e-06,0.0074954997,6.2012916e-08
1221,0.15318203,0.237666055560112,0.23578263819217682,0.0,-0.0062623834,0.45566833,0.059119143,99.4973,618.8608,161.44464,3.1342218,0.99586195,2.1102762,0.99778205,0.1787978,17.13718,0.98314387,4.297705e-06,2.6173125e-06,0.009545245,4.307987e-07
1222,0.15156837,0.2357845902442932,0.23851804435253143,0.0,0.5411899,0.8960072,0.06089802,85.54603,661.96686,143.40355,2.6383333,1.280613,2.257435,0.9969228,0.17764653,24.429464,0.2951338,9.234626e-06,2.0772552e-05,0.007305653,1.4734013e-06
1223,0.15021913,0.2330649048089981,0.22373852133750916,0.0,-0.0061546443,0.44956085,0.017541649,93.52455,114.67394,149.70462,2.8833065,2.6276145,0.19425,0.99892724,0.16111611,16.184801,0.699111,5.1887565e-07,0.00022392083,0.010410897,3.978883e-05
1224,0.15516227,0.24795697629451752,0.2507394552230835,0.0,0.51140904,0.7910645,0.0598133,95.36503,699.68634,147.93585,3.1127782,2.6478698,0.96109,0.9997484,0.1814697,92.747665,0.90236557,7.6205986e-08,2.0332422e-07,0.007193693,3.4378463e-08
1225,0.1545717,0.2423863708972931,0.23628948628902435,0.0,-0.0071705305,0.46690917,0.017143188,97.407646,29.67738,148.83653,2.9607852,1.2939856,1.6372023,0.99945205,0.17081693,89.28648,0.60825217,1.030553e-06,2.7043689e-05,0.009543082,3.230721e-07
1226,0.15625545,0.24044516682624817,0.22180770337581635,0.0,-0.0073985606,0.42080915,0.019263571,98.171555,64.46566,151.40259,3.1985006,2.0480826,0.46928638,0.9998975,0.14045994,16.522598,0.18663833,5.729384e-07,0.00029310625,0.011999036,8.861572e-06
1227,0.15385056,0.2448897510766983,0.2312842756509781,0.0,-0.007500897,0.4253533,0.0174139,90.95442,112.50637,139.85155,3.1195354,1.9903721,0.96753585,0.9995499,0.13682792,156.8054,0.52732456,1.468649e-07,0.0034367533,0.010236885,9.725979e-05
1228,0.15307774,0.24387186765670776,0.2426980882883072,0.0,-0.0057110605,0.48902616,0.048154358,99.946304,417.68677,160.62846,3.156866,2.3616126,0.75570047,0.9999489,0.20244129,133.5673,0.97653526,2.3638524e-08,1.4193711e-06,0.009317052,1.5015813e-08
1229,0.14996491,0.24294927716255188,0.23452988266944885,0.0,-0.0070878426,0.43006742,0.017437033,97.69746,99.507126,148.00902,3.1622138,2.0330153,0.67218596,0.9993757,0.12079907,193.395,0.6639184,9.952486e-07,0.0010922564,0.010758366,9.491423e-05
1230,0.15571497,0.2338188886642456,0.23607558012008667,0.0,0.51207113,0.75226855,0.070072055,84.192116,629.5676,140.68475,2.6517298,2.1649952,1.1636101,0.9994613,0.19481531,128.39308,0.33002672,5.525969e-07,1.032521e-05,0.008103084,3.6605238e-07
1231,0.15670949,0.26768770813941956,0.22966423630714417,0.0,-0.010163096,0.065105125,0.07738974,99.96385,206.43256,139.30151,5.426543,2.7431543,0.2416904,0.99976337,0.12745346,66.26071,0.20591015,3.6264476e-07,0.014818673,0.013217765,0.00017905822
1232,0.15748352,0.24338483810424805,0.23900583386421204,0.0,-0.0073170965,0.42752624,0.017104967,98.38893,66.037964,141.85237,3.6674194,2.127593,0.7866362,0.99988234,0.14965862,79.31373,0.7029544,6.2822136e-07,0.00020479935,0.010556816,0.00058762135
1233,0.15484974,0.2399831861257553,0.2390637844800949,0.0,-0.00559089,0.53034174,0.03935283,99.9999,613.40076,162.63943,3.002784,2.2055466,1.129159,0.9997413,0.17999189,66.97852,0.54782516,1.2863907e-07,1.7351717e-07,0.0087483,6.134135e-08
1234,0.15443617,0.2536669373512268,0.23205463588237762,0.0,-0.007492936,0.3983114,0.01766852,98.74449,119.44139,144.12073,3.6910915,2.0468953,0.77695394,0.9995025,0.12974688,54.11476,0.3471897,5.727543e-07,0.007534494,0.011386682,5.604988e-05
1235,0.15771656,0.23188111186027527,0.2345614731311798,0.0,0.51142323,0.7782824,0.056314293,95.95673,681.1899,149.58772,3.073062,2.8352714,0.57623047,0.9975269,0.21183383,20.90121,0.29197916,2.0115067e-06,1.6523054e-05,0.0076560127,4.7742407e-07
1236,0.15348536,0.23345668613910675,0.23357638716697693,0.0,0.54240686,0.8129492,0.05804507,93.58384,697.4663,146.11714,3.222969,1.8756121,1.6042337,0.9988028,0.1962304,22.122238,0.25538838,2.9712917e-06,4.4412172e-06,0.0075249975,1.7102154e-07
1237,0.1603139,0.24471402168273926,0.243168443441391,0.0,0.6736238,0.91350853,0.06587662,99.920105,696.43774,151.9499,3.3589742,2.2209496,1.4646041,0.9998906,0.2092239,167.55444,0.23996659,3.18627e-08,8.025551e-08,0.0075152735,1.847103e-08
1238,0.15645686,0.23512150347232819,0.23842759430408478,0.0,0.5395878,0.8527621,0.056926128,85.74099,699.08167,138.57988,2.9729385,1.930788,1.7897627,0.9986677,0.16780655,24.857042,0.4919772,7.689872e-08,9.504501e-06,0.007618402,9.548224e-08
1239,0.1541176,0.22566449642181396,0.22587339580059052,0.0,0.6749637,0.9605529,0.06116251,99.764626,699.4931,151.06638,3.4419143,1.2706162,2.3474662,0.9997567,0.20050362,92.86855,0.2766544,3.1082547e-07,2.4251202e-07,0.007396823,1.8251228e-08
1240,0.15766506,0.2507235109806061,0.2331259846687317,0.0,-0.0073151565,0.40306726,0.016870571,87.95329,104.457664,134.12767,3.3197744,1.651777,1.0829021,0.9996805,0.1371173,86.09394,0.21202366,1.4969115e-07,0.0038988397,0.011640395,0.00037053128
1241,0.1574193,0.2407054752111435,0.22034858167171478,0.0,-0.010030546,0.031934436,0.09085911,99.847534,72.622215,133.79002,5.8541102,2.1710243,0.54270065,0.99693984,0.15568894,49.68904,0.2059336,4.972826e-06,0.009541566,0.013562075,0.00079439254
1242,0.15747494,0.22925244271755219,0.23139755427837372,0.0,0.5115217,0.8004279,0.057445355,99.14879,699.82104,152.25871,3.2521703,2.0236654,1.5334076,0.99986386,0.17181952,135.33179,0.48198408,6.3891115e-08,4.8019846e-08,0.0075926464,2.1179595e-08
1243,0.1540932,0.255153626203537,0.24876844882965088,0.0,-0.007271988,0.4368148,0.017271847,97.78564,5.1281,147.32442,3.2212658,2.8379016,0.029513665,0.9998512,0.010969637,77.520515,0.5142316,2.4669098e-06,5.6435056e-05,0.13758317,0.00476243
1244,0.15415853,0.2394750863313675,0.2392563372850418,0.0,0.6734536,0.90111816,0.071779445,71.44784,438.76114,123.74053,2.561771,3.6676683,0.024861695,0.98693913,0.00752926,69.744484,0.22495839,1.30066655e-05,1.2121104e-06,0.14700513,2.664724e-05
1245,0.15476662,0.23942048847675323,0.2295181304216385,0.0,-0.007491561,0.40905252,0.016774574,99.4554,118.745224,141.92955,4.0916834,2.6476665,0.24154674,0.99994427,0.14104512,192.39389,0.30298546,5.6093757e-08,0.010418882,0.011297807,1.02907625e-05
1246,0.15618323,0.2397068738937378,0.22392278909683228,0.0,-0.007441722,0.35959557,0.018056823,99.9675,180.82066,141.3653,4.464437,2.2651994,0.69323486,0.9999958,0.12193561,157.97368,0.70139533,2.2823059e-08,0.0022680026,0.011222108,0.001025686
1247,0.15470089,0.24138088524341583,0.23112457990646362,0.0,-0.0068458533,0.40387917,0.017107101,99.47147,38.14752,142.30142,3.7800114,1.945136,0.8526745,0.9998923,0.13605468,104.137764,0.93599117,3.2073805e-07,0.0087412605,0.010713795,7.841053e-05
1248,0.1581557,0.2417660802602768,0.23991379141807556,0.0,0.67445594,0.940755,0.06271077,97.952614,682.1877,149.54726,3.4226584,2.4533527,1.171769,0.9992018,0.18646939,166.94551,0.33661795,2.131545e-06,3.2780824e-06,0.0077079246,1.14860896e-07
1249,0.15592545,0.23047588765621185,0.22852718830108643,0.0,-0.0058763437,0.5717107,0.028978167,99.79346,387.49948,159.87784,3.1912253,2.3623943,0.8479155,0.9986018,0.19424428,15.252193,0.03700791,1.1066102e-06,1.2901432e-06,0.00914185,3.545764e-08
1250,0.15797858,0.2627420425415039,0.2389782965183258,0.0,-0.007234192,0.39170855,0.017720785,99.42348,108.90341,143.90874,3.8098433,2.426809,0.5995313,0.99882877,0.121048585,46.447536,0.42082086,4.8647047e-07,0.0031730453,0.011190751,0.00036825566
1251,0.15620804,0.23060956597328186,0.23385892808437347,0.0,0.5399316,0.8208871,0.061502073,93.00979,697.4097,147.61864,2.9124355,1.8005359,1.655911,0.99980724,0.1598718,167.48962,0.5806546,5.1263834e-07,9.929415e-07,0.0075088637,1.2250189e-07
1252,0.15619385,0.24020104110240936,0.2427428662776947,0.0,0.5126214,0.7738582,0.059194464,99.458954,699.6593,151.94115,3.235107,2.210221,1.4629165,0.9997239,0.20099019,138.65367,0.939552,3.318713e-08,4.3209164e-07,0.0073990743,2.277473e-07
1253,0.15423349,0.2394922375679016,0.23883533477783203,0.0,0.54516226,0.7992225,0.061563242,95.274704,697.95233,148.11539,3.3360345,2.8514545,0.76390654,0.9991085,0.22301137,20.878859,0.2978267,2.691029e-06,2.6750076e-05,0.0077247517,1.382016e-07
1254,0.15372804,0.254428893327713,0.22756297886371613,0.0,-0.0072729453,0.09549675,0.0747159,99.731415,194.49297,138.50468,5.648457,2.2197092,0.6563502,0.99993306,0.15546083,77.934494,0.32335657,2.6697873e-07,0.0005815695,0.012093222,0.0014085929
1255,0.15377012,0.23681095242500305,0.20868034660816193,0.0,-0.0069881775,0.34500563,0.020244902,99.10796,64.08202,138.10002,4.636452,1.947576,0.8471205,0.9996807,0.12656364,182.84355,0.8364786,9.3605667e-07,0.00044547132,0.011521972,0.0010043802
1256,0.1575121,0.23575463891029358,0.23447401821613312,0.0,0.6712973,0.9531319,0.06318664,89.69076,666.28046,140.54956,3.1310983,2.0830576,1.4385387,0.9966166,0.20430622,24.411764,0.46951008,2.1286512e-05,5.4722634e-05,0.0076616234,3.495743e-07
1257,0.15509677,0.23873504996299744,0.21931329369544983,0.0,-0.0072384747,0.40602195,0.01761806,99.85621,122.40113,146.82251,3.5184689,1.790039,1.0080023,0.99957126,0.13136648,37.434406,0.37952676,7.5481324e-07,0.0029278619,0.011126361,0.00031393717
1258,0.15459117,0.2513348162174225,0.2562946677207947,0.0,0.5555981,0.9638566,0.05474655,99.937584,699.5175,155.42867,3.0300229,1.8220788,1.7093337,0.99991125,0.16618592,146.21356,0.86056715,5.811268e-11,2.7014852e-07,0.0075455615,1.3761754e-08
1259,0.15844068,0.25068485736846924,0.2391311377286911,0.0,-0.0068806545,0.42009565,0.019412478,94.35772,112.90696,144.02246,3.2100632,1.5828434,1.3535079,0.99558884,0.13902728,16.568026,0.3591018,6.423721e-06,0.0016486838,0.010373232,0.00020466604
1260,0.15217932,0.24681133031845093,0.23202428221702576,0.0,-0.0074941386,0.40327245,0.017362893,99.871185,107.538864,141.95682,3.8941267,2.213149,0.6580405,0.9997978,0.14756988,106.204384,0.71147263,1.4343668e-06,0.009804159,0.010714351,0.00017368776
1261,0.15384896,0.22554226219654083,0.22236134111881256,0.0,-0.0057164785,0.41767004,0.0618263,99.9816,330.35495,160.01799,3.2389703,1.7668128,1.2343917,0.9951124,0.19249143,160.47556,0.57235307,1.5485123e-06,3.7739626e-06,0.009343015,3.5002007e-08
1262,0.15532614,0.25162559747695923,0.23114235699176788,0.0,-0.007482569,0.4025212,0.017107265,99.76089,120.31181,144.51909,3.7884555,1.9928364,0.8856881,0.9998024,0.14992686,147.05107,0.93278015,1.1234296e-07,0.0046404097,0.010283901,9.7709206e-05
1263,0.15159689,0.2157295197248459,0.20753386616706848,0.0,-0.0071312943,0.41073716,0.017338935,91.27842,265.33496,141.18784,3.393779,2.4594462,0.6193066,0.9981992,0.13300711,48.32294,0.32637197,2.0175787e-06,0.006704405,0.010507815,0.00018036124
1264,0.15542927,0.2477106899023056,0.23714762926101685,0.0,-0.0073633683,0.434452,0.018442066,97.23887,118.08417,147.44574,3.3118641,1.7947695,1.075594,0.99973655,0.14933772,53.361526,0.32282442,3.2798502e-07,0.001674489,0.010413493,0.00013405118
1265,0.15225087,0.2445608526468277,0.2207721471786499,0.0,-0.0070206393,0.35683978,0.01926146,99.69926,98.32038,139.14192,4.328534,1.9625648,0.9029697,0.99946004,0.13803627,73.01593,0.73735327,3.2285033e-07,0.007464956,0.011272731,0.00043825762
1266,0.15702686,0.2516276240348816,0.2315579205751419,0.0,-0.010187042,0.07742739,0.07735822,99.77471,184.2333,137.75662,5.657131,2.7098463,0.30071166,0.9997053,0.16280243,134.58693,0.42365232,3.4885527e-08,0.007531572,0.012089965,0.00090030296
1267,0.15811831,0.24803192913532257,0.2381167858839035,0.0,-0.007236086,0.43139878,0.019383848,99.440926,122.51583,153.86943,3.1429877,2.042601,0.75882125,0.9998716,0.14044061,46.640797,0.7514883,2.7435797e-07,3.737512e-05,0.010942342,4.3214413e-06
1268,0.15407135,0.25515130162239075,0.24093490839004517,0.0,-0.0074305185,0.42031592,0.017200641,96.34922,103.42531,144.45291,3.4450378,2.3959918,0.32924858,0.9992668,0.124360435,137.7115,0.7240949,2.3948562e-06,0.00025451006,0.011478803,0.00033314418
1269,0.15158553,0.25331413745880127,0.24971257150173187,0.0,-0.005912207,0.43760967,0.05491391,95.87062,527.6823,152.91331,3.0819423,3.8678927,0.064335674,0.9862317,0.006071106,40.300457,0.010084548,0.0013154111,3.2058003e-07,0.15242273,0.00069153844
1270,0.15470897,0.2325352430343628,0.23125530779361725,0.0,-0.0056529343,0.4343533,0.067331254,99.96753,691.94995,162.67044,3.1438615,1.9065102,1.2162336,0.99818426,0.17494507,80.287094,0.18603173,1.371412e-07,2.5729236e-07,0.009537979,7.834612e-08
1271,0.15528525,0.23428286612033844,0.21654023230075836,0.0,-0.006879092,0.4252313,0.020838492,98.88215,27.187027,150.96225,3.1979353,0.40747955,2.2787693,0.99774235,0.13085368,17.241917,0.8716292,9.135478e-07,0.0007343858,0.011534564,1.6996411e-05
1272,0.15774652,0.257686585187912,0.2361815869808197,0.0,-0.0074909986,0.40000606,0.020321278,99.98014,52.51112,144.26578,3.5922146,2.6871011,0.35620633,0.99907655,0.13420194,38.236732,0.7992531,5.8864916e-08,0.0069835037,0.010348957,7.373552e-05
1273,0.1543036,0.24162743985652924,0.22590652108192444,0.0,-0.007451567,0.40554258,0.017609432,78.53992,99.07624,122.3804,3.07271,2.0822883,0.92074364,0.9998786,0.13601756,175.21275,0.569259,9.367296e-07,0.0041639227,0.010075226,0.00034623637
1274,0.15372927,0.2368590533733368,0.22244368493556976,0.0,-0.0072631896,0.4054595,0.0177739,69.26974,78.63283,113.53528,2.8737981,2.8573306,0.034163583,0.9993302,0.010498294,64.801216,0.2004468,2.9774978e-07,0.00023656117,0.13639933,0.0046274844
1275,0.15859814,0.24383407831192017,0.22485873103141785,0.0,-0.00751407,0.4168932,0.017499998,99.062515,12.023773,145.17416,3.5217893,1.7555693,1.1649717,0.99936676,0.13502505,17.26512,0.6581629,6.719563e-07,0.00096938876,0.010571632,0.00026176806
1276,0.15748826,0.24042707681655884,0.2293742448091507,0.0,-0.007330069,0.4212268,0.017416403,99.99793,117.82463,147.28923,3.6559954,2.0819728,0.84064215,0.99978465,0.15503307,145.08812,0.53526974,1.1105837e-07,0.0036050286,0.010632162,6.5601715e-05
1277,0.15520798,0.2311582863330841,0.23082563281059265,0.0,0.6800045,0.98074055,0.06525663,73.60168,651.73114,126.52646,2.5906758,2.4688098,1.1231612,0.9917643,0.19380856,25.299942,0.3038533,2.1963466e-05,8.04487e-05,0.0074229,9.839988e-07
1278,0.1520708,0.23080608248710632,0.23108942806720734,0.0,0.6748712,1.0008501,0.060717657,91.53348,699.1715,143.69536,3.138842,1.7003158,1.7142273,0.99930865,0.17736824,126.225044,0.5077274,1.6896742e-07,1.4982282e-06,0.0075091682,1.0602086e-08
1279,0.15767042,0.23631303012371063,0.23339055478572845,0.0,-0.005947645,0.4286376,0.062426463,98.28998,444.16687,158.45901,3.0755236,1.8224251,1.6258075,0.99914664,0.16951607,16.837992,0.30782217,3.955687e-08,1.533477e-06,0.0088003315,1.2369949e-08
1280,0.1549514,0.23322942852973938,0.23312214016914368,0.0,0.6715117,0.9505419,0.06371227,99.110016,693.5032,151.95432,3.250124,2.7210226,0.8283187,0.99948686,0.2051294,48.389507,0.5359424,2.0332684e-06,2.1431997e-06,0.007436281,9.228228e-09
1281,0.15626776,0.22667808830738068,0.22716866433620453,0.0,0.5455001,0.8081918,0.06328685,99.9784,699.5258,153.18655,3.3032901,2.5177689,1.0041401,0.99994534,0.17426875,133.7943,0.6355065,4.44484e-08,1.736492e-07,0.0076284325,2.4036707e-08
1282,0.15267777,0.2327115386724472,0.23029585182666779,0.0,0.5554808,0.8306027,0.06291642,99.58635,697.61743,151.68877,3.515575,1.8413588,1.5253345,0.999518,0.20356984,40.503277,0.30971602,1.4331866e-06,1.4149359e-06,0.008086202,1.2656164e-07
1283,0.15614957,0.23091015219688416,0.23152001202106476,0.0,0.54062504,0.8407397,0.054096755,96.66071,689.0259,149.08192,3.3413641,1.5559313,1.905542,0.99967897,0.18411475,35.55565,0.18703353,2.3340442e-06,2.1580506e-06,0.007746284,9.292049e-08
1284,0.15557732,0.23748119175434113,0.22652889788150787,0.0,-0.007268778,0.43188438,0.019371081,99.92252,25.269276,151.65378,3.1992693,2.286476,0.55895704,0.9995894,0.14078444,17.505173,0.24768828,9.487127e-07,8.5213935e-05,0.010617264,9.647733e-06
1285,0.15586694,0.2479054182767868,0.24715784192085266,0.0,0.54506373,0.85603255,0.052324127,98.39659,692.43823,148.78967,3.5421674,1.1629313,2.3042538,0.9992084,0.18688525,23.452242,0.20145057,7.2023556e-07,9.481774e-06,0.0077288435,2.1916183e-07
1286,0.15569091,0.24167372286319733,0.22361095249652863,0.0,-0.0071377973,0.4086966,0.017123232,95.89527,106.8926,141.51433,3.592331,2.4194527,0.32266802,0.99921894,0.123819835,68.18545,0.9202087,2.1322447e-07,0.0019950694,0.011214883,0.00042957973
1287,0.15334553,0.2255556285381317,0.22791190445423126,0.0,0.5151233,0.7956582,0.05949566,99.1198,614.95715,153.65219,3.0909526,2.5077803,1.1842102,0.9970383,0.18209666,22.890406,0.73472315,5.2808114e-06,2.6356265e-05,0.007314023,5.799184e-08
1288,0.15481225,0.24067960679531097,0.24040116369724274,0.0,0.5403865,0.864183,0.06292067,99.784805,697.8903,154.14915,3.1424336,1.8079216,1.6390601,0.9999315,0.2510743,90.79127,0.452695,6.422745e-08,1.7292381e-06,0.007703231,5.786135e-08
1289,0.15677983,0.2477148026227951,0.23619818687438965,0.0,-0.007299266,0.41096783,0.017260304,99.863556,353.8168,148.35461,3.6783824,2.328333,0.8917064,0.99995977,0.13630845,120.43236,0.65780467,6.4606624e-08,0.0074481787,0.009748903,0.00022154713
1290,0.15619086,0.2383820116519928,0.21055077016353607,0.0,-0.007216909,0.4046638,0.017679907,97.90108,121.04896,146.04333,3.8443325,2.4123645,0.22204466,0.99983054,0.12880039,73.167534,0.3168496,8.844351e-08,0.0010882303,0.01234854,0.00016447327
1291,0.15539391,0.24202287197113037,0.2433377355337143,0.0,0.6721245,0.93997085,0.0661058,83.386024,695.20593,137.55098,2.771491,1.5088013,1.9537685,0.99972415,0.17710987,24.9248,0.15064599,1.4020608e-06,4.9904725e-07,0.0075201625,8.701415e-08
1292,0.1543306,0.23811399936676025,0.24187542498111725,0.0,0.5398417,0.86419964,0.055559333,69.00024,646.4097,123.80398,2.434695,1.7194037,1.8572493,0.99993175,0.19135444,23.471737,0.32666773,2.1257013e-06,8.400153e-06,0.0075065927,6.7555663e-07
1293,0.15386468,0.2433725744485855,0.2338082641363144,0.0,-0.0074469647,0.42890513,0.017090091,98.8518,65.03253,146.03374,3.523712,2.2449527,0.51656336,0.9999252,0.12654404,36.561813,0.64105123,5.343564e-09,0.004530573,0.011338764,0.000109610846
1294,0.15959333,0.24990785121917725,0.24865129590034485,0.0,0.6712059,0.90287596,0.065495625,97.89434,698.88055,148.16592,3.511231,2.5455515,1.0690585,0.999753,0.20801103,88.38016,0.3696534,6.9595717e-07,1.5605325e-06,0.0074333795,1.00994356e-07
1295,0.15378045,0.2296314388513565,0.22904521226882935,0.0,-0.005720088,0.479981,0.053215567,99.93181,691.953,162.5586,3.101729,2.2325501,1.0838921,0.99947256,0.18076879,17.614222,0.6400398,2.2654838e-06,2.4144978e-07,0.009049669,2.0209528e-08
1296,0.15445314,0.2442900538444519,0.2473568320274353,0.0,0.539685,0.85257614,0.061705753,99.66432,698.17426,155.37537,3.0067925,2.0197246,1.429293,0.9995399,0.17887242,23.175453,0.09339332,1.9697846e-07,1.2220686e-06,0.0075014294,1.9609946e-08
1297,0.1575842,0.26326850056648254,0.22625938057899475,0.0,-0.007302108,0.26027855,0.036330704,99.40617,85.41332,135.99074,5.0311427,2.7330225,0.39728707,0.99995255,0.1257691,146.78056,0.21038294,1.0957023e-06,0.004993996,0.011640053,0.0007017311
1298,0.15605935,0.24609684944152832,0.24943378567695618,0.0,0.51146764,0.8216686,0.060637254,99.866165,699.8538,155.79044,3.1033635,1.4574986,2.1430154,0.9997077,0.17193326,40.138535,0.65449446,1.752777e-07,2.8848017e-08,0.0073715146,1.1016321e-07
1299,0.15676577,0.22844965755939484,0.22601528465747833,0.0,0.6717459,0.8770739,0.07252627,99.334564,677.8765,152.15324,3.3085182,1.8124124,1.4753617,0.9998269,0.18425499,114.152084,0.8815389,1.002944e-07,2.0519e-06,0.007982605,4.5043414e-08
1300,0.15392308,0.25086504220962524,0.22513464093208313,0.0,-0.0073991646,0.35945717,0.020366648,99.95455,113.27959,141.54604,4.2876644,2.1606398,0.79429036,0.99999183,0.1218684,59.868935,0.78240114,3.1756625e-07,0.0021241775,0.011239317,0.0006294727
1301,0.15526892,0.2426895648241043,0.2298629879951477,0.0,-0.0074923174,0.40573084,0.01707705,97.886086,116.7766,142.22653,3.9543145,2.140846,0.66812694,0.9998343,0.129871,163.21373,0.27255744,2.3341167e-07,0.008400061,0.012007217,2.421627e-06
1302,0.15724497,0.24698811769485474,0.2481946051120758,0.0,0.51169807,0.7655582,0.061365843,98.35642,697.8385,151.62456,3.2461011,2.3900883,1.0894159,0.9999158,0.22141834,117.034645,0.1748386,3.2298487e-07,5.47784e-07,0.0077494583,1.5098139e-07
1303,0.15425801,0.22880154848098755,0.22571255266666412,0.0,0.809924,0.5848534,0.14150612,77.95422,18.776022,118.02399,3.0369046,4.2516165,0.007831506,0.87833875,0.004651402,71.358086,0.5115689,0.00260695,6.448654e-05,0.15702137,0.0006149809
1304,0.15747531,0.24484235048294067,0.24648386240005493,0.0,0.5417377,0.87224376,0.060773183,97.724434,635.19275,151.16144,3.0769632,3.4373634,0.23924702,0.9969365,0.18079045,24.3388,0.5492865,1.6307732e-06,2.057278e-06,0.0073805647,1.4159714e-06
1305,0.155148,0.24013543128967285,0.2279733568429947,0.0,-0.0073967488,0.44426104,0.01861525,90.304596,38.165955,145.74039,2.7446,1.8403854,0.7248525,0.9982637,0.1540188,16.023756,0.2020966,4.7721664e-06,0.00051954546,0.010894781,2.1498925e-05
1306,0.15189777,0.22485466301441193,0.22174221277236938,0.0,0.84197843,1.0912358,0.07429487,97.066284,688.22797,149.56812,3.1538134,2.6546257,0.7378749,0.99942636,0.19221094,92.00439,0.109831035,2.3166976e-06,5.5149494e-06,0.0077180415,2.3617778e-07
1307,0.15848085,0.24218933284282684,0.22076773643493652,0.0,-0.007010362,0.41477156,0.017617757,94.77493,110.533104,140.77246,3.6391962,2.478667,0.356951,0.9982671,0.12585269,16.515984,0.08890418,9.67924e-07,0.00044036182,0.011338158,0.00019628131
1308,0.15617356,0.2610745429992676,0.22029714286327362,0.0,-0.39774615,0.050102774,0.058356605,99.19195,64.864525,157.95143,3.0721889,1.812976,0.61710936,0.99690574,0.118351415,59.380646,0.89329696,1.1711812e-06,0.00033140284,0.014017387,2.3982725e-06
1309,0.15606523,0.25210827589035034,0.2501993179321289,0.0,0.51211274,0.80117166,0.04932252,86.071396,671.64594,137.48967,2.9735048,4.025092,0.0695235,0.979424,0.0070250994,60.926403,0.018898722,1.6208431e-06,1.3616026e-06,0.18651913,1.0908142e-05
1310,0.15496719,0.23773068189620972,0.2371988743543625,0.0,0.956062,1.2928767,0.084243424,84.79089,696.47217,137.24666,2.771549,2.1482685,1.5561802,0.9995704,0.17825516,30.627182,0.1846211,1.5065469e-06,2.267488e-06,0.0070943,3.3495522e-07
1311,0.15437275,0.23221561312675476,0.23258137702941895,0.0,0.74937177,1.0016806,0.07647847,97.886345,683.3888,151.23848,3.1798618,2.693937,0.9217794,0.9982002,0.16037959,27.686665,0.20161664,5.2290384e-06,1.8463348e-05,0.0075231977,7.157233e-07
1312,0.15220624,0.23399235308170319,0.21976764500141144,0.0,-0.007498352,0.40861177,0.017475503,99.89567,118.67374,145.29395,3.7799435,2.0338428,0.7078626,0.99952304,0.12701917,53.312286,0.5881586,1.6643381e-07,0.0005733033,0.011092888,0.00051416084
1313,0.15490893,0.23815353214740753,0.2377803921699524,0.0,0.08923385,0.6275311,0.03332487,99.321,693.90625,160.37984,3.1387694,1.3570735,1.9381018,0.99904287,0.17827839,20.3698,0.5168591,1.3591944e-06,4.8817333e-06,0.008938506,1.1424282e-07
1314,0.1539146,0.22143107652664185,0.2236451357603073,0.0,0.5445598,0.8490482,0.059056997,99.65276,698.879,154.29619,3.1221807,1.4671723,1.9228133,0.9991781,0.24928862,75.02339,0.66054386,1.1699644e-06,2.1006525e-07,0.007382577,1.6369336e-08
1315,0.15276624,0.2607796788215637,0.23337721824645996,0.0,-0.009135585,0.32901722,0.0232086,99.620445,329.12106,143.51956,4.114313,2.400379,0.83441705,0.9988037,0.12003242,139.78996,0.28482103,1.3182769e-06,0.009360854,0.0104394965,0.00044453715
1316,0.1560945,0.23830462992191315,0.23519130051136017,0.0,-0.0055051614,0.4516995,0.056998644,99.74542,483.68738,160.60759,3.2094588,2.2034225,0.73738754,0.9998811,0.19135077,76.09712,0.67989635,2.711953e-07,2.3830378e-06,0.009669093,2.949238e-08
1317,0.15394326,0.24355792999267578,0.2276570349931717,0.0,-0.006987471,0.4065182,0.017084435,97.69705,100.189705,143.77307,3.6665683,1.9869262,0.6917674,0.99979067,0.12817898,71.189766,0.54877645,8.736355e-07,0.0035124128,0.011934002,0.00020177686
1318,0.15530874,0.2515103220939636,0.23270440101623535,0.0,-0.0071030944,0.40346098,0.017633693,99.6366,29.032066,143.73602,3.8286588,2.7808878,0.07393855,0.9999229,0.010699997,143.63455,0.56246656,1.2769416e-07,0.00028857283,0.1441566,0.0034361589
1319,0.15553707,0.24634380638599396,0.24656257033348083,0.0,0.55522156,0.85999805,0.059591107,99.84799,696.5572,151.82437,3.4035964,1.6294609,1.8043889,0.9994174,0.17210828,20.5762,0.012451109,2.4682547e-06,1.4056994e-06,0.0077855852,1.1817036e-07
1320,0.1544824,0.24043820798397064,0.22126908600330353,0.0,-0.007195536,0.41845945,0.017935704,97.30414,114.254944,148.19923,3.156243,2.180591,0.6612138,0.9996997,0.13821746,144.4693,0.3991394,4.699005e-07,0.0017736012,0.010202313,7.301348e-05
1321,0.15654187,0.23948967456817627,0.2201814502477646,0.0,-0.0075161103,0.4194794,0.017431097,99.88569,119.78904,149.24995,3.374607,2.0798094,0.7351795,0.99985325,0.14323291,120.84325,0.36834002,1.1741048e-08,0.0023195937,0.010431549,3.666876e-05
1322,0.1553609,0.22448495030403137,0.21672415733337402,0.0,0.9135927,1.0931555,0.07073978,98.131546,697.0575,146.58337,3.6511796,1.6028334,2.1091766,0.99981725,0.1877606,112.86706,0.665492,1.784546e-06,7.986016e-06,0.0073218984,1.1550583e-07
1323,0.15467007,0.24705958366394043,0.2076328545808792,0.0,-0.009263986,0.0020317268,0.09364284,99.93845,81.99064,136.17357,5.799951,2.2892587,0.4837748,0.99993724,0.14123654,52.037807,0.43997157,3.1798615e-07,0.002877204,0.012796468,0.00088323373
1324,0.15330513,0.22726723551750183,0.22785291075706482,0.0,0.5410211,0.82164985,0.057326622,98.10849,699.7785,151.20265,3.1964314,1.9013644,1.6386377,0.99999464,0.16562283,66.37855,0.21028654,3.6931326e-07,1.2889054e-08,0.0074487776,1.04419065e-07
1325,0.15472116,0.24599981307983398,0.21839752793312073,0.0,-0.0066020335,0.34469578,0.020882668,99.84629,77.25266,138.66953,4.620093,2.5949078,0.17201555,0.9995197,0.13680664,29.030912,0.3663555,9.581801e-07,0.0037372147,0.011502321,0.00061925844
1326,0.15873809,0.2358514815568924,0.23754186928272247,0.0,0.5397182,0.80744547,0.060025908,78.75153,636.3954,131.17168,2.693482,1.0468944,2.285853,0.99213207,0.17036311,22.800608,0.08874873,2.8250315e-06,3.5498758e-06,0.0077564954,1.4868009e-07
1327,0.15611371,0.23133988678455353,0.22819961607456207,0.0,-0.0056079645,0.42703673,0.063496925,99.40021,644.17474,160.66635,3.2884758,3.0503755,0.42831138,0.99890727,0.15783311,37.294056,0.25768712,5.9042367e-07,4.221129e-07,0.00952238,6.7177275e-08
1328,0.15471849,0.24366968870162964,0.24659226834774017,0.0,0.5116183,0.78537613,0.059267424,99.02484,699.7329,152.67786,3.1518767,3.142882,0.43733588,0.99986273,0.20916101,151.79936,0.8105249,8.8478845e-07,1.906408e-06,0.0075591863,1.395191e-07
1329,0.15240364,0.21971426904201508,0.21801289916038513,0.0,-0.00665428,0.5843755,0.025458809,99.907326,23.318844,153.43373,3.0479589,1.4519517,1.7834079,0.9968181,0.2248737,158.86136,0.33259472,3.8789467e-06,2.9816858e-06,0.00843977,7.024414e-08
1330,0.15460692,0.24487364292144775,0.23797447979450226,0.0,-0.0075010643,0.4273223,0.017086899,99.28729,119.77482,148.94258,3.2801392,1.6533703,1.0684266,0.9998992,0.11512363,73.51404,0.42610243,2.0899982e-08,0.0032843025,0.011191563,0.00014796571
1331,0.1556371,0.24384690821170807,0.2282644808292389,0.0,-0.0075085713,0.41704574,0.017972287,97.10387,59.491417,145.4864,3.2793028,2.4279208,0.43174726,0.9998784,0.128164,141.95059,0.25890437,8.133337e-08,0.0028101443,0.010543031,0.00010091385
1332,0.1558622,0.24726136028766632,0.24148337543010712,0.0,-0.006465228,0.4213942,0.016442358,76.62751,35.827244,121.494606,2.9337065,0.9394384,1.9462587,0.9961867,0.14486228,16.653915,0.6214025,1.5455603e-07,0.0026373733,0.01007548,0.0003173916
1333,0.1545563,0.23958201706409454,0.23737233877182007,0.0,0.55555445,0.8473238,0.056953724,99.79777,699.516,150.95331,3.5267565,1.8684632,1.5036557,0.99960804,0.17840181,81.3858,0.3131039,7.875866e-08,1.1712552e-06,0.007864932,4.919694e-08
1334,0.15424258,0.25186294317245483,0.23423625528812408,0.0,-0.0075038807,0.36255848,0.0177472,99.84072,41.469547,138.03807,4.5792966,2.6430414,0.33625636,0.9999027,0.124625646,57.696587,0.19680175,4.4548592e-08,0.0031375012,0.010642055,0.0006161067
1335,0.15505059,0.23990632593631744,0.22292716801166534,0.0,-0.015074021,0.38383478,0.01745069,99.965515,94.264534,146.46375,3.6991427,1.8147292,0.9810687,0.9990838,0.13111557,178.42973,0.6893634,1.2505285e-07,0.0038056006,0.011909296,0.0002678717
1336,0.15403014,0.2514764070510864,0.23055316507816315,0.0,-0.007475968,0.40156302,0.017623637,99.97642,120.61871,147.2926,3.716348,1.8482684,0.8637515,0.99989605,0.111797385,96.39013,0.38136217,2.2430562e-07,0.0049269875,0.012106927,1.6302132e-05
1337,0.15619852,0.2479114979505539,0.2444269061088562,0.0,-0.00740579,0.39875525,0.016100006,97.6162,63.714485,137.12276,4.1547294,2.338409,0.70282435,0.9978302,0.12863891,105.030975,0.3561211,2.2783397e-06,0.01086962,0.010702408,4.8844257e-05
1338,0.15633881,0.23967738449573517,0.23470641672611237,0.0,-0.005629417,0.52667195,0.036641605,98.96873,411.5834,158.52208,3.3042076,2.2458658,0.7404906,0.99843085,0.1802984,130.31125,0.5922824,5.1862266e-06,2.417302e-06,0.010045469,4.8625974e-08
1339,0.15558043,0.23012152314186096,0.2269517034292221,0.0,0.08932001,0.5862145,0.031924177,99.97585,695.4881,157.85446,3.299877,1.6783638,1.6266787,0.99970406,0.18501824,126.55655,0.5005578,5.3146866e-08,2.0612354e-07,0.008921758,1.8953534e-08
1340,0.15127082,0.22849296033382416,0.2319653332233429,0.0,0.5427458,0.88565004,0.058717977,99.30387,682.59125,154.79384,3.0891132,0.901048,2.623162,0.9995767,0.18342198,93.086296,0.20676495,2.9039788e-07,6.8603634e-07,0.007564394,6.215628e-08
1341,0.15129963,0.22039614617824554,0.2158840000629425,0.0,0.085536376,0.4362701,0.07619831,99.99146,395.5557,156.25522,3.20627,3.662667,0.54269576,0.510337,1.5587764e-06,56.1354,0.5105152,0.0076667126,5.863335e-07,0.00036934973,0.04510165
1342,0.15344083,0.24824784696102142,0.24022212624549866,0.0,-0.009746958,0.07675121,0.079699576,93.85898,677.1876,134.4578,4.9745584,2.7151377,0.53638655,0.99998415,0.16707934,114.02805,0.21779989,1.6300116e-06,0.008731939,0.0108675845,0.0012490933
1343,0.15664032,0.23501169681549072,0.2246205359697342,0.0,-0.009341333,0.00030768482,0.09838836,99.61798,392.7606,140.24733,5.2953506,2.3647745,0.6284431,0.9976562,0.16782989,9.776996,0.5167658,4.163861e-06,0.018727582,0.012055927,0.0005702139
1344,0.15410878,0.23806068301200867,0.2202880084514618,0.0,-0.0056556244,0.41310766,0.015791675,96.54341,95.57533,140.24205,3.9529657,0.43781435,2.1634974,0.9933097,0.16521768,15.868387,0.47401008,0.00010319306,0.00034062235,0.010365837,0.0005488044
1345,0.1546301,0.24092096090316772,0.23627568781375885,0.0,0.61745834,0.78004074,0.0691304,86.25214,696.86847,131.01581,3.2863276,4.411927,21.025356,0.9995997,2.186509e-08,47.198658,0.013165028,0.005538047,1.5481915e-07,0.00017655145,0.70350546
1346,0.15448907,0.22396816313266754,0.2264484316110611,0.0,0.54190195,0.80458456,0.06692425,99.66619,692.0869,155.29726,3.004261,1.398485,2.1750438,0.9998458,0.18498096,71.09155,0.7673396,7.9951654e-08,7.038118e-06,0.007737539,2.5830559e-08
1347,0.15612215,0.24514274299144745,0.23324310779571533,0.0,-0.0069716894,0.42525664,0.02007856,88.08751,114.77554,141.38058,2.868137,1.924332,0.7349522,0.99964666,0.13408549,116.46357,0.2898702,2.1265863e-07,0.0010097588,0.011024974,3.118902e-05
1348,0.1563266,0.24784275889396667,0.22387874126434326,0.0,-0.006724741,0.3699115,0.017976483,89.26936,75.07731,129.46605,3.9873571,2.444136,0.3998391,0.99927485,0.13712196,47.120327,0.53313905,1.2422149e-06,0.001761826,0.011247422,0.0008469529
1349,0.15321787,0.24639663100242615,0.251910001039505,0.0,0.54339534,0.75788194,0.06038482,99.10435,532.95526,148.59593,3.380334,3.4328294,0.19554326,0.9890104,2.1124783e-06,68.86742,0.96064055,0.0069205645,4.1605845e-06,0.0706592,0.34294838
1350,0.15151058,0.22476333379745483,0.2185608595609665,0.0,-0.005638597,0.476215,0.041819077,99.9886,53.4293,151.86281,3.2575243,1.9834164,0.75026363,0.99956137,0.2000814,76.6477,0.35434672,7.671658e-07,2.808195e-07,0.009795133,2.2475677e-07
1351,0.15525658,0.2427167445421219,0.22347436845302582,0.0,-0.007189976,0.41007134,0.01753033,99.81824,18.819326,147.25903,3.720885,2.5035625,0.31762642,0.99997854,0.124197744,56.96281,0.8565506,6.5837593e-09,0.00020559411,0.011441227,0.00029389584
1352,0.15395941,0.2370069921016693,0.23328375816345215,0.0,-0.0069060656,0.49495625,0.036803897,99.89744,299.34204,158.73375,3.081633,2.0286355,1.1189587,0.9987451,0.17736365,63.110863,0.80419356,4.6428468e-07,2.7549088e-06,0.009052883,1.749595e-08
1353,0.15576228,0.24253931641578674,0.21660447120666504,0.0,-0.009065162,0.00094926194,0.09677878,99.77088,31.481,135.65082,5.5432687,2.7170103,0.093872845,0.9999827,0.17358404,74.880875,0.4526845,3.2348657e-07,0.006302275,0.012266922,0.00081299245
1354,0.15498212,0.23404107987880707,0.2346464842557907,0.0,0.5393689,0.7868263,0.06391658,99.8427,694.5833,153.61441,3.2424111,2.7369947,0.70260024,0.9997687,0.16878839,158.92123,0.6008693,1.4253828e-07,2.5039792e-06,0.007837782,1.06010924e-08
1355,0.15583566,0.2292819768190384,0.201034814119339,0.0,-0.009134362,4.0657364e-06,0.095256396,99.89985,11.983486,135.72252,5.7230525,2.5008655,0.2602249,0.9999827,0.14361289,123.557304,0.58318883,2.3059341e-07,0.011782882,0.013688155,0.000382827
1356,0.15501717,0.2493228167295456,0.24189695715904236,0.0,-0.007288875,0.4411666,0.016719693,99.823135,119.08487,148.3476,3.3630369,2.456017,0.4742619,0.9997182,0.1392665,14.870985,0.022672364,1.1414578e-06,0.003661621,0.010210215,1.817187e-05
1357,0.15393814,0.24170982837677002,0.23854540288448334,0.0,0.8422606,1.1032208,0.06604723,87.76932,698.758,137.62259,3.1734827,2.4832509,1.206524,0.9997669,0.16858873,106.32625,0.97318864,8.326846e-08,5.260234e-07,0.0073683206,1.7994013e-08
1358,0.15360211,0.22424429655075073,0.2284010499715805,0.0,0.41246697,0.6858154,0.06050954,99.25848,410.35745,154.75404,3.1040285,2.0372314,1.2772715,0.9994035,0.2010684,189.41551,0.62026787,4.9610007e-06,1.0032183e-05,0.007874596,7.286213e-07
1359,0.15556234,0.2435585856437683,0.22853706777095795,0.0,-0.006540206,0.40958774,0.017565435,91.694084,110.68298,137.28566,3.3935895,2.1635392,0.73334515,0.9999666,0.14184229,110.3119,0.38809285,8.441013e-07,0.0033407197,0.010357575,0.00037271908
1360,0.15844277,0.2553132176399231,0.25825729966163635,0.0,0.51153845,0.7831321,0.0598909,99.210464,696.54297,153.80074,3.1118588,1.4899259,1.8538092,0.99998826,0.1839835,87.700485,0.555564,5.833822e-07,5.3868393e-06,0.0077940333,2.1504871e-07
1361,0.15410082,0.2515193819999695,0.22998325526714325,0.0,-0.010308551,0.039641954,0.08577078,99.77144,471.8163,141.2562,5.1721973,2.52026,0.55381995,0.9999827,0.17845249,169.54546,0.5975265,7.1224434e-08,0.013699504,0.011298785,0.0007931902
1362,0.15661058,0.23183950781822205,0.2353534996509552,0.0,0.41326654,0.6980664,0.058124598,99.3985,575.09827,153.85518,3.2571301,1.9169338,1.4211334,0.9906757,0.20084846,138.97838,0.89934295,3.7243592e-07,4.136772e-06,0.007815337,6.129347e-08
1363,0.15451264,0.23647743463516235,0.22217898070812225,0.0,-0.007213515,0.40527582,0.017088784,99.65957,118.25836,144.44193,3.8066535,2.1892073,0.5674249,0.9999321,0.1451069,96.26778,0.27188584,4.4879915e-08,0.0038746558,0.011110111,0.00033748243
1364,0.15650694,0.23480401933193207,0.23466074466705322,0.0,0.5441312,0.78898215,0.06415107,97.95702,698.0606,151.04286,3.3256736,3.1510136,0.34256738,0.99955916,0.19315276,66.68853,0.4272967,3.4225616e-07,2.612341e-06,0.0077806595,4.5688868e-08
1365,0.15586066,0.2581583559513092,0.26136669516563416,0.0,0.54103976,0.88806385,0.05794313,86.41802,691.6728,140.829,2.7903516,2.0909698,1.5128156,0.9998731,0.17585476,24.740732,0.3207906,1.4730523e-05,6.7615424e-06,0.007251445,4.8997837e-08
1366,0.15647267,0.2187061458826065,0.21975277364253998,0.0,0.5116185,0.7696805,0.060111284,95.42209,693.48486,148.42291,3.182017,3.5156896,0.008869685,0.99937606,0.23374131,125.48046,0.6648574,1.7864771e-06,1.0691384e-05,0.0077906176,1.2442121e-08
1367,0.15081511,0.25518783926963806,0.23240816593170166,0.0,-0.010113559,0.08715975,0.076105975,99.58295,255.34636,139.10493,5.6205606,2.841424,0.039553553,0.9991952,0.15725827,128.60417,0.1288117,3.2962257e-07,0.008730855,0.012216108,0.0010499813
1368,0.15701374,0.2504269778728485,0.2209741771221161,0.0,-0.007185379,0.389661,0.017747039,99.98017,16.535091,145.27313,4.0047455,2.4032595,0.4498152,0.99985844,0.13185664,154.70293,0.75694966,1.0759833e-07,0.0030572428,0.011169575,4.007655e-06
1369,0.15182364,0.23436039686203003,0.23728302121162415,0.0,0.5396899,0.8658889,0.05928543,99.41343,697.6642,153.96552,3.0882862,1.2689959,2.165806,0.9999409,0.17901991,79.57104,0.24688846,4.3605255e-07,1.9948482e-06,0.007768802,1.5974972e-08
1370,0.15471117,0.22804628312587738,0.22729624807834625,0.0,0.91281927,1.2694933,0.06795095,87.225044,698.45215,139.38428,2.849264,2.0872269,1.5845505,0.99942,0.18293855,82.52621,0.7036982,1.2614867e-06,4.923612e-06,0.0070714955,1.0288952e-07
1371,0.15646504,0.24239994585514069,0.2213502824306488,0.0,-0.0075077373,0.39247617,0.017437307,99.8126,71.36954,143.65654,3.8966045,1.6035565,1.0794456,0.99987644,0.14359172,87.70476,0.6114633,1.0122714e-07,0.006232411,0.012052188,0.00019335999
1372,0.1582352,0.23351377248764038,0.2283412367105484,0.0,0.5422091,0.7992467,0.06026576,83.850174,667.10004,136.16705,3.0977519,1.7259085,1.791596,0.99853647,0.17773491,23.068012,0.35575923,3.3593706e-06,2.7258615e-05,0.008141003,1.4420283e-06
1373,0.15670323,0.2454925924539566,0.2432081550359726,0.0,0.08935658,0.60959846,0.027503366,99.83859,699.76117,160.45892,3.075505,3.0148165,0.399982,0.9988253,0.20661616,13.994809,0.03942992,5.769396e-07,1.4408374e-05,0.008187373,9.2528424e-08
1374,0.15155607,0.2284059375524521,0.23297543823719025,0.0,0.5401065,0.8973325,0.058567654,99.34144,686.39233,154.23537,3.027162,2.0733914,1.3160537,0.99965876,0.18430755,65.16503,0.73235184,9.4628774e-08,2.7147848e-06,0.007535027,1.228827e-07
1375,0.15607575,0.24008581042289734,0.22740791738033295,0.0,-0.0075062984,0.41886172,0.019142516,99.459785,59.003803,150.45232,3.2909482,1.9335111,0.77412033,0.99960953,0.13408147,14.727732,0.04039479,1.5396279e-07,0.0017881552,0.011345087,7.596288e-05
1376,0.15202934,0.225596085190773,0.22710442543029785,0.0,0.5551702,0.87653166,0.0623593,99.83525,699.8097,154.19748,3.260646,2.4748235,1.0466421,0.99954087,0.1586595,153.9496,0.25879458,1.6737428e-07,1.460088e-06,0.007912444,1.5009741e-08
1377,0.1544293,0.2552787661552429,0.2353931963443756,0.0,-0.0066330177,0.36270466,0.017858997,99.7811,81.89866,136.77834,4.6242676,2.0810213,0.8149177,0.9991881,0.12300815,52.400894,0.2102455,2.2563175e-07,0.012376103,0.011413346,7.027302e-05
1378,0.15679672,0.24563002586364746,0.2304476499557495,0.0,-0.0074953344,0.41999587,0.01692867,99.016945,18.543245,144.76875,3.4430015,2.643763,0.3101994,0.99990296,0.14461523,105.54717,0.20252247,3.584005e-07,0.0039293338,0.009941734,3.850884e-05
1379,0.1555737,0.25078433752059937,0.2534724175930023,0.0,0.5118653,0.7953141,0.06038164,94.25517,692.59644,147.19151,3.1124406,2.0037901,1.613125,0.99982363,0.16590765,23.42653,0.057912666,8.745523e-08,7.770188e-06,0.007591691,2.901716e-07
1380,0.16013262,0.22883790731430054,0.22545234858989716,0.0,0.9560178,1.2959411,0.0767396,96.97791,686.33655,148.84229,3.0570593,2.7253673,0.8184873,0.9986278,0.18779257,29.566452,0.10393135,9.154941e-07,5.445365e-06,0.0070226965,1.0784781e-06
1381,0.15629712,0.24785621464252472,0.25011947751045227,0.0,0.6717043,0.97267085,0.06513469,99.61129,698.74976,152.89055,3.216062,2.3889894,1.246011,0.9999748,0.17378204,185.89142,0.7279045,3.5193906e-08,4.49045e-07,0.0072994884,2.2453308e-09
1382,0.15553753,0.21618500351905823,0.21709111332893372,0.0,0.6739702,0.9499144,0.063823454,79.753876,458.14844,133.00009,2.644367,3.6993706,0.027836263,0.9704426,0.17403276,25.693727,0.42338002,5.112025e-05,4.521985e-05,0.007478684,7.198819e-07
1383,0.15373877,0.23309971392154694,0.23459109663963318,0.0,0.53948534,0.8164844,0.057885334,91.91906,696.259,144.51418,3.2158852,2.653063,1.019539,0.9998785,0.17817649,35.07163,0.39435005,1.4209663e-06,9.3472444e-08,0.007612095,1.5023355e-08
1384,0.15275925,0.2340315878391266,0.23278118669986725,0.0,-0.0055031865,0.43841282,0.06355073,99.95431,656.4722,162.0392,3.2265065,2.2364192,0.8479152,0.9997853,0.17616765,77.34988,0.5778893,2.7308414e-07,1.2832971e-06,0.009265209,7.6579106e-08
1385,0.15924034,0.24185803532600403,0.23378115892410278,0.0,1.0127004,1.4757923,0.023124317,67.3351,699.70734,116.84931,2.5948448,1.9887391,1.7514207,0.9999629,0.18845789,54.545647,0.65321004,4.220614e-07,9.0301575e-07,0.0071665198,1.7665496e-08
1386,0.15864722,0.2566353678703308,0.24347811937332153,0.0,-0.009943207,0.0529665,0.08255993,99.66462,289.88263,139.60042,5.4231153,2.6227179,0.426602,0.99788713,0.1656906,161.72166,0.46467662,2.8928199e-07,0.015652448,0.011388219,0.0004891745
1387,0.16046053,0.2474214881658554,0.22285157442092896,0.0,-0.0072537633,0.36252442,0.019873863,99.596504,61.140446,137.38118,4.6054993,2.1756015,0.9016361,0.9986952,0.15503934,115.797966,0.3924481,2.7298108e-07,0.0036356503,0.010583299,0.00066127727
1388,0.156472,0.24871504306793213,0.24390600621700287,0.0,-0.0075032464,0.45601934,0.016316876,92.69119,112.637436,142.20218,3.1334283,2.1672087,0.7093313,0.9993007,0.16573635,23.83714,0.5520467,1.6557863e-07,0.0033914326,0.009509154,1.787826e-06
1389,0.15599117,0.2625506520271301,0.24187664687633514,0.0,-0.0075109713,0.409242,0.01958253,98.72834,119.38241,147.9932,3.3535295,2.0921128,0.5136796,0.9999632,0.11473524,106.78393,0.5487668,3.378408e-08,0.00083772524,0.011261823,0.0001738651
1390,0.15946585,0.24654974043369293,0.23560579121112823,0.0,0.066366,0.4202078,0.022369482,99.977516,16.505611,138.70845,4.5739446,2.9532142,0.25147787,0.99996287,0.14678167,110.1466,0.8939998,5.7512718e-08,0.0065146163,0.010480959,0.00023231002
1391,0.15388268,0.21885733306407928,0.20869465172290802,0.0,-0.00714589,0.43641004,0.017286936,98.08303,77.33651,148.64447,3.288985,2.2406282,0.3796926,0.9998249,0.16975987,77.88472,0.7013766,1.5412871e-06,0.00017303752,0.010825375,4.853294e-06
1392,0.1580783,0.24605627357959747,0.21429874002933502,0.0,-0.0073835365,0.38346565,0.01962987,98.86062,58.03558,143.78659,3.8137891,2.1454551,0.49797365,0.9999464,0.11854276,105.64182,0.5888843,1.4246805e-07,0.001374644,0.012002208,0.00031422844
1393,0.15717517,0.24697670340538025,0.24747127294540405,0.0,0.5121119,0.78383034,0.06101607,97.024826,698.07605,149.8766,3.3323288,1.3434619,2.1155403,0.9994299,0.15664984,158.14037,0.4997996,3.5674293e-07,7.526725e-07,0.007878468,3.1663177e-08
1394,0.15611786,0.2595882713794708,0.2357805222272873,0.0,-0.0071525113,0.35911494,0.020718174,99.97335,109.11171,138.71451,4.6361394,2.4944918,0.42098942,0.9999768,0.12857367,62.48985,0.67045945,1.459776e-07,0.0002952931,0.011275815,0.0010048395
1395,0.15474476,0.24962787330150604,0.25153642892837524,0.0,0.5547105,0.860572,0.05965028,95.520256,697.96265,146.55988,3.291035,2.4851074,1.090859,0.99976015,0.19988005,129.12985,0.123463325,3.028296e-07,7.8910915e-08,0.0072814343,2.451958e-08
1396,0.15665892,0.24539503455162048,0.2319832444190979,0.0,-0.0073686494,0.42211688,0.019254118,91.15609,109.098885,140.8813,3.2603416,1.7747796,0.97746813,0.9998829,0.13808763,51.063107,0.03735925,1.5157002e-07,0.0023872796,0.011234287,5.5865694e-05
1397,0.15546118,0.22845998406410217,0.23268435895442963,0.0,0.51147074,0.85225654,0.060396828,99.982605,699.84375,156.49884,2.9778476,1.3609991,2.1903138,0.99999136,0.21723877,36.64842,0.40721965,1.2662555e-08,2.8769358e-08,0.007467621,8.245516e-09
1398,0.1595,0.24072010815143585,0.24131907522678375,0.0,0.5545911,0.8492655,0.06036822,98.614105,698.961,152.00082,3.2640898,2.0235648,1.6178253,0.99863005,0.19233155,59.746437,0.09474389,3.2797192e-07,1.2003107e-06,0.007606147,3.4427675e-08
1399,0.16104944,0.24154697358608246,0.22050724923610687,0.0,-0.0074859834,0.4020094,0.017620174,99.43814,118.61754,145.16551,3.7543905,2.6570222,0.04450856,0.9997337,0.0109463185,153.80278,0.6437332,4.7237e-07,0.00036155112,0.15579298,5.3756507e-06
1400,0.15703182,0.24937699735164642,0.2399066984653473,0.0,-0.007486838,0.42026258,0.01932098,78.212,80.82171,124.454834,2.9492579,2.094583,0.6988665,0.9996849,0.13591997,13.818513,0.051472787,1.2040202e-06,0.0064525907,0.010839143,3.9869126e-05
1401,0.1539398,0.24391700327396393,0.24332471191883087,0.0,0.16595905,0.6040872,0.040526062,90.38932,694.82074,149.85332,3.0475254,3.439071,33.45518,0.97594273,3.4545826e-07,58.066948,0.5180699,0.0076808347,9.507096e-08,7.7584074e-05,0.00012930529
1402,0.15469591,0.24498873949050903,0.2269088327884674,0.0,-0.0056378567,0.40493783,0.017346324,92.583534,16.384058,137.73636,3.536624,2.481801,0.35700843,0.999357,0.11938265,99.91339,0.08065077,1.8893573e-08,0.0032693683,0.011408538,0.0001740669
1403,0.15389216,0.214852437376976,0.22502925992012024,0.0,0.53994745,0.7353761,0.06796701,94.16199,660.32275,144.54213,3.3153315,3.6621559,0.095816135,0.9998812,3.153617e-07,98.99033,0.20836172,0.006988284,2.6226507e-08,0.017942963,0.9516524
1404,0.156804,0.238617405295372,0.21743392944335938,0.0,-0.006390006,0.41068178,0.017316932,93.48406,32.683712,141.492,3.4888413,1.8653282,0.9010867,0.9945574,0.11065567,18.110592,0.55071855,1.0557344e-05,0.0016707298,0.011716706,2.7529188e-06
1405,0.15469493,0.22081297636032104,0.22342871129512787,0.0,0.5394179,0.8384238,0.061047643,99.8558,699.5143,154.29466,3.0622513,2.001477,1.5204076,0.99982584,0.19399455,35.611713,0.96047544,1.1566982e-07,1.4030591e-06,0.0075523825,3.7536406e-08
1406,0.15711333,0.2268969863653183,0.22800059616565704,0.0,0.5553501,0.86903286,0.05950543,98.07102,697.1158,150.84358,3.244078,1.7530469,1.7744962,0.99965966,0.19932806,50.1319,0.13238595,8.031346e-07,6.292815e-06,0.0075949663,2.710091e-07
1407,0.15672843,0.2571004331111908,0.25462064146995544,0.0,-0.005906784,0.5219612,0.03349708,96.87465,628.23914,155.32944,3.2384686,4.306641,0.00472024,0.9953127,0.0012009596,47.95721,0.045273334,0.006248098,2.3740063e-06,0.9687305,0.096269965
1408,0.15851045,0.23308362066745758,0.23114727437496185,0.0,-0.0060127974,0.5442177,0.02929695,99.783134,119.444954,153.30093,3.1349223,2.96418,0.19191481,0.99892837,0.20571317,71.17658,0.16046388,1.9633947e-06,6.384952e-06,0.009245595,2.1317021e-07
1409,0.15525995,0.25200706720352173,0.23182660341262817,0.0,-0.0075161695,0.39459324,0.021492641,98.91421,98.5357,146.00624,3.6629806,2.1763215,0.3340995,0.99813527,0.11183282,17.91213,0.5052116,4.563134e-06,0.0009724223,0.011982465,0.00024280805
1410,0.15298654,0.22684073448181152,0.226270854473114,0.0,-0.0055454047,0.5109711,0.043519396,99.67877,355.11697,160.88933,3.0317461,1.6227442,1.5509667,0.9979163,0.17734484,72.53005,0.6450978,9.583281e-08,1.146517e-05,0.009346732,6.121183e-07
1411,0.15693313,0.2575483024120331,0.2583933472633362,0.0,0.6711998,0.9628975,0.05931714,98.557846,698.9333,149.96405,3.3218284,2.2871346,1.2826093,0.999905,0.20194441,116.295525,0.498491,5.1229414e-08,7.7289025e-07,0.007334069,2.7704438e-08
1412,0.15577613,0.2508183717727661,0.21560069918632507,0.0,-0.010111297,0.06308502,0.082366966,99.955025,70.983116,137.04135,5.523853,2.376671,0.21063876,0.9996512,0.13581361,17.422626,0.237335,4.2633317e-07,0.010058046,0.014332272,0.0004545249
1413,0.15589094,0.22074584662914276,0.21826131641864777,0.0,-0.0072004683,0.4427857,0.060525216,99.97768,405.34036,161.20694,3.2298865,1.7125272,1.4410145,0.9971059,0.17490563,16.797947,0.39573023,2.1054084e-05,3.0314746e-05,0.009392878,6.9263937e-09
1414,0.1554226,0.24077458679676056,0.24372942745685577,0.0,0.5455728,0.8862883,0.05931533,99.84914,699.61743,155.0088,3.0743406,2.6351106,0.9924572,0.9999945,0.18176122,166.27092,0.5848895,6.4651864e-08,1.5661922e-08,0.0075738714,3.479033e-08
1415,0.15645173,0.24217341840267181,0.23539477586746216,0.0,-0.0071866848,0.42545733,0.016928975,96.73701,26.839079,143.18553,3.5755408,2.712944,0.04930739,0.9977424,0.010622167,52.80103,0.13788642,8.5270165e-07,6.3418884e-05,0.15738317,0.0055839936
1416,0.15347807,0.2321326583623886,0.2238941639661789,0.0,-0.0073434133,0.42173147,0.016652416,99.77612,38.36956,147.39423,3.4654024,2.2250805,0.65774643,0.9999291,0.14871751,140.7201,0.49205247,5.803137e-07,0.002176666,0.010539348,0.0002119
1417,0.1553681,0.23312827944755554,0.2334330976009369,0.0,0.6750983,0.93422645,0.069388896,99.64603,698.94446,152.03465,3.4259982,1.6677628,1.9497721,0.9995732,0.17584792,128.79904,0.5181112,2.479207e-07,1.6884845e-06,0.0075798295,1.6482863e-08
1418,0.15542005,0.23590289056301117,0.23509249091148376,0.0,-0.0055231936,0.55317086,0.036382385,99.53827,344.227,159.5035,3.0720248,2.4634414,1.0146607,0.9968543,0.19978853,63.9908,0.4800677,1.2971573e-06,4.576683e-06,0.008624759,3.5162677e-07
1419,0.1570394,0.242986798286438,0.21864034235477448,0.0,-0.007499448,0.40096885,0.017620815,99.5177,118.289986,147.09995,3.666361,2.0958629,0.6156679,0.99996996,0.12178204,79.4742,0.04461817,8.947016e-09,8.755894e-05,0.011594182,0.000413304
1420,0.15337753,0.25178322196006775,0.22805054485797882,0.0,-0.0074487235,0.38477716,0.017877432,99.89397,31.551674,143.2807,3.8103852,2.3740892,0.58573717,0.99898255,0.122981586,181.5407,0.44289812,8.2071807e-07,0.007456938,0.0109747285,0.000107648586
1421,0.15567806,0.2560099959373474,0.2560492753982544,0.0,0.5550399,0.8200112,0.062392052,95.41011,692.82513,148.13406,3.2042084,2.5137994,1.1080614,0.99937165,0.17931785,22.217175,0.051608115,1.2009482e-06,2.2840422e-05,0.007444883,1.6865387e-07
1422,0.15304697,0.22750736773014069,0.22730110585689545,0.0,0.5405426,0.8171259,0.063568555,98.797485,695.4226,153.53296,3.2743645,2.4198482,0.90955603,0.998571,0.18029128,23.319633,0.33009553,2.3554112e-06,1.4104133e-06,0.008227361,1.410482e-07
1423,0.15293081,0.24117615818977356,0.2205290049314499,0.0,-0.007466834,0.403425,0.017598994,99.4973,118.40688,145.77473,3.6727602,2.045587,0.6836942,0.99956495,0.1488813,41.37931,0.6164934,1.6639962e-07,0.005367194,0.010871516,0.00011339128
1424,0.155134,0.21658916771411896,0.21871614456176758,0.0,0.54497904,0.87338185,0.057579815,99.96502,699.50977,154.37897,3.180917,2.656472,0.7427222,0.9999168,0.17018633,98.10889,0.39220724,8.662911e-07,5.56101e-06,0.00782871,1.0550626e-07
1425,0.15668155,0.2319013625383377,0.232573002576828,0.0,0.51147187,0.7830635,0.059840776,98.03638,692.04706,150.48416,3.3216171,2.9596243,0.5372583,0.99962664,0.1840675,94.943756,0.5164008,2.5050654e-06,1.847935e-06,0.00798904,1.6320573e-07
1426,0.15639178,0.22838576138019562,0.2284822165966034,0.0,0.6753151,1.006428,0.06487884,97.36053,699.0839,151.05939,3.114313,1.6403841,1.8307652,0.99926454,0.17538568,42.601284,0.3976883,1.8349413e-06,9.355541e-06,0.007469115,3.613237e-08
1427,0.1557968,0.24858412146568298,0.2470872402191162,0.0,-0.00547438,0.49855453,0.04457872,99.80257,439.83487,161.66441,3.135692,1.8736172,1.4288296,0.99904466,0.16215007,21.398018,0.4672808,6.286928e-08,6.8798414e-07,0.009448298,1.4387912e-08
1428,0.15746082,0.2340124100446701,0.22535037994384766,0.0,-0.0075060986,0.42910054,0.016838871,96.33115,116.62454,143.27283,3.4616961,2.5194314,0.5232531,0.999963,0.13536778,85.185165,0.25006935,4.694682e-08,0.0056854356,0.010685609,2.3124e-05
1429,0.15577671,0.22957448661327362,0.21586349606513977,0.0,-0.006950056,0.43003646,0.020691233,99.96861,120.95085,154.82788,3.11048,2.2772448,0.51297575,0.9999669,0.14262891,58.094185,0.8479229,4.1640862e-07,0.00032858585,0.011234448,3.2536278e-05
1430,0.154507,0.220967099070549,0.21252603828907013,0.0,-0.0064298348,0.42295834,0.017173888,94.343315,113.33141,140.87268,3.3896363,2.08575,0.90407294,0.99984866,0.16133612,15.730197,0.09032102,7.60114e-07,0.00243257,0.010064436,0.00039781706
1431,0.15454236,0.2575829327106476,0.22335053980350494,0.0,-0.009186123,1.6666395e-06,0.09124172,99.856544,23.3473,134.89812,5.9216623,2.2218554,0.37040198,0.9989515,0.16462398,82.82833,0.6242712,6.271324e-07,0.0027292285,0.013448263,0.0012631369
1432,0.15696993,0.2536724805831909,0.23302534222602844,0.0,-0.007516462,0.3998327,0.017646154,99.47466,117.75192,143.93968,4.026565,1.8877248,0.8466121,0.9999407,0.13191389,51.346832,0.2415712,4.1064368e-07,0.0027004112,0.011496265,0.00029736743
1433,0.15549612,0.24557624757289886,0.24418963491916656,0.0,1.0604488,1.5705044,0.07790739,56.626102,699.4914,106.54452,2.2487469,2.0008984,1.7170651,0.9999188,0.16261402,113.077095,0.74280137,3.0659345e-07,1.1402481e-07,0.006997222,5.5217914e-08
1434,0.15727355,0.23688656091690063,0.23393931984901428,0.0,0.5445897,0.7894814,0.06392583,98.837616,699.92145,151.62813,3.3662431,2.5452516,0.8862786,0.9998631,0.16655305,66.4138,0.6715557,2.0049897e-07,3.8819923e-07,0.008174185,7.026134e-08
1435,0.15585738,0.23764348030090332,0.22094368934631348,0.0,-0.007514557,0.41666356,0.017463189,99.5238,120.969536,147.14047,3.6948972,2.323083,0.45611072,0.9997156,0.13870722,64.38271,0.7948234,4.6136074e-07,0.0021572874,0.011574775,0.00035253767
1436,0.15722084,0.26053211092948914,0.24531766772270203,0.0,-0.0100703025,4.69659e-05,0.09481866,99.82526,270.12112,139.11032,5.436077,2.2815082,0.6953709,0.999996,0.17039397,40.315514,0.23559509,1.60929e-06,0.003413054,0.011572146,0.0012707796
1437,0.15665095,0.2442692071199417,0.24277712404727936,0.0,0.5540282,0.8101063,0.06378862,97.340485,697.7875,150.94946,3.2035928,1.5197238,1.828862,0.9999595,0.17825496,110.27345,0.45314178,1.402631e-06,7.59319e-07,0.007877523,1.6690552e-07
1438,0.15553077,0.2412554770708084,0.2109299898147583,0.0,-0.006022729,0.34839913,0.021815447,98.68543,36.883522,139.36717,4.1655602,2.757725,0.092172734,0.9997193,0.1093957,182.21468,0.61820585,6.8245235e-08,0.004543919,0.011893309,0.00044632232
1439,0.1542109,0.2564036250114441,0.2374974489212036,0.0,-0.0102089485,0.07660195,0.07658528,99.841774,207.78163,138.7239,5.7201104,2.4419508,0.35556048,0.99988574,0.13428293,110.99367,0.17534462,3.856189e-07,0.019784318,0.013758834,6.2222025e-05
1440,0.152069,0.2292121797800064,0.22845573723316193,0.0,-0.0054602535,0.46249843,0.057569496,99.99782,399.84332,163.8584,2.9269533,1.776831,1.3343686,0.9999261,0.1784106,120.02549,0.38336563,2.0285079e-08,2.005238e-06,0.009161938,2.2247029e-08
1441,0.15728527,0.2513654828071594,0.2507884204387665,0.0,0.54326344,0.85048664,0.05709468,68.48289,593.6983,122.751274,2.3575919,3.6948225,0.14638585,0.986747,0.0067465906,69.615555,0.5665476,8.610484e-05,5.3398167e-06,0.21389428,6.3210115e-05
1442,0.15666434,0.21242369711399078,0.20494690537452698,0.0,0.53392625,0.82170856,0.02186157,89.22102,639.3255,137.54652,3.2448816,4.5793095,0.047250558,0.9110325,0.0054523447,47.42173,0.01013686,0.0005985173,7.1567197e-06,0.169773,0.00060046214
1443,0.15188816,0.253158301115036,0.22900159657001495,0.0,-0.0074357083,0.34651113,0.020198304,99.78081,304.74612,141.81076,4.5726833,2.4002728,0.75829023,0.9996312,0.11777571,99.92832,0.23321709,3.8941798e-07,0.006842038,0.010607204,0.0007050395
1444,0.15809365,0.24740710854530334,0.2295830100774765,0.0,-0.0071985354,0.4193493,0.017528763,98.56079,95.04096,147.66536,3.5962179,2.1561732,0.5508792,0.9991414,0.12773766,17.418922,0.15371513,7.5745663e-07,0.0021023825,0.01251537,9.331493e-05
1445,0.15723789,0.22585198283195496,0.22282883524894714,0.0,0.0894006,0.5906684,0.036187273,99.847,693.9402,158.40617,3.2828429,2.0099273,1.2059267,0.9992813,0.17613328,19.708698,0.20134695,1.3728668e-06,2.7255405e-06,0.009147489,9.452394e-08
1446,0.15434311,0.23178799450397491,0.23359282314777374,0.0,0.55554336,0.8847866,0.058971923,99.6082,698.84717,153.42233,3.2279756,1.8830919,1.4820168,0.9999418,0.18884099,63.768013,0.39198297,5.9452212e-08,1.2014185e-06,0.0078053833,1.2818126e-08
1447,0.15564667,0.2585142254829407,0.24606899917125702,0.0,-0.0074510453,0.40907374,0.017049957,69.52011,34.589867,113.47978,2.8482537,1.8947117,1.0978113,0.9999467,0.14191757,64.80502,0.7046587,3.2263665e-07,0.0018347877,0.010502202,0.00046643635
1448,0.15559033,0.2303817868232727,0.23087939620018005,0.0,0.5420795,0.8481458,0.061375726,99.7607,691.0568,153.43521,3.2316434,2.2559144,1.1335536,0.99983513,0.16979133,99.527336,0.5322673,1.1600349e-06,4.5278825e-06,0.008122635,6.134203e-08
1449,0.15679675,0.24132180213928223,0.24327947199344635,0.0,0.541446,0.8460131,0.05826592,98.66339,694.8289,151.45058,3.3791277,2.093044,1.5635551,0.9938254,0.20564267,57.082546,0.7846595,3.83566e-06,4.160071e-06,0.00750137,5.60102e-07
1450,0.15793666,0.2492726892232895,0.23251499235630035,0.0,-0.0074910987,0.4220994,0.017148698,99.43116,25.15326,149.42499,3.4080517,1.9468188,0.73611534,0.9998781,0.13368006,111.63133,0.34327942,1.8516468e-08,0.00082080666,0.011042839,1.5899068e-05
1451,0.15531395,0.22884075343608856,0.22922223806381226,0.0,0.5395544,0.81483024,0.06003854,99.91322,699.7905,151.5192,3.4271302,1.6363263,1.7940997,0.9996086,0.22496648,134.25691,0.9703387,1.0136694e-07,1.1094055e-06,0.007785248,1.939092e-08
1452,0.15636082,0.24262700974941254,0.245062455534935,0.0,0.5455585,0.86681247,0.05897335,99.74272,698.61395,153.33513,3.2763002,2.8715243,0.64546233,0.9995686,0.19286057,65.011635,0.9807113,9.814596e-07,9.3047294e-07,0.007667502,7.102208e-08
1453,0.15649746,0.2375403493642807,0.22570213675498962,0.0,-0.007513506,0.42167652,0.017427195,99.913895,118.89764,148.86345,3.525267,1.9499538,0.7876226,0.9999153,0.13067934,109.18003,0.25525126,6.035953e-08,0.0013502425,0.011085834,0.00014588337
1454,0.15615518,0.25286564230918884,0.25571760535240173,0.0,0.53958434,0.82519275,0.060945414,99.83996,695.607,154.44763,3.1497927,2.8720212,0.7587,0.99966365,0.20139588,190.62965,0.963077,1.3290894e-07,1.5578819e-06,0.00747187,5.117478e-08
1455,0.15066646,0.2360631227493286,0.21490493416786194,0.0,-0.007298555,0.38944638,0.017757628,99.75813,99.977356,144.21568,3.6996648,2.2342653,0.5709778,0.99997413,0.117278606,125.83144,0.86875165,1.2189447e-06,0.006346583,0.011392244,0.0002187149
1456,0.1583393,0.23208238184452057,0.23039087653160095,0.0,0.5438521,0.8054769,0.060558084,99.7169,698.8418,151.1515,3.517033,2.9329455,0.7269945,0.9998262,0.17541152,123.00854,0.012964136,2.3092335e-09,3.1514588e-07,0.0078736795,3.3624666e-08
1457,0.15699361,0.23986072838306427,0.2388126105070114,0.0,0.08923064,0.6218729,0.033339206,99.995895,697.75006,160.25967,3.1208148,2.4903243,1.1291637,0.999977,0.16630644,55.429688,0.1030482,4.3356772e-07,2.6253372e-07,0.008211297,2.7971602e-08
1458,0.1570835,0.23927918076515198,0.2396051287651062,0.0,0.5424224,0.8093537,0.055373468,82.06333,646.3138,134.67758,2.8066816,2.2363107,1.0056723,0.9983715,0.22368373,20.543228,0.23664246,1.8292027e-06,9.991665e-06,0.007621904,9.527127e-08
1459,0.15469675,0.23945467174053192,0.24177202582359314,0.0,0.53932893,0.8114753,0.05822229,95.46151,696.40814,148.29308,3.0975575,2.187398,1.3690666,0.99873704,0.1686714,199.61214,0.87718016,3.5539964e-07,9.156145e-07,0.0074411994,1.4036649e-08
1460,0.15360245,0.259225070476532,0.24817629158496857,0.0,-0.00748666,0.41059458,0.017549021,99.5727,243.7087,148.26141,3.6769395,2.1251922,0.74601895,0.99995106,0.148481,88.83334,0.14835946,3.4739752e-08,0.010334027,0.011015363,0.00020126636
1461,0.15377802,0.229417085647583,0.22858579456806183,0.0,0.54281235,0.8100444,0.063413344,98.85878,696.4553,152.44283,3.3368366,1.6050062,1.6997997,0.999742,0.21757919,58.23876,0.42372414,4.841849e-07,2.9194092e-07,0.008023144,1.7196138e-08
1462,0.15234306,0.2364465445280075,0.23636788129806519,0.0,0.088412,0.62946415,0.03250518,99.96481,582.2124,161.94441,3.0865092,1.6334512,1.8028575,0.9990731,0.17956516,13.270636,0.018630132,1.1563104e-05,4.59503e-05,0.0085747335,8.045158e-07
1463,0.15228717,0.21799543499946594,0.20775845646858215,0.0,-0.0075149434,0.4611671,0.017023623,99.53232,118.40079,153.75482,3.0475159,1.647708,1.1166154,0.99961,0.2078725,109.02146,0.35304546,1.0710683e-07,3.5694154e-06,0.009963355,7.54005e-07
1464,0.15293214,0.24003951251506805,0.22541272640228271,0.0,-0.010333838,0.02343435,0.092335,99.85746,688.45514,140.68884,5.3750873,3.1564968,0.000115135656,0.9997833,0.011438228,149.89043,0.82038677,2.1915798e-07,0.0007645287,0.18106411,0.018473027
1465,0.15372066,0.2502492368221283,0.2399088591337204,0.0,-0.0074180244,0.42666224,0.017091282,98.57997,116.59591,143.52852,3.5984585,2.0183532,0.8770736,0.99995047,0.13234057,162.40883,0.73037153,1.2973126e-07,0.006294232,0.010081319,1.0731219e-05
1466,0.15274248,0.22354744374752045,0.22367063164710999,0.0,0.55536556,0.86757576,0.06087418,99.51106,697.4674,154.46083,3.1370027,1.9774851,1.1861204,0.99988294,0.17077331,52.204433,0.768341,4.827211e-07,1.0971555e-06,0.008039575,1.2769618e-07
1467,0.15503122,0.23312024772167206,0.2212928682565689,0.0,-0.0068757823,0.40742427,0.017576095,96.58845,115.43424,141.51439,3.5877635,2.426869,0.5474514,0.99966496,0.11325426,122.24281,0.6229455,9.571996e-07,0.0035374372,0.010725758,0.00021038273
1468,0.15636589,0.2411489635705948,0.22390545904636383,0.0,-0.007452633,0.40384912,0.017604506,99.90783,87.174324,143.4198,3.8875394,1.7568979,1.0165336,0.9998494,0.12842822,111.019196,0.39180905,9.964783e-08,0.0037162842,0.01111846,0.000114307855
1469,0.15601303,0.24479436874389648,0.24210812151432037,0.0,0.089247644,0.58254,0.038657323,99.91282,697.0106,159.97038,3.2930794,2.729585,0.48406556,0.9997433,0.1548616,190.3825,0.028811863,1.1992993e-06,1.7805719e-06,0.009275416,1.2021458e-07
1470,0.15406607,0.24524840712547302,0.2416347712278366,0.0,-0.0068786633,0.43657413,0.061906893,99.997475,286.04224,161.14682,3.2661948,2.008788,1.0096991,0.9970321,0.17838953,66.08597,0.4621088,3.1667178e-06,2.9430676e-06,0.0099934265,1.7410282e-07
1471,0.15588018,0.2487417310476303,0.25092071294784546,0.0,0.51260865,0.79317033,0.054681856,90.314575,698.56323,143.26314,3.0416367,3.616468,0.020857686,0.99984884,0.0072874706,180.91183,0.5120867,1.3338712e-06,2.6007845e-08,0.2144445,4.9797263e-06
1472,0.15941024,0.23226547241210938,0.22429704666137695,0.0,-0.0067638108,0.41809088,0.05368116,97.66124,90.68301,149.43755,3.07695,1.6993831,1.4744449,0.9970931,0.16500586,9.716351,0.017439587,4.5672e-07,2.9085202e-05,0.0090556005,2.7638492e-07
1473,0.15570569,0.23797696828842163,0.23839469254016876,0.0,0.67428935,1.029191,0.05762066,99.7861,698.8809,153.05211,3.272738,1.5849068,2.0234935,0.9999261,0.16757137,150.01111,0.53996,7.283051e-08,6.4067336e-07,0.0074995514,1.6026656e-08
1474,0.15561996,0.24230743944644928,0.22358331084251404,0.0,-0.006111784,0.4081996,0.018832058,93.22378,68.20355,138.99292,3.3173661,2.3563583,0.51681983,0.9979937,0.12578698,16.44586,0.17676121,1.7640576e-06,0.0049797837,0.011093219,9.997821e-05
1475,0.1542411,0.24394670128822327,0.22637690603733063,0.0,-0.014311064,0.014857394,0.090993404,85.97645,18.4548,118.978645,5.061796,3.2112062,0.17122503,0.958798,0.013397755,53.065533,0.48388997,5.5172986e-05,0.00029678765,0.16066587,0.020014765
1476,0.15420657,0.24048128724098206,0.23161375522613525,0.0,-0.0062050526,0.41018364,0.017062472,93.153496,28.829477,136.57602,3.719741,1.4060985,1.3234794,0.99941367,0.13396257,16.978645,0.54024327,2.1541966e-06,0.005105849,0.011233499,0.00037449002
1477,0.154458,0.25532883405685425,0.2486756443977356,0.0,-0.007465481,0.42971668,0.01606995,57.3,78.923386,103.106384,2.4519444,1.8890755,1.1151618,0.9996907,0.16130723,21.203745,0.09123468,3.1560427e-07,0.0034660718,0.010141842,0.00037986194
1478,0.15717722,0.2527325749397278,0.2270618975162506,0.0,-0.006792791,0.38153496,0.020162348,96.89113,59.740494,142.74832,3.7998292,2.07827,0.6497017,0.9989128,0.1242663,153.32909,0.6849351,6.962597e-07,0.003022573,0.0123216985,0.00026044025
1479,0.15461865,0.22346028685569763,0.21911835670471191,0.0,-0.0055228053,0.502424,0.045598187,99.95623,423.984,161.8692,2.9061446,2.1511831,1.2816877,0.99950016,0.19737224,150.4299,0.49095607,6.047268e-07,4.029115e-07,0.008223579,8.833139e-09
1480,0.15460888,0.24512873589992523,0.24402199685573578,0.0,-0.005487833,0.44347724,0.063389674,99.64576,697.16925,161.75192,3.137559,2.3852239,0.9816985,0.99892324,0.17650786,145.71054,0.27727735,2.065552e-06,1.0921073e-06,0.008934405,1.0256849e-07
1481,0.15882666,0.24135634303092957,0.23367397487163544,0.0,-0.007445312,0.44525775,0.016428249,93.519424,112.86706,138.24664,3.5405514,2.4146175,0.61080366,0.99986196,0.1723779,142.11394,0.9786248,7.128409e-08,0.0058510327,0.010068644,0.00011096829
1482,0.15457885,0.24373894929885864,0.23514710366725922,0.0,-0.0074968976,0.42068428,0.01719441,82.320175,100.072624,129.61263,3.0185826,2.6247387,0.36767924,0.9999421,0.13908616,16.77197,0.18969326,1.6954572e-06,0.0021633934,0.010273491,0.00037727246
1483,0.15184027,0.24641284346580505,0.23266953229904175,0.0,-0.006942576,0.42033502,0.01695635,95.81399,116.65041,142.40904,3.4506187,1.5437696,1.2282244,0.9994313,0.13072504,51.691757,0.31588468,2.4595803e-07,0.00521066,0.011262512,0.00016116248
1484,0.1558243,0.21781285107135773,0.21437393128871918,0.0,-0.0059701116,0.49268693,0.047802843,99.56571,289.4409,158.90193,3.2330823,1.9430312,1.15444,0.99965614,0.18983227,32.912056,0.74209464,8.7618463e-07,7.7778714e-07,0.00993481,1.9388604e-07
1485,0.15617484,0.24498635530471802,0.24585400521755219,0.0,0.75983554,1.0439613,0.071602255,94.96872,695.63556,147.3693,3.0659256,1.0446948,2.4152951,0.99933684,0.1931039,75.81391,0.6529568,6.614321e-07,2.9676403e-06,0.0072343973,1.466407e-07
1486,0.1543533,0.23513713479042053,0.2320212423801422,0.0,-0.005885245,0.47024518,0.04833542,99.66468,371.33176,160.8775,3.0694113,1.870014,1.2867699,0.99856865,0.16500881,26.340715,0.5594871,3.6300415e-07,8.417893e-07,0.009203025,5.9100763e-08
1487,0.15368739,0.23285886645317078,0.23234951496124268,0.0,0.6745287,0.9169265,0.06992462,99.15508,697.7661,151.86806,3.199002,1.508105,2.013198,0.9986985,0.16507629,155.46024,0.4249177,6.8005434e-08,4.2021557e-06,0.0077107633,7.265084e-08
1488,0.15625207,0.2434493750333786,0.2388707846403122,0.0,-0.0073397225,0.4374154,0.017285697,87.37807,108.05128,137.37761,3.0002868,2.9336793,0.0634438,0.99964863,0.010902679,83.133514,0.6409729,7.367446e-07,7.401583e-05,0.13709438,0.0046811015
1489,0.15646267,0.24132882058620453,0.2164517641067505,0.0,-0.0072973613,0.40445846,0.018136235,97.25395,120.66356,145.70422,3.5597339,2.189003,0.4757472,0.99982834,0.1205499,73.50176,0.8667729,1.1203309e-06,0.0010686872,0.011465802,0.00015692928
1490,0.15629692,0.25087639689445496,0.2517184615135193,0.0,0.5552976,0.8631538,0.05640607,99.65048,698.2033,153.10257,3.1560118,1.9507157,1.4689199,0.99973726,0.18840854,142.41693,0.65665215,1.9390254e-07,4.2346784e-07,0.007409841,3.247219e-08
1491,0.15734895,0.2321213334798813,0.23419949412345886,0.0,0.5401453,0.8488561,0.061400577,97.09191,662.11505,151.1752,3.0874813,1.7212601,1.6268017,0.9990282,0.18267849,19.68263,0.022721855,1.2641915e-06,2.922105e-07,0.007702134,2.0803637e-07
1492,0.15844893,0.25983402132987976,0.23018169403076172,0.0,-0.007458733,0.38090852,0.019007131,99.169014,118.33996,143.34143,4.0361013,2.3459213,0.5456053,0.9998907,0.11078007,140.53648,0.6122607,1.8758087e-07,0.00044618789,0.011453815,0.00047752517
1493,0.15787384,0.23918871581554413,0.21295492351055145,0.0,-0.0072158626,0.38981047,0.017750723,99.46311,120.092514,146.57538,3.805751,2.6334264,0.06943557,0.9998366,0.012179079,94.44777,0.36792752,3.523025e-07,9.260863e-05,0.13001032,0.0037155768
1494,0.15450491,0.2548515200614929,0.24658572673797607,0.0,-0.0075059566,0.4059041,0.017577609,99.79208,117.2238,143.96341,3.977812,2.5324128,0.2852265,0.99971426,0.12623519,78.98013,0.49073532,2.561709e-07,0.0018740626,0.011317303,0.0005774429
1495,0.15769026,0.249714657664299,0.24761036038398743,0.0,0.912784,1.2022734,0.066440545,77.02858,699.8137,126.90496,2.8810256,1.9124893,1.8343242,0.9999747,0.17610307,91.461105,0.7021727,3.086907e-08,7.100453e-08,0.0070537115,2.6822011e-08
1496,0.15748757,0.2571330964565277,0.22126127779483795,0.0,-0.0074775955,0.3808024,0.023017433,99.40132,117.7186,149.5669,3.4745307,2.0129771,0.7240389,0.99936324,0.12750165,81.234474,0.4560605,1.7973447e-06,0.0009278376,0.01159241,3.4478882e-05
1497,0.15703905,0.24905753135681152,0.2478242665529251,0.0,0.67206526,0.91455704,0.06053814,88.0028,677.9153,139.66185,3.2204227,3.0339093,0.55661964,0.9903864,0.20318888,22.43441,0.038303684,1.918561e-08,7.3884185e-06,0.007628569,2.418842e-07
1498,0.15694061,0.26078832149505615,0.23481294512748718,0.0,-0.007474918,0.3622607,0.01808,99.459885,69.04886,138.42154,4.5782313,2.4849718,0.40894,0.9994355,0.12072526,37.873688,0.25425774,1.7215164e-06,0.006270763,0.0115588745,0.0003039689
1499,0.15704066,0.24752208590507507,0.2302398681640625,0.0,-0.0074632717,0.42439437,0.017471148,89.62171,88.48214,136.3868,3.1874204,2.224489,0.5765306,0.9998286,0.13743706,33.469776,0.8973393,4.1424833e-08,0.001559822,0.010460159,0.00028706368
1500,0.1528842,0.24595198035240173,0.23527869582176208,0.0,-0.0074468353,0.40343657,0.01714208,99.459,26.474203,140.3165,4.159409,2.1245372,0.82203066,0.9998997,0.17641413,64.8578,0.8670347,1.7148067e-06,0.0016576543,0.010258764,0.0006205435
1501,0.15211716,0.2423580288887024,0.22935038805007935,0.0,-0.007497896,0.41826516,0.017450515,99.48834,180.76927,147.17984,3.732661,2.3445778,0.44172272,0.9999741,0.13999844,87.55514,0.34610525,4.8949357e-08,0.008273953,0.011277146,0.000112123096
1502,0.15230475,0.2499750554561615,0.2136656939983368,0.0,-0.007384707,0.3574478,0.021419626,99.95426,114.938255,144.53978,4.1044917,2.1788142,0.46096048,0.99965197,0.12325209,43.05037,0.49396008,7.4493767e-07,0.0048357286,0.0124001885,0.00027619762
1503,0.15383218,0.24779431521892548,0.25038495659828186,0.0,0.67204875,1.0034448,0.06538907,98.78301,696.89294,154.49506,3.0240226,1.8084031,1.7658755,0.9996635,0.16153218,150.7264,0.29698855,1.744058e-08,3.7466727e-06,0.007548133,8.247897e-08
1504,0.1583365,0.25365889072418213,0.2543865442276001,0.0,0.5394567,0.82683706,0.05818532,99.68847,699.7691,151.78334,3.3776677,1.8384252,1.6972466,0.9991197,0.16700594,40.642124,0.8779123,3.0165063e-07,1.460242e-07,0.007645127,2.4032143e-09
1505,0.15393592,0.24091695249080658,0.22087204456329346,0.0,-0.010051805,0.4007952,0.017389681,89.5036,38.31884,138.05057,3.1941438,1.6982147,1.1292968,0.99786496,0.13204584,101.505135,0.41475594,2.159549e-06,0.0038114337,0.011367469,0.00010018838
1506,0.15340815,0.22243711352348328,0.22504743933677673,0.0,0.511454,0.76954347,0.059328027,71.37428,619.65204,127.92316,2.3683362,1.9187291,1.6703148,0.9968921,0.17150791,22.518057,0.7344851,3.834402e-06,1.8609342e-05,0.0074782483,6.585876e-07
1507,0.15715489,0.23373328149318695,0.2340347170829773,0.0,0.67380613,0.9475818,0.061136775,99.22281,687.4379,151.0397,3.3779914,1.6333382,2.1688955,0.9981961,0.16881569,187.96503,0.847565,7.1422215e-07,2.0740698e-07,0.0074830432,6.2632914e-08
1508,0.15645574,0.2647162079811096,0.232636496424675,0.0,-0.0062582875,0.35286987,0.020435963,99.95845,71.88528,139.93648,4.296152,2.806932,0.063808165,0.99964654,0.11837414,50.285564,0.07276846,7.834273e-07,0.0052202353,0.011175365,0.00029079965
1509,0.15476911,0.24612921476364136,0.23852258920669556,0.0,-0.0074364296,0.41157407,0.017463911,96.33525,114.93394,137.82419,3.811145,1.5518515,1.4339011,0.99978495,0.16481797,37.748066,0.78738767,8.4228185e-07,0.0021602444,0.0097234715,0.0006699363
1510,0.1554854,0.25581812858581543,0.22631247341632843,0.0,-0.005998702,0.072489075,0.08292616,99.87894,190.97928,139.91249,5.4139667,2.3169742,0.3665506,0.9996425,0.16641575,190.98592,0.07981394,8.265554e-07,0.0024063135,0.012262642,0.0011117852
1511,0.16135618,0.25599417090415955,0.2569144368171692,0.0,0.5145168,0.786582,0.060208313,97.142365,694.01196,149.63449,2.9779787,1.48979,1.9017009,0.9997874,0.19940688,16.985401,0.03720257,1.595654e-06,3.5109156e-06,0.0074688573,6.7658004e-07
1512,0.15524712,0.2392675280570984,0.21974241733551025,0.0,-0.007256595,0.36789784,0.017893815,99.670135,108.76024,139.8097,4.388753,2.5944438,0.5208799,0.9997735,0.12717026,56.577324,0.21601538,2.1020917e-06,0.0078001367,0.011252878,0.00023687775
1513,0.15300694,0.26459386944770813,0.25055447220802307,0.0,-0.007146908,0.4259074,0.01786781,51.061657,76.69312,101.29242,2.065075,1.970599,0.9377588,0.9981816,0.1364032,141.22969,0.75808007,3.989443e-07,0.0073915645,0.010333949,2.6547285e-05
1514,0.15453392,0.25059279799461365,0.2358534038066864,0.0,-0.007219916,0.4188383,0.020131757,93.190735,112.580444,143.87994,3.0420494,2.0393255,0.7989013,0.99992496,0.16231641,86.0995,0.51271963,3.6012523e-07,0.0032011757,0.0102022765,0.00012316482
1515,0.1546717,0.23773491382598877,0.23829814791679382,0.0,0.5394774,0.79066986,0.06161834,99.42219,699.8969,151.83449,3.1931467,2.086633,1.4436408,0.9999628,0.17122509,165.50133,0.4961082,1.343911e-07,1.4407135e-07,0.007524967,1.0862914e-08
1516,0.15146127,0.22682908177375793,0.22834321856498718,0.0,0.5395033,0.80482197,0.060206883,98.88154,699.8218,152.28354,3.161607,2.3771982,1.0761362,0.9985373,0.23582478,85.01307,0.6920806,3.7549767e-06,5.803531e-07,0.0073336703,4.683974e-08
1517,0.15836614,0.24762701988220215,0.22744373977184296,0.0,-0.0074052983,0.3981977,0.017659837,98.46294,63.447887,143.37007,3.8300743,2.3108523,0.42391512,0.99946177,0.11886324,153.0905,0.09698856,6.2310573e-07,0.0030447072,0.012365698,0.00034122253
1518,0.15501422,0.2571483254432678,0.23419684171676636,0.0,-0.0071251406,0.39681134,0.018947108,98.610146,9.100204,143.82707,3.5655334,2.007303,0.8703783,0.99973184,0.13027115,140.64044,0.49885726,4.8760137e-07,0.0006642078,0.010207825,0.00040052892
1519,0.15517981,0.24290268123149872,0.23881863057613373,0.0,-0.005684763,0.4751596,0.04287467,99.95164,299.26093,157.96129,3.1812627,2.3700447,1.0152617,0.99952084,0.17747082,41.69053,0.42705896,7.270125e-07,1.4300423e-06,0.008753754,5.498946e-08
1520,0.1560824,0.24596329033374786,0.24718815088272095,0.0,0.5555249,0.8878829,0.059828814,99.62401,699.68604,153.22346,3.2840369,2.249848,1.1912881,0.99998665,0.18611835,175.38333,0.29514292,4.004629e-08,7.699712e-07,0.0077081774,3.2220793e-08
1521,0.15776445,0.23724773526191711,0.23552918434143066,0.0,0.54167324,0.64550406,0.07863097,84.728455,492.7575,131.66978,3.5070887,3.1478808,1.1913366,0.32318106,9.384294e-06,66.06144,0.38647208,0.00692982,1.6040787e-05,0.016766401,0.5852484
1522,0.15697177,0.23935566842556,0.23965972661972046,0.0,0.7477357,1.1074674,0.06886393,99.6114,695.2216,155.72058,2.9142914,2.3358734,1.293356,0.99989265,0.18280964,62.649483,0.60785407,6.709787e-07,1.492098e-06,0.0075422428,2.552431e-07
1523,0.15451863,0.24426519870758057,0.22330190241336823,0.0,-0.007459394,0.40285856,0.017334055,98.748375,57.2122,145.44409,3.5886536,2.2102442,0.6733916,0.9997689,0.119309604,181.36661,0.8545445,1.2983274e-06,0.0042383396,0.011112018,4.100356e-05
1524,0.15566665,0.24861565232276917,0.22779856622219086,0.0,-0.009785049,7.0873995e-08,0.096596174,99.915344,217.10379,139.04721,5.681275,2.7488372,0.15062357,0.99972653,0.18819213,168.51157,0.39206725,1.6208104e-07,0.022880616,0.012607528,0.00022950566
1525,0.1573279,0.2604539096355438,0.24807246029376984,0.0,-0.007490597,0.4078513,0.017304359,99.92992,195.23354,146.47792,3.8283415,1.7276802,1.3691792,0.99995416,0.15769072,103.22988,0.46153775,1.795986e-07,0.008773098,0.010072997,0.0002401989
1526,0.15139674,0.24118167161941528,0.20535244047641754,0.0,-0.010172978,0.3058543,0.024521219,99.00902,264.07816,142.48018,4.335436,2.4416003,0.60610586,0.99986476,0.1206514,163.70416,0.88320905,8.70709e-07,0.00959913,0.011291957,0.00041013374
1527,0.15364577,0.23733216524124146,0.23968438804149628,0.0,0.54005826,0.8738121,0.061944034,99.83049,699.91675,156.10002,2.911902,1.5981711,2.0964725,0.9994125,0.2304198,46.47559,0.16609816,3.868383e-07,5.0765325e-06,0.007050645,2.3739265e-07
1528,0.15327278,0.21847154200077057,0.2169492095708847,0.0,-0.005566194,0.5232584,0.040617842,99.977875,311.4039,160.96294,3.0086617,1.8377411,1.5277147,0.9998811,0.20582382,23.528973,0.13933928,1.2868873e-06,7.292654e-07,0.008534034,6.856063e-08
1529,0.15558884,0.23581328988075256,0.23482032120227814,0.0,-0.0057547106,0.46108434,0.05610662,99.77477,425.04388,161.29796,3.112137,2.7620976,0.41379365,0.9999161,0.18410455,118.98159,0.51489717,1.2429649e-06,2.609021e-06,0.009244626,3.7257895e-08
1530,0.1545918,0.2475411593914032,0.21372611820697784,0.0,-0.0098296795,0.049155295,0.08144677,99.9847,49.538,136.41458,5.6729174,2.440253,0.24925455,0.9999904,0.137352,83.7492,0.16521837,3.5745833e-07,0.010558034,0.013982125,0.00034469718
1531,0.15195642,0.2553690969944,0.2187957763671875,0.0,-0.010313553,0.033449646,0.08789265,99.65744,219.25304,140.71434,5.035409,2.2401664,0.6635529,0.9995564,0.150242,60.078655,0.096227214,9.3651266e-08,0.005876249,0.011807259,0.0008648796
1532,0.15505631,0.23358064889907837,0.23512163758277893,0.0,0.5395825,0.799513,0.06032469,99.264404,696.58466,151.69392,3.1600094,1.8877683,1.5756114,0.99977326,0.1807428,94.42383,0.01184002,6.77979e-07,1.9342556e-06,0.0074489918,4.491183e-08
1533,0.15573315,0.24296556413173676,0.2260909080505371,0.0,-0.0075084292,0.40352076,0.017689837,98.53672,109.21477,144.57121,3.6807952,2.6452122,0.058131088,0.99402356,0.011350018,67.03577,0.5621763,3.5716769e-06,0.00030453745,0.13579573,0.0032848555
1534,0.15343407,0.25383618474006653,0.24206775426864624,0.0,-0.007284574,0.40451667,0.017330864,94.8309,42.952408,137.6584,3.6473956,2.5878334,0.2795717,0.9999511,0.13302766,81.51605,0.70946157,1.6000479e-07,0.0122694485,0.011460107,1.7032018e-05
1535,0.15511258,0.2274656444787979,0.21242199838161469,0.0,0.06661423,0.41397607,0.022476401,99.70016,117.315704,141.84995,4.052279,2.9306595,0.07226911,0.9999683,0.011330919,122.62227,0.3586204,6.4270836e-07,3.6939175e-05,0.12624958,0.0073265545
1536,0.15397944,0.2433345913887024,0.2437821924686432,0.0,0.67228997,0.93916965,0.06953926,99.33524,698.07385,151.81007,3.3226216,1.2389718,2.1830041,0.99951714,0.18217078,141.51051,0.75691676,6.956063e-07,1.4410074e-06,0.007689181,1.0714904e-07
1537,0.15752283,0.22557558119297028,0.21793343126773834,0.0,0.91310215,1.0862287,0.07922214,60.344475,690.13654,110.65294,2.5659513,2.6888826,0.8170844,0.9979516,0.18115744,26.538721,0.09058864,3.6123768e-06,2.0145433e-05,0.007601822,3.1071292e-07
1538,0.15632358,0.23272614181041718,0.2332988828420639,0.0,0.67133945,0.9071205,0.06406645,83.28266,692.4019,135.10243,2.9458919,1.617856,2.1999054,0.9993763,0.17439759,164.08015,0.7782079,1.0333064e-06,4.5806514e-06,0.007399246,3.0362546e-08
1539,0.15634818,0.23313984274864197,0.23350125551223755,0.0,0.55452484,0.9222147,0.061507225,96.43461,680.63403,152.63864,2.909945,0.67030823,2.8547993,0.998318,0.22420128,22.958696,0.45121938,2.7092995e-06,6.8773875e-06,0.0075064055,3.9300733e-07
1540,0.15717071,0.25586217641830444,0.25336775183677673,0.0,0.9560329,1.2819754,0.07410706,99.52407,697.7177,148.7278,3.4526207,2.1484456,1.4239117,0.99924874,0.16285671,31.8348,0.12690158,9.906811e-07,1.718805e-06,0.007390999,5.078413e-08
1541,0.15627505,0.23751357197761536,0.2219506800174713,0.0,-0.007504641,0.4030112,0.018626414,98.55384,116.88214,143.90756,3.705772,2.2642813,0.62853914,0.99995327,0.1352927,62.673164,0.37877724,3.0455737e-07,0.0045200665,0.010611803,0.00016431599
1542,0.1545001,0.23518666625022888,0.22850684821605682,0.0,-0.0073496224,0.42560703,0.016892307,97.91393,114.54736,143.25935,3.6910946,1.9905596,0.88449675,0.99996567,0.130888,105.98517,0.3499716,3.251158e-07,0.006384902,0.010802468,6.7291774e-05
1543,0.16107307,0.24198013544082642,0.2161051630973816,0.0,-0.007413856,0.3817435,0.019842278,99.80723,53.827484,145.88414,3.6969185,1.7842704,1.1108963,0.9999928,0.1227343,101.02548,0.23509468,8.0938605e-08,0.0011481276,0.011258485,0.00031189268
1544,0.15468441,0.24295543134212494,0.2401639223098755,0.0,-0.005480149,0.48774537,0.05594996,99.96624,664.9996,163.7567,2.9964797,2.9162107,0.57819146,0.9990026,0.16544841,133.4179,0.5324622,1.9368117e-06,2.3338487e-06,0.008455292,2.472465e-07
1545,0.1583544,0.23388546705245972,0.2360060065984726,0.0,0.5392853,0.8207325,0.059656784,99.81906,699.86365,153.05872,3.192886,1.4103149,2.173108,0.9999775,0.16664317,97.34002,0.6726456,6.7812898e-09,4.2896528e-07,0.0074519794,1.7230118e-08
1546,0.15596117,0.2574547529220581,0.23737162351608276,0.0,-0.0075029256,0.3886704,0.01774835,99.816765,113.60554,143.91162,3.9160936,2.5590758,0.41309094,0.9997712,0.10889802,33.953,0.49688926,3.6773592e-08,0.004932085,0.011415821,0.00013940119
1547,0.1557589,0.25994643568992615,0.24426552653312683,0.0,-0.0074016578,0.40673414,0.01654457,92.40023,111.97893,137.48416,3.331985,1.3900696,1.4679493,0.9999452,0.12817399,21.659864,0.43889305,2.5678949e-08,0.003964721,0.010352335,0.00034147082
1548,0.15506816,0.2509382665157318,0.24080269038677216,0.0,-0.0074928193,0.4241078,0.016909454,93.843,107.41418,140.6215,3.402502,1.4264673,1.4057525,0.9998196,0.12856992,158.68153,0.3912898,4.2387404e-07,0.0057945354,0.010965789,4.7010795e-05
1549,0.15253516,0.23047761619091034,0.21922756731510162,0.0,-0.006899713,0.4126504,0.016761648,70.42614,79.25302,116.80761,2.862572,2.2077632,0.5248166,0.9971911,0.12987435,17.24087,0.5772232,5.854307e-06,0.004422842,0.011838168,0.00028552406
1550,0.15645204,0.23720116913318634,0.22192615270614624,0.0,-0.00740319,0.425468,0.020060886,98.633484,118.97327,150.4468,3.2099721,2.350929,0.3914818,0.99989647,0.14404516,137.91302,0.47899365,1.054153e-07,7.23006e-05,0.010794667,9.479122e-06
1551,0.15482667,0.22720277309417725,0.22663120925426483,0.0,0.84230405,1.1788603,0.06425422,99.61157,698.7794,153.27252,2.9424438,2.1321406,1.632312,0.9995146,0.1820592,163.53708,0.5328736,1.8683114e-07,5.187087e-06,0.0071097356,4.654656e-07
1552,0.15791914,0.2403993159532547,0.2393246740102768,0.0,0.5116441,0.7253912,0.06301009,68.72172,663.3358,122.608315,2.4448516,1.5798106,2.0120797,0.9981491,0.1613716,19.016563,0.026009336,1.7983468e-06,2.128448e-05,0.0076461765,3.6288887e-07
1553,0.15398236,0.22329488396644592,0.19251610338687897,0.0,-0.010083782,0.054537192,0.08644761,99.311554,98.43776,135.10374,5.2725654,2.4234176,0.21964908,0.9990139,0.14801131,145.39919,0.70431244,4.7678765e-07,0.014177968,0.013562633,0.0003572609
1554,0.1582211,0.25240886211395264,0.25129279494285583,0.0,0.53952867,0.77615863,0.060030904,99.20879,693.32446,149.86139,3.4580843,2.947426,0.58777916,0.9997715,0.19445863,20.337618,0.08754674,2.7166186e-07,3.390646e-07,0.0075182966,7.770075e-08
1555,0.15438297,0.23807065188884735,0.23545244336128235,0.0,0.91280764,1.1898112,0.072424516,81.68783,695.5847,132.88065,2.8442273,1.4986303,1.992501,0.9998079,0.17655122,113.458435,0.78137434,2.4061902e-07,5.238159e-07,0.007392425,1.8485756e-07
1556,0.15291935,0.2355688065290451,0.22875145077705383,0.0,-0.007494286,0.42020962,0.016925955,97.7289,205.71161,145.37541,3.5938447,1.7692384,1.3752817,0.9998118,0.122113734,147.22191,0.55803305,2.3587552e-07,0.008534183,0.010235861,1.3047767e-05
1557,0.15850997,0.23843936622142792,0.23967619240283966,0.0,0.54398286,0.8544488,0.0589275,99.83066,696.50653,153.2095,3.2907844,1.7708391,1.9077317,0.9994493,0.18867469,78.51165,0.76974344,8.910201e-07,6.130861e-07,0.0075838733,7.3901183e-09
1558,0.1523071,0.26040223240852356,0.24773098528385162,0.0,-0.009067168,0.06301377,0.08143343,96.47922,669.8102,137.06557,5.3562093,2.5591133,0.5888422,0.999592,0.18927617,53.106426,0.7128721,2.2620575e-06,0.011801849,0.011009729,0.0012404502
1559,0.15513957,0.24881932139396667,0.2502780556678772,0.0,0.54242396,0.8399872,0.05296805,99.66993,699.8172,151.29022,3.3653002,1.9491662,1.6296645,0.99987864,0.21965902,58.635937,0.35732248,3.084529e-08,4.476529e-07,0.007348637,3.1628417e-08
1560,0.15438418,0.2367740124464035,0.23401975631713867,0.0,-0.0058771307,0.48437077,0.047032177,99.67399,347.0063,159.35138,3.3024065,2.2310996,1.0093203,0.99985635,0.20894268,37.766285,0.115784444,6.1524037e-07,1.1686072e-06,0.009357827,8.790253e-08
1561,0.15572949,0.2309761345386505,0.23026423156261444,0.0,0.5403868,0.79983944,0.060942642,99.52033,699.4242,153.69792,3.182922,2.4433804,0.8593703,0.9999645,0.16249724,152.33832,0.8324342,3.586327e-08,1.8305858e-06,0.008016142,3.4625927e-09
1562,0.15581855,0.22683165967464447,0.22707244753837585,0.0,0.6715705,0.9515389,0.059519637,99.766304,699.9933,152.53105,3.2175074,1.8181884,1.5472572,0.99997514,0.17172678,81.08945,0.6831857,6.122785e-08,1.9595142e-07,0.0077087088,3.403258e-08
1563,0.15181294,0.23499684035778046,0.23479993641376495,0.0,0.08940305,0.6152217,0.030417066,99.68322,692.6568,159.94928,3.1185539,2.4365816,0.9799113,0.9998328,0.18236971,37.960003,0.6477287,1.0783958e-07,1.526867e-06,0.008397675,1.374308e-07
1564,0.15658134,0.21572008728981018,0.2158023566007614,0.0,0.5140272,0.7701862,0.05740832,96.86281,688.86115,148.78476,3.307278,2.822695,0.5838189,0.9998807,0.1809475,22.281181,0.08361531,1.8243702e-06,4.660619e-06,0.007693592,7.891127e-07
1565,0.15706575,0.25397050380706787,0.2461456060409546,0.0,-0.0067632813,0.4151414,0.016468292,70.77599,86.3532,112.83325,3.2076042,2.779599,0.2688569,0.98872954,0.12835845,16.983992,0.2806133,3.3804429e-06,0.010277666,0.011262455,1.1520672e-05
1566,0.15601234,0.2503844201564789,0.2352118045091629,0.0,-0.0073734927,0.39903706,0.01764814,99.611115,81.86037,142.56288,3.9979632,2.7044365,0.2683888,0.9994676,0.13922186,27.53833,0.66887003,4.314626e-07,0.0043430226,0.010365769,0.00014518994
1567,0.15750523,0.2574935257434845,0.24898897111415863,0.0,-0.0074272184,0.4120679,0.019202555,55.041008,74.72791,103.23622,2.2119772,2.7485852,0.32876858,0.999897,0.16069953,125.48983,0.55342555,4.4384802e-07,0.0036683714,0.010252973,0.0003746068
1568,0.1536355,0.2478967308998108,0.22488529980182648,0.0,-0.0071826563,0.36563197,0.020302637,99.16347,57.378735,140.1852,4.294314,1.5782529,1.1250191,0.99952656,0.111671895,39.37108,0.43120497,5.481789e-07,0.0079488885,0.011608993,3.628996e-05
1569,0.15471643,0.24756191670894623,0.2313387393951416,0.0,-0.0072460007,0.4069033,0.017562864,96.65994,10.7775955,141.98903,3.5905178,2.118031,0.4956805,0.99997115,0.11931239,80.8492,0.41231328,1.8554053e-08,0.002088156,0.011760774,0.0004656807
1570,0.155142,0.24580292403697968,0.24669736623764038,0.0,0.67461747,0.9381515,0.069706,99.56195,694.4191,152.6261,3.2176511,1.7352289,1.8581023,0.9975255,0.18578207,24.900307,0.19892097,2.0169973e-06,1.1223489e-05,0.0072666174,1.00209245e-08
1571,0.14917262,0.23784567415714264,0.2097083181142807,0.0,-0.007429731,0.37825772,0.019683765,95.5662,50.617897,141.34654,3.5402825,1.7273152,1.123488,0.99963284,0.12228882,153.5132,0.57928616,6.872595e-08,0.005175478,0.011163248,0.00018591307
1572,0.15519133,0.23349571228027344,0.21522843837738037,0.0,-0.009678964,0.0023743962,0.09728074,92.4803,9.459709,128.27048,5.1045623,2.979527,0.15710558,0.9591947,0.16922629,9.771522,0.18211608,0.00011755799,0.007708995,0.012118242,0.00066581037
1573,0.15813304,0.24313680827617645,0.24288012087345123,0.0,-0.0069603142,0.53502804,0.041976947,99.94681,280.59433,161.24457,3.017428,2.3590822,0.9449112,0.99945605,0.16507359,152.66606,0.446415,4.5378826e-07,7.116838e-07,0.009188091,1.9577313e-07
1574,0.15341185,0.22754289209842682,0.22581452131271362,0.0,0.84201497,1.1197582,0.073671624,99.79076,699.7898,152.13458,3.1153767,2.0765107,1.337283,0.99985915,0.1717609,89.48531,0.5071746,5.4044644e-08,2.831898e-06,0.0074036773,2.8589712e-08
1575,0.15678236,0.23174040019512177,0.2329963594675064,0.0,0.5454423,0.87359643,0.056461368,99.12496,699.0833,151.27167,3.3700008,1.8438443,1.7212838,0.99994504,0.1988118,159.3827,0.18927652,2.916491e-07,2.1464655e-06,0.007529211,7.8703986e-09
1576,0.15709564,0.2306738793849945,0.22844865918159485,0.0,0.51142055,0.7690173,0.05754341,98.41896,698.9342,150.91742,3.442362,1.8208671,1.5834316,0.99990755,0.18907572,53.359966,0.26696476,6.5681763e-07,1.0975165e-06,0.008145759,6.4023524e-08
1577,0.15450594,0.2396804690361023,0.24323928356170654,0.0,0.51313806,0.81908375,0.056513257,94.43703,690.7705,147.3144,3.01954,3.2274063,0.43291935,0.9990123,0.17937991,114.286674,0.41682774,1.9995643e-06,1.4324554e-06,0.007293712,3.6123237e-07
1578,0.15358552,0.2411862164735794,0.24391166865825653,0.0,0.67342436,0.985144,0.06819208,99.31778,696.21216,152.9355,3.1219797,1.5563896,2.0029151,0.99806565,0.19126298,57.87314,0.5980968,4.964984e-07,1.2010815e-06,0.007163178,5.189502e-07
1579,0.15570778,0.22722552716732025,0.22867508232593536,0.0,1.0605041,1.6819643,0.07321535,79.0658,699.80615,130.97229,2.615629,2.092083,1.567667,0.99891883,0.16027333,155.10995,0.19951637,9.63801e-07,5.0844426e-07,0.0070592402,1.1226481e-07
1580,0.15365522,0.23438258469104767,0.23646238446235657,0.0,0.54552394,0.87702537,0.058807556,99.995384,697.889,153.49048,3.2160268,2.573543,1.0705258,0.9998367,0.16847607,102.391914,0.4727046,5.829778e-07,5.414492e-07,0.0075786314,5.838662e-08
1581,0.15699075,0.24234285950660706,0.21374326944351196,0.0,-0.0072409287,0.37680638,0.020540819,99.133736,71.143166,142.1588,3.9928586,2.4624543,0.5341759,0.9991349,0.141921,122.124275,0.03714289,5.964949e-07,0.002627779,0.010794747,0.00052443694
1582,0.15366298,0.24173781275749207,0.24089697003364563,0.0,0.08941789,0.65531695,0.030815545,99.99836,699.99426,161.2576,3.1089017,2.9584274,0.49822918,0.9998203,0.21020375,132.21893,0.66441005,3.394827e-07,3.0750348e-07,0.008188582,1.9083238e-08
1583,0.15593736,0.24702897667884827,0.22143380343914032,0.0,-0.0065871608,0.3617033,0.01777653,99.062485,84.87019,138.22504,4.56308,2.74858,0.0280198,0.9996826,0.14033619,156.49007,0.49142915,7.999777e-07,0.003100162,0.012217395,0.00073469826
1584,0.15259717,0.22697816789150238,0.22599883377552032,0.0,-0.005663502,0.47344005,0.054838907,99.83724,542.06586,161.65749,3.1130438,1.5831993,1.7486887,0.99834025,0.16908413,17.815536,0.39897045,6.135806e-06,2.024349e-06,0.009254386,7.110493e-08
1585,0.15319458,0.23937563598155975,0.23602260649204254,0.0,0.06643178,0.45791262,0.020253211,84.12792,187.0895,130.32935,3.2467678,1.8326381,1.1058582,0.99972606,0.1579187,56.238907,0.6585535,8.350807e-07,0.0076923575,0.009911998,0.00018219423
1586,0.15738766,0.2374962717294693,0.2306699901819229,0.0,-0.007489551,0.4221497,0.017633777,99.8421,197.58391,149.69043,3.5031896,1.8979707,0.9457652,0.99960047,0.16737235,93.325714,0.66360366,5.5685877e-07,0.011233072,0.010287781,4.483739e-05
1587,0.15444262,0.23103362321853638,0.2301994264125824,0.0,0.67119795,0.9111819,0.06962601,99.582794,699.5826,152.55023,3.258384,2.203329,1.3671256,0.9999472,0.18009925,89.86262,0.5426407,7.7870304e-08,7.2185503e-07,0.007796432,3.2554688e-08
1588,0.15721297,0.23757611215114594,0.23365440964698792,0.0,-0.0058418023,0.5146574,0.036238983,99.855286,275.01636,159.27025,3.2499053,2.1283262,0.96601206,0.9999656,0.19627805,189.827,0.46011025,4.334325e-06,7.4877437e-07,0.00972662,2.5950433e-08
1589,0.15318194,0.23760460317134857,0.23856967687606812,0.0,0.67425823,0.9709176,0.06689306,99.85815,684.7431,155.38867,3.0522783,2.497811,1.007517,0.9992668,0.18996409,128.25267,0.777846,1.1055852e-06,3.225706e-06,0.007531955,2.8870156e-07
1590,0.1573479,0.23517349362373352,0.22697928547859192,0.0,-0.00717521,0.41223738,0.01958624,99.70614,120.33322,144.81708,3.6151376,2.0221074,1.128252,0.99867517,0.1747865,127.39904,0.2536997,7.163156e-07,0.0029760846,0.009703615,0.00036120362
1591,0.1549302,0.2266777902841568,0.21433645486831665,0.0,-0.0072719906,0.42166212,0.019474078,99.90145,96.39626,150.63011,3.2829084,2.2843091,0.62853897,0.9998438,0.1347777,16.919231,0.49840343,3.4587103e-07,0.00031873627,0.011039728,0.00017497774
1592,0.153438,0.24061770737171173,0.2071249783039093,0.0,-0.00732448,0.2515649,0.042818744,99.03741,88.1895,137.07352,4.759975,2.0449429,0.7504153,0.99965334,0.14282236,129.30542,0.39468715,1.1746204e-07,0.0058863363,0.011731555,0.00060518656
1593,0.15055548,0.22946231067180634,0.23302477598190308,0.0,0.51198906,0.79402465,0.059490625,98.72711,698.4162,153.92586,2.9830213,2.6376903,0.6886041,0.9999397,0.20659204,174.75116,0.8614913,2.584817e-07,7.0246806e-06,0.007839764,2.0282666e-07
1594,0.15630698,0.25361812114715576,0.25765326619148254,0.0,0.5396138,0.864682,0.06059065,99.38766,681.7715,155.24425,2.925386,2.0048635,1.4931315,0.999762,0.16305956,110.333725,0.43973857,2.5945474e-07,3.4752131e-06,0.007409746,2.9666623e-08
1595,0.15473811,0.2681815028190613,0.2400299310684204,0.0,-0.009904027,0.109567344,0.07043965,99.59309,348.08496,141.13506,5.153517,2.0479856,0.86981946,0.9997048,0.13697074,159.10344,0.5091234,1.908155e-07,0.0024881135,0.01137958,0.0012218031
1596,0.15549427,0.23558780550956726,0.23389291763305664,0.0,0.16647711,0.60988724,0.050307516,96.73529,664.32294,154.52516,3.2286875,1.9463639,1.6711402,0.99932015,0.20173115,17.355345,0.07357562,2.6435926e-06,1.2322258e-05,0.008476172,7.2293496e-08
1597,0.15298426,0.23489733040332794,0.22030165791511536,0.0,-0.0055237906,0.44701192,0.02022227,99.617645,96.41254,152.9339,3.1842349,2.2107766,0.4448445,0.99996847,0.15155758,92.42259,0.41091052,6.3102163e-07,3.8229174e-08,0.011101072,4.037066e-07
1598,0.15502359,0.2391466349363327,0.2421606183052063,0.0,0.53932863,0.8427022,0.06023219,95.875084,696.06555,149.25392,3.1508062,2.3584774,1.1307653,0.9987517,0.18188186,101.56357,0.055363946,1.0580214e-06,9.139879e-08,0.0076470473,8.2618115e-08
1599,0.15539727,0.23289179801940918,0.2343166172504425,0.0,0.5451611,0.87024313,0.058713853,99.40156,699.87695,152.95456,3.2543387,2.400921,1.1000773,0.99899673,0.18476652,93.95,0.7527663,8.264696e-08,5.0022163e-06,0.0077864374,1.2346082e-07
1600,0.15593433,0.24070729315280914,0.24166478216648102,0.0,0.7462513,1.0173402,0.0684588,98.43055,691.3467,152.7158,3.1884432,2.0369873,1.6022652,0.99917984,0.18368849,26.289564,0.46775463,3.826393e-06,2.066837e-05,0.007330713,2.8859276e-07
1601,0.15897287,0.24501442909240723,0.24043075740337372,0.0,-0.0073876595,0.43521157,0.017445315,93.52613,114.16365,143.02856,3.1866717,1.5714031,1.1763774,0.9998436,0.15206282,65.864075,0.3621194,1.0471413e-06,0.00087866304,0.010405173,0.0002527499
1602,0.15538302,0.23863497376441956,0.24122655391693115,0.0,0.5393625,0.83394176,0.06071427,99.86787,698.0269,154.27994,3.149627,2.171872,1.3990498,0.9996414,0.20166132,95.81436,0.80293345,3.3051386e-08,1.0237771e-06,0.007565211,1.8941934e-08
1603,0.15211596,0.23831965029239655,0.22916316986083984,0.0,-0.007468085,0.44306445,0.017399775,79.544586,99.44783,131.7744,2.6663024,1.8832636,0.8288045,0.9998359,0.16677265,67.82503,0.33149198,1.8039529e-07,0.0018897599,0.010386678,7.11014e-05
1604,0.15535383,0.23061968386173248,0.22559788823127747,0.0,0.5544151,0.7636579,0.06732988,98.75864,689.4419,150.81415,3.527968,3.211742,0.31856298,0.9988832,0.18560901,176.34991,0.8775616,2.3776354e-06,3.0977162e-06,0.008045028,1.0071265e-09
1605,0.15802169,0.23737603425979614,0.23533694446086884,0.0,0.08787074,0.5786388,0.031316306,99.9696,695.059,159.16516,3.0940826,1.4973776,1.8831801,0.9983264,0.1855387,17.619587,0.072523266,3.62613e-08,5.824776e-06,0.008520989,2.3818511e-07
1606,0.15521894,0.25050511956214905,0.251859575510025,0.0,0.5407011,0.85902476,0.05541936,97.69404,699.5865,149.96461,3.3314455,2.9015288,0.633329,0.9995316,0.16142754,152.70561,0.75455207,1.1982314e-06,1.0281384e-06,0.0077876397,6.971732e-08
1607,0.15952072,0.2522177994251251,0.24523654580116272,0.0,0.91275674,1.2358758,0.023364801,73.05898,697.9913,121.87921,2.9647284,2.5499568,1.2038653,0.9996959,0.18326376,163.09644,0.6793885,3.3658196e-07,2.0523514e-07,0.007434531,5.380248e-08
1608,0.15983039,0.25522199273109436,0.24122819304466248,0.0,-0.007503825,0.4296587,0.017372325,99.70182,66.780106,147.53665,3.4513152,1.9986279,0.780527,0.99990344,0.13422225,14.622871,0.046743605,8.1557155e-10,0.0021773833,0.010779504,3.646609e-05
1609,0.1562179,0.2464952915906906,0.2483050674200058,0.0,0.6741793,0.99877656,0.06305735,80.0233,670.4889,133.22766,2.783052,1.4622767,2.007675,0.9937667,0.17760248,26.369406,0.12783718,1.1905195e-06,9.530668e-06,0.007602393,5.0920806e-07
1610,0.15691447,0.24891892075538635,0.22100506722927094,0.0,-0.0092859445,0.36403224,0.02132016,78.87156,78.5774,124.12777,3.4173887,2.4208632,0.09275603,0.9972254,0.1122919,68.44229,0.62485063,1.0420086e-05,0.0045891986,0.012182962,1.6089993e-07
1611,0.1525406,0.23083272576332092,0.23078055679798126,0.0,0.5396593,0.7858886,0.059464317,99.08471,694.2814,153.0298,3.2107406,1.9749342,1.4957489,0.9998992,0.1789266,175.88664,0.46491832,5.147815e-07,3.6447537e-07,0.0076407124,1.92017e-07
1612,0.15596119,0.2239333838224411,0.21553997695446014,0.0,-0.0054929424,0.43321863,0.061352435,99.99871,350.08878,159.66867,3.440807,2.570775,0.35198066,0.9992671,0.18294032,120.90574,0.63684547,1.05881114e-07,1.81215e-06,0.010472387,6.9877224e-08
1613,0.15366073,0.22990646958351135,0.2276168018579483,0.0,0.6745269,0.90675056,0.06751443,97.04213,696.4603,148.34837,3.4391644,2.2663949,1.3694044,0.9994269,0.16501287,22.224262,0.018008979,2.0346349e-07,6.2882225e-07,0.007565136,3.4774047e-08
1614,0.15388177,0.2274116575717926,0.22996284067630768,0.0,0.54491156,0.86688226,0.06363363,99.91489,691.7692,157.00334,2.9358861,1.5410537,2.0123136,0.9996324,0.15705724,68.80699,0.58859116,3.527966e-07,2.2384409e-06,0.0077518583,2.5243951e-08
1615,0.15953785,0.24315614998340607,0.21737931668758392,0.0,-0.0070840023,0.40958697,0.0172814,99.876785,121.04027,148.80995,3.7833006,2.3694062,0.28357255,0.99999076,0.13529432,127.47729,0.26604065,2.358429e-08,0.0016601111,0.012469929,0.00010844953
1616,0.15824212,0.22425508499145508,0.22735679149627686,0.0,0.51156974,0.76711154,0.06323849,99.45628,672.29443,153.82051,3.1238775,1.7892427,1.7655916,0.9991943,0.1896364,56.145187,0.578224,7.182403e-08,5.493408e-06,0.0076367236,2.779579e-07
1617,0.15408863,0.24455846846103668,0.24392104148864746,0.0,-0.0059266454,0.49985462,0.05410002,99.87868,667.9408,163.8599,3.2463713,2.2775185,0.96288246,0.9999747,0.18413283,143.32237,0.41026267,1.3613206e-06,5.8415486e-07,0.009332897,7.900557e-09
1618,0.15413947,0.22620989382266998,0.22035318613052368,0.0,-0.005534771,0.3850504,0.07445983,99.73582,391.5249,159.34328,3.3340206,2.4542313,0.4216229,0.99945986,0.18923204,150.82861,0.7608567,1.1287572e-06,6.405267e-07,0.010079171,8.460432e-08
1619,0.15541568,0.24166956543922424,0.24004091322422028,0.0,0.67521733,0.88789815,0.07077075,99.27777,699.7514,149.89786,3.4068952,1.8743511,1.6476682,0.99977887,0.19808382,82.91678,0.7897535,5.12375e-07,2.6400843e-07,0.0075234137,2.6437856e-08
1620,0.15792134,0.25537651777267456,0.25562718510627747,0.0,0.5181206,0.8041195,0.05200517,71.11194,657.395,121.7895,2.7134652,1.6903381,1.9654136,0.99945825,0.1848692,22.411089,0.20858085,6.1477213e-06,8.809292e-05,0.007212015,1.4765587e-06
1621,0.15106356,0.23214957118034363,0.23132534325122833,0.0,0.54256326,0.80569434,0.060371704,99.24658,698.13184,151.95221,3.4457183,1.9745371,1.4500514,0.9997329,0.1949038,156.35881,0.87291694,3.9629104e-08,1.7824308e-06,0.00790667,1.00558125e-07
1622,0.1595734,0.239686518907547,0.2360205352306366,0.0,0.6744377,0.91615534,0.065594815,99.30893,695.9223,150.0713,3.5553904,2.1449084,1.4693154,0.99988186,0.19833387,152.36798,0.98372746,4.1540847e-08,6.116005e-06,0.0076292874,5.1648916e-09
1623,0.15378338,0.2538658082485199,0.23310545086860657,0.0,-0.015432167,0.33594766,0.017975202,99.15068,97.37957,136.42155,4.811386,2.3533854,0.7791186,0.99998975,0.124327786,65.99721,0.15438092,2.1850173e-08,0.001756849,0.010770593,0.00085308944
1624,0.15244935,0.23677170276641846,0.2369401752948761,0.0,0.5394926,0.764475,0.0664846,96.18015,698.078,149.33951,3.228153,2.0410225,1.2901859,0.99955934,0.15900786,145.64362,0.18247981,8.01173e-07,1.1683898e-06,0.007871467,8.943084e-09
1625,0.1555372,0.23620165884494781,0.23435258865356445,0.0,0.542451,0.77566713,0.063532814,98.55038,693.11914,151.88231,3.281431,1.3000078,1.998859,0.99936354,0.18039182,22.209044,0.2515855,2.4252713e-06,1.5395206e-06,0.008082807,1.3438918e-07
1626,0.15361318,0.23722434043884277,0.2398097962141037,0.0,0.40408018,0.6862845,0.055527724,99.78278,694.4103,154.2655,3.2168078,1.6484085,1.83278,0.9989045,0.20433764,184.8658,0.5714092,1.6549922e-07,5.197154e-06,0.007570279,1.5384033e-07
1627,0.1543037,0.253765732049942,0.2326759248971939,0.0,-0.005913057,0.34878936,0.021412956,96.76779,176.69958,138.02065,4.434457,1.2492527,1.5105542,0.9954438,0.12952663,180.03127,0.565391,2.432697e-07,0.014610119,0.011245716,0.00012604857
1628,0.15867199,0.24243561923503876,0.22137461602687836,0.0,-0.0074126935,0.39621317,0.020706004,99.80651,119.8452,147.07492,3.7119362,2.4514883,0.33949316,0.99989873,0.14761564,90.50105,0.22858678,3.92908e-08,0.0013855766,0.010622502,0.00021163719
1629,0.1523347,0.25317999720573425,0.22990314662456512,0.0,-0.009961081,0.08189402,0.07692122,99.995544,271.49606,140.0797,5.473291,2.7110562,0.21703735,0.9999432,0.15733396,143.87238,0.5929036,1.4860875e-07,0.0068359757,0.011758921,0.0010722902
1630,0.15890686,0.2328912615776062,0.23069019615650177,0.0,0.51161456,0.76682645,0.047410462,99.948685,698.04297,148.8997,3.6708755,2.85121,0.78402007,0.9970862,0.23361629,35.41735,0.7376647,3.173483e-07,1.6299409e-06,0.0074183755,8.923582e-08
1631,0.15248355,0.23833777010440826,0.23781074583530426,0.0,-0.005455494,0.48786148,0.052356463,99.97084,508.48758,162.02914,3.098557,2.7755277,0.3777523,0.99963975,0.16723935,122.93132,0.77783465,2.0910082e-07,2.3631562e-06,0.009262698,2.680076e-08
1632,0.15663382,0.2192142903804779,0.21282045543193817,0.0,0.6750891,0.92407924,0.06557126,99.74127,699.28973,150.82216,3.5531569,1.7546829,1.7567765,0.9999364,0.17054923,90.74214,0.05438211,1.5127506e-08,4.5852687e-07,0.008159371,1.03894084e-08
1633,0.15526867,0.24615103006362915,0.22418339550495148,0.0,-0.010303839,0.100342676,0.0713189,97.46301,208.98982,137.19513,5.459553,2.7272449,0.27019766,0.9989789,0.12514569,137.1231,0.28572583,3.1158659e-06,0.015734905,0.012859762,4.4826513e-05
1634,0.15812568,0.24863700568675995,0.22379635274410248,0.0,-0.005649876,0.40184245,0.019992366,97.06652,93.47245,145.31029,3.5278373,2.5234113,0.25317597,0.9986293,0.115853734,62.731888,0.6950879,6.6993647e-07,0.0006004218,0.011775355,0.00015691026
1635,0.15472062,0.2367989718914032,0.23758043348789215,0.0,0.67366457,0.94336516,0.069447294,99.40613,698.543,152.44728,3.156401,1.7062927,1.8824084,0.9998674,0.16165023,90.46533,0.7377735,3.1269457e-07,1.0179904e-06,0.0074834265,1.0376712e-07
1636,0.15738526,0.2297545224428177,0.21955877542495728,0.0,0.67527956,0.8295206,0.06890931,98.66691,699.1797,147.48221,3.7623959,2.6228268,0.90141594,0.998963,0.19549167,66.29225,0.959519,2.2064346e-07,1.6755996e-06,0.0080117285,2.4873756e-07
1637,0.15363105,0.2513701915740967,0.23606255650520325,0.0,-0.0072613065,0.40494213,0.017722175,97.57139,49.17131,143.06348,3.5807,2.149853,0.6248357,0.9999413,0.12981953,123.900246,0.29463035,7.621301e-08,0.00736108,0.0114853345,0.00013106274
1638,0.15278423,0.23970583081245422,0.22984148561954498,0.0,-0.0073930463,0.4188409,0.01792692,97.57406,192.46274,146.24606,3.4822567,2.018526,1.0182889,0.99950516,0.14648668,66.55167,0.041382916,7.001631e-08,0.0064922157,0.0101641975,0.00019746952
1639,0.15393622,0.23594945669174194,0.21697938442230225,0.0,-0.007461591,0.38639343,0.01778545,97.24543,100.43795,138.42183,4.021051,1.8071159,1.0498731,0.9999577,0.14199208,123.2992,0.25449774,2.5261264e-07,0.0015182968,0.0111063905,0.0007251661
1640,0.15476282,0.2212316393852234,0.21701598167419434,0.0,0.91282356,1.1942217,0.07083723,93.02713,698.3884,144.52034,3.0846403,2.4881623,1.2329838,0.9995725,0.18868127,150.32889,0.71464354,3.0142726e-07,3.395321e-06,0.0071057486,7.3814576e-08
1641,0.15710594,0.23584838211536407,0.2179323434829712,0.0,-0.007335578,0.4181747,0.019832471,94.3765,18.831955,143.83171,3.140832,1.8244776,0.9130204,0.9967664,0.15008548,16.27574,0.21377574,1.3740591e-06,0.00034561986,0.010366387,4.264069e-05
1642,0.15560883,0.24420779943466187,0.22179202735424042,0.0,-0.006672213,0.3752713,0.020652914,93.254524,96.72997,137.81436,3.6094127,2.2804346,0.49052918,0.9957901,0.11707038,78.79347,0.26529855,4.132011e-06,0.007084588,0.011710229,1.0676909e-05
1643,0.15454939,0.24143101274967194,0.216598778963089,0.0,-0.007463214,0.4175706,0.017223505,99.03594,37.782715,149.46269,3.3189607,2.4355202,0.121641554,0.99849635,0.13450415,15.851985,0.09014399,1.7529353e-06,0.0006913169,0.011533115,8.933917e-05
1644,0.15600368,0.24936845898628235,0.22915643453598022,0.0,-0.0074735777,0.3995173,0.018138785,97.75025,42.441685,144.17976,3.5913296,1.892404,0.7256916,0.99939066,0.11334275,157.31602,0.3743991,5.5616683e-10,0.0022636012,0.012291101,0.0003536112
1645,0.15767756,0.24877001345157623,0.2183360457420349,0.0,-0.0074817953,0.39647347,0.019713785,99.9063,118.88388,149.26779,3.6678011,1.9196583,0.7841822,0.9999905,0.117902085,128.30212,0.39041942,1.13000446e-07,0.0019785205,0.01201454,6.195484e-06
1646,0.15080835,0.22969655692577362,0.22807563841342926,0.0,-0.005992154,0.54547924,0.034287464,99.818504,81.697945,153.88428,2.9742968,1.9644718,1.2046136,0.9984471,0.17625688,114.857056,0.03030426,5.5467822e-08,1.3327785e-07,0.008541543,4.525603e-08
1647,0.15412891,0.22554898262023926,0.22650113701820374,0.0,0.67164594,0.92293584,0.06683497,95.36066,696.9044,148.10344,3.1065521,1.724078,1.9035394,0.99988407,0.17492096,65.48588,0.25664315,3.0830384e-07,6.7356194e-07,0.0072933156,3.520174e-07
1648,0.15527262,0.23542290925979614,0.2375665009021759,0.0,0.55558527,0.8680475,0.0593284,99.32302,699.5844,153.9111,3.1134686,2.0706282,1.4350212,0.9999734,0.1635925,135.52328,0.83583736,3.5936276e-07,4.438843e-07,0.007481069,3.1181163e-08
1649,0.15123414,0.23956164717674255,0.22652649879455566,0.0,-0.0074487254,0.40736282,0.017468361,97.89553,119.68649,143.91922,3.685254,2.0687742,0.82000947,0.9999858,0.1459565,65.70683,0.39689663,3.2416986e-07,0.00083316036,0.010507885,0.0005253864
1650,0.15539633,0.23140990734100342,0.2309613823890686,0.0,0.6737306,0.9073102,0.06753393,99.64284,699.7096,151.97699,3.3643453,1.9011971,1.7076074,0.99992263,0.19373931,45.631805,0.89550847,5.3553865e-08,9.487513e-07,0.007500637,7.398669e-08
1651,0.15435547,0.23996664583683014,0.23967218399047852,0.0,-0.00546547,0.55746704,0.036318883,99.77348,683.2081,162.71143,3.0837624,2.0459301,1.2156216,0.9995775,0.17909232,113.99318,0.7766848,2.310531e-07,7.067082e-07,0.008907088,2.4804605e-08
1652,0.15496024,0.24283739924430847,0.23502212762832642,0.0,-0.007367817,0.41016358,0.019572914,96.605354,25.588583,144.08688,3.357444,2.1978822,0.6229952,0.99952805,0.14899684,130.81755,0.13059163,5.01066e-07,0.0016209765,0.010748592,0.0002724203
1653,0.15466541,0.24324868619441986,0.22110776603221893,0.0,-0.007455734,0.39942452,0.017641628,99.73029,118.45911,145.84033,3.6430619,1.571379,1.3581626,0.99995136,0.121155255,56.823387,0.6226976,1.3158709e-08,0.0038395855,0.010769635,0.00013910745
1654,0.15524235,0.2529175877571106,0.2399977296590805,0.0,-0.0074971947,0.42465657,0.017375516,99.96051,121.39974,150.6166,3.372719,1.8279384,0.91273105,0.9999476,0.12693247,116.41206,0.5319827,4.2521542e-14,0.00026414322,0.010846302,0.00016990707
1655,0.1503719,0.24826593697071075,0.22755840420722961,0.0,-0.01009199,0.038104597,0.08516084,99.99798,319.8998,139.52658,5.5801167,2.9467924,0.053266976,0.99974275,0.17807718,99.844505,0.53770363,1.890021e-08,0.007336529,0.011877906,0.0012603132
1656,0.15538691,0.22552593052387238,0.22791409492492676,0.0,0.5198881,0.821537,0.056703363,51.971783,672.5002,105.08669,2.1013205,2.0870714,1.8820001,0.9981438,0.1763874,22.972046,0.07312373,2.4010262e-06,6.0371963e-06,0.0072818,1.7204174e-07
1657,0.15575418,0.24233783781528473,0.2363663613796234,0.0,-0.0072958185,0.43059036,0.017114988,80.81654,69.21328,125.96618,2.8947866,1.8532938,0.9888703,0.9990984,0.14699593,16.469913,0.34177616,2.1681308e-06,0.00727739,0.010207642,0.00012017918
1658,0.15659022,0.23960217833518982,0.2379349172115326,0.0,0.6715492,0.9348128,0.06684926,99.50525,696.8244,151.4514,3.3396513,2.6296463,0.79952824,0.9995686,0.1922605,179.69945,0.96350425,5.6428325e-07,3.0092676e-06,0.0076806946,9.452321e-09
1659,0.15875632,0.2541915774345398,0.25721484422683716,0.0,0.55308485,0.9047267,0.054614503,94.86546,695.43353,149.96463,2.9789016,2.4738684,1.2111572,0.9998925,0.18484344,72.07828,0.64979464,1.6659633e-06,6.7800065e-06,0.007498826,2.0117606e-07
1660,0.15633838,0.23210863769054413,0.21660131216049194,0.0,-0.005881154,6.0482907e-05,0.095698915,75.12263,43.403595,110.1909,5.6560493,0.9286794,5.4941373,0.99998647,0.0041161147,49.350605,0.9897989,0.011866979,5.3537137e-06,0.0025358787,3.7607415e-06
1661,0.15467462,0.2254893183708191,0.22415336966514587,0.0,0.76212424,1.0559633,0.07109389,99.373856,698.25024,152.51436,3.1976433,1.6203921,1.8802093,0.9999407,0.1534146,89.76721,0.20680498,5.179564e-07,4.5715524e-06,0.0077585713,6.6942036e-08
1662,0.15444393,0.22926084697246552,0.2232101708650589,0.0,-0.005505207,0.4321279,0.05368037,99.95778,18.812399,151.8085,3.2785034,1.4693387,1.5454161,0.99996006,0.16827866,137.97462,0.6818755,2.6497997e-07,1.4457301e-07,0.009642169,3.0001676e-08
1663,0.1531713,0.24669283628463745,0.2503397762775421,0.0,0.5404742,0.84539956,0.057606168,97.46651,698.5061,152.97922,3.0239892,1.8812702,1.6464419,0.9998365,0.1691866,156.15172,0.18998039,1.3365973e-06,4.904793e-08,0.0075021945,6.4126255e-09
1664,0.15501061,0.23457466065883636,0.23688535392284393,0.0,0.53984517,0.83432376,0.059375368,96.34114,693.8469,149.93727,3.1057177,1.7898014,1.73095,0.99969923,0.17002931,24.120451,0.22049066,1.0332857e-06,3.8376146e-07,0.0074593066,5.1487156e-08
1665,0.15484677,0.2528116703033447,0.24958042800426483,0.0,0.9128225,1.2728658,0.06812383,74.97096,699.6421,125.75805,2.6533263,2.1910245,1.4185688,0.9999366,0.17151193,170.77962,0.4440151,7.6553775e-08,5.158581e-07,0.0072231963,2.0640717e-07
1666,0.15533768,0.22243568301200867,0.22652141749858856,0.0,0.53937614,0.8395851,0.061123487,98.935776,699.72253,154.10172,3.1556737,3.083061,0.47544503,0.9999609,0.18494345,156.68108,0.22061403,6.056049e-07,7.5299204e-07,0.0075897784,1.765395e-08
1667,0.1567397,0.2440292239189148,0.22394268214702606,0.0,-0.006717659,0.00027310938,0.099730104,93.61357,62.696976,126.27137,6.0120883,2.8107831,0.14680564,0.9988588,0.0050729057,79.85212,0.8905188,0.011515309,6.884897e-07,0.0028158028,1.1438869e-05
1668,0.16123195,0.24767430126667023,0.22950772941112518,0.0,-0.007501889,0.3932831,0.017438654,99.898895,107.66307,141.07565,4.302155,2.682315,0.4382808,0.9999145,0.1305981,103.2723,0.76065856,4.176162e-08,0.0058386195,0.011262007,0.00024094655
1669,0.15425827,0.2410377860069275,0.23860444128513336,0.0,0.6726004,0.8858966,0.07058017,99.81875,697.67206,152.5439,3.2975314,2.2191396,1.2623436,0.99925005,0.17084916,109.16873,0.8241529,2.37822e-06,8.483826e-07,0.007779507,6.5322496e-08
1670,0.15346108,0.2501588463783264,0.23524388670921326,0.0,-0.009915354,0.055298228,0.08168567,99.49657,252.67609,139.58937,5.905682,2.5158975,0.28676215,0.9994994,0.15126082,115.7201,0.536938,6.3756073e-07,0.0037035334,0.011884834,0.001068612
1671,0.15633698,0.23557652533054352,0.2034304291009903,0.0,-0.007455691,0.3610525,0.020044036,99.84543,59.588314,140.90195,4.3018856,2.258189,0.5965134,0.9998911,0.12691005,51.366035,0.6622922,1.06017424e-07,0.008651327,0.011734169,6.5341505e-05
1672,0.15416591,0.24168850481510162,0.24031689763069153,0.0,0.5508701,0.8175026,0.060222056,96.599304,697.80774,149.55501,3.383457,3.0333507,0.5272603,0.9996329,0.18870391,92.79814,0.8338935,2.1609922e-06,1.1122683e-06,0.007903744,3.8640104e-07
1673,0.15871069,0.22721950709819794,0.21525104343891144,0.0,-0.0074258163,0.42058074,0.017611727,96.90307,22.261782,145.46893,3.26718,2.423966,0.40707263,0.9999451,0.1443115,16.358734,0.40927136,4.9640357e-06,0.00306915,0.010901584,7.2275754e-05
1674,0.1571975,0.24470049142837524,0.2473634034395218,0.0,0.5115337,0.7965126,0.0586939,98.82615,697.86957,151.52899,3.1776876,1.5081165,1.9815087,0.9987071,0.24184382,52.158794,0.7535164,4.6652867e-06,3.274915e-06,0.0075502773,1.6270933e-08
1675,0.15493876,0.21836034953594208,0.2142987996339798,0.0,0.6723772,0.8561786,0.0673081,95.426384,698.8892,147.3416,3.2963612,0.36602044,3.1320457,0.9875135,0.20040184,22.488308,0.2863319,6.268409e-06,2.7389604e-05,0.00778857,3.8739037e-07
1676,0.15646307,0.24758397042751312,0.2513696551322937,0.0,0.5396625,0.8427593,0.056719292,98.99508,697.5393,152.35895,3.160753,1.5597047,1.9858468,0.9993447,0.18391547,34.339546,0.11676394,7.9054416e-07,5.738332e-07,0.0072667133,4.8665596e-09
1677,0.15425086,0.24288398027420044,0.24043552577495575,0.0,-0.006063951,0.5572754,0.025130786,99.87374,42.186283,152.5773,3.0654814,2.68001,0.452446,0.999642,0.25157225,28.24712,0.38803318,2.1549748e-07,1.8614547e-06,0.008748895,3.7495155e-08
1678,0.15614292,0.25189408659935,0.2381986379623413,0.0,-0.00652107,0.40352854,0.017639656,99.25722,117.268486,145.66351,3.6755302,2.0258718,0.851141,0.99963516,0.11548979,126.500305,0.3547017,4.6325187e-07,0.0048123067,0.011233619,2.447458e-05
1679,0.15583771,0.22375556826591492,0.2127169817686081,0.0,-0.0071803764,0.4379559,0.017936343,98.364075,71.64044,147.35226,3.1998856,1.9658538,0.7886653,0.99408007,0.15789232,15.867816,0.3002426,4.9402524e-06,0.0027963698,0.010028967,0.00010840792
1680,0.15447687,0.2515126168727875,0.23307852447032928,0.0,-0.005991421,0.3917913,0.017779198,90.21434,84.70341,133.10286,3.5511837,2.125241,0.58075416,0.99947506,0.12148244,136.38844,0.39864498,1.1651375e-06,0.008461621,0.011992088,0.00017339246
1681,0.15190962,0.22208403050899506,0.21491488814353943,0.0,-0.007494499,0.40809304,0.017065171,99.96606,235.2604,148.23264,3.7654874,1.8111743,1.0384686,0.999998,0.14667709,144.52101,0.661256,3.7211743e-07,0.006730577,0.010818584,0.000286705
1682,0.15143003,0.23917187750339508,0.23997123539447784,0.0,0.6749647,0.9608903,0.06682607,98.74022,698.1486,152.5471,3.2490926,2.640001,0.90498114,0.99993694,0.16569607,80.09613,0.5264158,3.2566209e-07,2.9966734e-06,0.0078019868,6.320387e-08
1683,0.15631674,0.2477569431066513,0.24632754921913147,0.0,-0.0056331498,0.5094475,0.041209005,99.81492,381.811,159.35054,3.2304487,2.6305509,0.77937716,0.9996639,0.17443675,38.403908,0.80895054,2.140363e-06,1.2154117e-06,0.009017219,2.1157774e-08
1684,0.15424877,0.22712981700897217,0.2292730063199997,0.0,0.5417191,0.8691138,0.055986714,99.945404,698.771,154.21107,3.0538554,2.3548384,1.1594615,0.9996739,0.20030206,68.8638,0.9133073,1.7262802e-06,2.51367e-06,0.0071884524,1.04452475e-07
1685,0.15926622,0.2577213644981384,0.25180158019065857,0.0,0.9129775,1.2580801,0.069738686,68.53009,694.45776,119.9705,2.4726171,1.2051256,2.426939,0.99922115,0.18055683,30.094568,0.17497855,6.2136924e-06,3.6983454e-06,0.0072853356,4.1588106e-07
1686,0.15795389,0.257137268781662,0.23070934414863586,0.0,-0.010223076,1.64034e-05,0.09371279,99.96638,37.195755,134.84619,6.0842347,2.8549366,0.009392309,0.9998712,0.16080686,96.0257,0.385646,3.745632e-07,0.01734659,0.013321185,0.00015024068
1687,0.15758377,0.24978335201740265,0.24833525717258453,0.0,-0.005796114,0.56447864,0.040222142,99.73598,689.1999,163.00589,3.0615199,2.3457873,1.2351134,0.9991879,0.20359607,79.24654,0.743136,3.0588824e-06,1.9893537e-06,0.0086292075,4.4987164e-08
1688,0.15776756,0.2588561177253723,0.23183251917362213,0.0,-0.005818886,0.0045147897,0.09703498,88.64395,97.8428,122.816826,5.8607526,2.6304617,0.10153028,0.9887296,0.01338825,52.31938,0.18529381,9.6674885e-06,6.440611e-05,0.161154,0.018301815
1689,0.1520813,0.22051607072353363,0.21693868935108185,0.0,-0.005558434,0.43672127,0.06255595,99.89722,52.714535,152.77628,3.1797526,2.7003787,0.24383494,0.9981738,0.1607188,105.75118,0.6675248,1.6850205e-07,9.6007125e-06,0.009918482,6.459837e-07
1690,0.1599458,0.259738028049469,0.2480286806821823,0.0,-0.007467306,0.42193004,0.017408254,82.845795,104.11714,130.9393,3.1505148,2.038605,0.6633296,0.9998311,0.13587691,197.01427,0.74001783,1.4511728e-07,0.0027999873,0.011526788,0.00010332219
1691,0.15591574,0.237730011343956,0.2091578096151352,0.0,-0.007502991,0.4000396,0.017630063,99.95359,69.22982,147.71736,3.7409036,2.1995363,0.51751643,0.9998589,0.1339802,21.729593,0.7195894,9.1506294e-08,0.00070862804,0.011966473,0.0002553871
1692,0.15662663,0.2558649182319641,0.24108600616455078,0.0,-0.006907178,0.42197883,0.016693255,95.42961,120.04968,144.79454,3.35705,2.156367,0.68886185,0.9998133,0.15119828,38.149414,0.3510507,3.3401483e-07,0.0039459527,0.0108608,3.394817e-05
1693,0.15347461,0.23804058134555817,0.24080468714237213,0.0,0.54086804,0.890883,0.05898379,98.43409,698.1418,152.16765,3.220828,2.3085809,1.0883361,0.9999441,0.1796521,136.52577,0.674837,2.6881682e-07,1.3304382e-06,0.0077113328,9.4035855e-09
1694,0.15429142,0.2492385357618332,0.22858241200447083,0.0,-0.0075052707,0.3963846,0.018947158,99.556206,252.93694,146.51332,3.6257482,1.7752905,1.2525178,0.99964494,0.12881933,57.379566,0.29558924,1.10298345e-07,0.0078394525,0.010159839,0.00029798446
1695,0.15326396,0.23174194991588593,0.22200244665145874,0.0,-0.007463118,0.4210047,0.017414024,99.88411,119.6643,145.5244,3.689722,2.3356893,0.5299209,0.9999884,0.15262015,90.79414,0.02583192,3.030988e-07,0.0061582727,0.010372699,0.000108237844
1696,0.15351118,0.2380095273256302,0.23740501701831818,0.0,-0.0062923483,0.50399125,0.0461455,99.97204,435.45218,163.10011,3.0843713,2.537779,0.610962,0.9997596,0.2022266,28.195625,0.55521107,1.867394e-06,2.0836808e-06,0.009127348,1.3592325e-08
1697,0.1545586,0.23044568300247192,0.23393434286117554,0.0,0.513736,0.83044285,0.059532695,93.58242,681.6514,148.09207,2.9959223,2.8689618,0.6872828,0.9961699,0.17946929,23.787699,0.18129525,3.290363e-06,3.0197332e-06,0.007625321,1.1358575e-06
1698,0.15577984,0.23615588247776031,0.23729701340198517,0.0,0.912929,1.2759001,0.0700246,57.89222,699.1125,110.23754,2.1854212,2.2014532,1.4453189,0.99989,0.16281754,144.37393,0.41072395,2.7506613e-07,1.5557198e-06,0.0072270194,5.6030977e-08
1699,0.15580522,0.2322181761264801,0.2100771814584732,0.0,-0.0060217446,0.39780918,0.020009791,99.61129,31.483044,146.09564,3.7797997,1.6808791,1.0763077,0.9998923,0.1292364,69.4521,0.7639399,2.4057834e-07,0.001916146,0.011747377,4.8934806e-05
1700,0.15545084,0.25847572088241577,0.22702249884605408,0.0,-0.010114157,0.0045103705,0.09168715,99.80306,55.758827,134.30843,5.8254495,2.6557245,0.16079623,0.99992734,0.13582832,76.21239,0.23716505,4.4335387e-08,0.015738359,0.013048397,7.2283736e-05
1701,0.15837362,0.26476505398750305,0.2375030368566513,0.0,-0.010353363,0.32723284,0.02037743,99.84557,99.54276,138.53226,4.6147094,2.6631956,0.2300717,0.99983376,0.109404914,149.15025,0.96537143,1.0748242e-07,0.007152143,0.012119981,0.0004910166
1702,0.15650067,0.22944414615631104,0.21329821646213531,0.0,-0.007342563,0.42529345,0.017171333,93.86103,113.57199,144.88406,3.1926656,1.3974674,1.4315919,0.9980277,0.15039146,13.925789,0.082601376,1.5976846e-05,0.00033505948,0.010730462,5.8263864e-05
1703,0.15416405,0.2149026244878769,0.21415947377681732,0.0,0.67508763,0.9093813,0.07098975,99.8115,698.67664,152.08144,3.4052382,2.4096673,1.0479915,0.9998515,0.16370109,32.13001,0.8027659,4.252225e-09,9.622909e-07,0.0077730534,1.8610274e-08
1704,0.15631393,0.24103979766368866,0.23310615122318268,0.0,-0.007440219,0.429939,0.019383855,65.33738,89.094955,117.96431,2.3541906,1.6559148,1.2102827,0.99790865,0.14025435,54.858227,0.5256173,3.9052352e-07,0.0010078183,0.010436192,0.00016288838
1705,0.15404208,0.23965805768966675,0.2419712394475937,0.0,0.51251477,0.7576541,0.062235598,96.98112,699.29,149.42662,3.1211329,1.6805154,1.8735323,0.99995226,0.18204787,137.23656,0.51551545,9.731424e-07,3.8292587e-06,0.0073773954,8.7227185e-08
1706,0.15627757,0.25790131092071533,0.22699213027954102,0.0,-0.009738278,0.05432931,0.0815542,99.29637,678.2362,140.18742,5.309007,3.098065,0.052311387,0.9960169,0.1840716,129.82716,0.87221736,1.2802047e-07,0.0062989504,0.010562698,0.0013502273
1707,0.1547337,0.244109109044075,0.2432946264743805,0.0,0.5454067,0.82723624,0.05996823,99.807274,698.8484,152.57933,3.3766298,2.486382,0.93987125,0.9999035,0.16959746,121.33844,0.7483459,5.906158e-08,1.476478e-08,0.007915929,3.6574555e-08
1708,0.15821573,0.23654569685459137,0.23219235241413116,0.0,0.08936922,0.5682488,0.033162292,99.99946,697.0321,158.37814,3.3052285,2.670869,0.5684116,0.9998817,0.18820678,99.455284,0.9392108,1.2056456e-10,1.1667575e-07,0.008994476,1.1073083e-08
1709,0.15389246,0.22467121481895447,0.22479954361915588,0.0,0.5118757,0.75843364,0.0632967,97.73609,672.9235,152.5734,3.1241329,2.7453878,0.65773684,0.99990165,0.2003285,78.27186,0.16669334,1.4964713e-06,2.1093228e-06,0.008067705,3.0487223e-07
1710,0.1595395,0.23703224956989288,0.23489007353782654,0.0,0.64036906,0.8138759,0.07005499,62.734188,466.61136,109.9268,2.7229342,3.8187294,0.038488816,0.9449399,0.0013144539,72.329796,0.30047402,0.005678754,6.138099e-07,0.20600465,0.0065010623
1711,0.15284489,0.24053959548473358,0.2432541400194168,0.0,0.51149964,0.8020962,0.055593576,97.173874,699.68536,150.4173,3.1789818,2.1867313,1.2369941,0.9999454,0.20414293,105.079445,0.27948862,2.6736808e-07,1.3624637e-07,0.0078805825,3.3248636e-08
1712,0.15780714,0.24429835379123688,0.23444749414920807,0.0,-0.006022716,0.43912804,0.020234047,90.94131,74.57315,143.66847,3.0125222,2.4504833,0.21421991,0.9962266,0.14570215,14.235755,0.02588685,8.992693e-06,0.00012462004,0.010972213,9.46466e-06
1713,0.1573365,0.2441442906856537,0.21693654358386993,0.0,-0.007514744,0.3532694,0.020113125,99.98969,72.39133,139.702,4.496706,2.5442414,0.4388375,0.99994594,0.11886846,54.958427,0.293297,1.632144e-08,0.008842726,0.011818588,8.662334e-05
1714,0.15512665,0.2458413690328598,0.23480398952960968,0.0,-0.0070262416,0.40371507,0.01668841,97.10173,91.469666,139.76674,3.8073206,1.5050433,1.4617107,0.9986399,0.12547232,44.158794,0.25922018,3.5690587e-07,0.009513573,0.010963061,4.548444e-05
1715,0.1598443,0.24832257628440857,0.24061717092990875,0.0,-0.007391911,0.42249596,0.0187163,99.89179,45.134003,146.9044,3.4662113,1.3967563,1.3307439,0.9996685,0.15177149,116.59097,0.60389125,4.785463e-07,0.0037783782,0.010695924,0.00014427336
1716,0.15474483,0.2375325858592987,0.2229706197977066,0.0,-0.007508862,0.40021136,0.017629335,99.5167,13.785715,142.9129,4.018448,2.4641428,0.4633767,0.99963486,0.12476511,98.79897,0.34421152,1.0397263e-07,0.006284568,0.011559054,4.495437e-05
1717,0.15646589,0.2194080948829651,0.21852977573871613,0.0,0.841991,1.1254206,0.06544415,86.55984,696.64856,137.00941,3.144139,1.7932417,1.8912864,0.9999632,0.18620303,157.82385,0.40867308,3.1481008e-07,1.0907617e-06,0.007359505,1.2805406e-08
1718,0.15426734,0.2323378473520279,0.20761390030384064,0.0,-0.0057273544,0.4111046,0.019585434,99.93809,121.44593,151.62149,3.628022,1.9988204,0.5767359,0.9999699,0.13346997,122.62499,0.20439531,5.688714e-08,2.5626775e-06,0.012199346,2.127121e-07
1719,0.15880455,0.24044659733772278,0.23920395970344543,0.0,0.089395456,0.649773,0.031196916,99.98849,699.58356,160.69948,3.1050384,2.1791322,1.3531538,0.9999938,0.23725735,62.691013,0.17125802,2.5714716e-08,7.040313e-07,0.008187578,3.1285005e-08
1720,0.15648477,0.23734460771083832,0.23802581429481506,0.0,0.554641,0.8577275,0.06394542,97.0215,694.89124,151.22958,3.151683,1.6974404,1.473805,0.99935955,0.18220939,60.403305,0.57773685,2.8313991e-06,2.0436835e-05,0.007780966,1.6720672e-07
1721,0.1540725,0.23466433584690094,0.2297196090221405,0.0,-0.005460972,0.45658454,0.04853203,99.94631,277.52167,157.73347,3.4064023,2.5932913,0.6906756,0.9985817,0.19312112,108.25616,0.9112102,1.0918496e-06,4.619539e-07,0.009434211,2.0959869e-08
1722,0.15158534,0.24328462779521942,0.22416862845420837,0.0,-0.007509466,0.40779874,0.017283093,99.85648,120.43714,145.31238,3.879735,2.2882195,0.462393,0.99997747,0.1168873,72.19901,0.44445354,1.2529102e-08,0.005404918,0.011744785,6.247636e-06
1723,0.15327016,0.2428489774465561,0.2240607589483261,0.0,-0.0073827445,0.38648883,0.017796677,99.22575,28.596125,141.5085,4.0916514,2.0388076,0.78459245,0.99996495,0.13795722,186.2487,0.2755182,6.9419417e-07,0.0024404007,0.011373115,0.00057858083
1724,0.15911603,0.23249372839927673,0.22871683537960052,0.0,0.5116946,0.7199719,0.0622203,98.86538,672.95166,151.91878,3.3029382,2.0204217,1.4115998,0.9995036,0.16327311,68.8182,0.047445986,6.9592403e-07,2.2678635e-06,0.0080760745,8.055026e-08
1725,0.15435955,0.2321084588766098,0.22661623358726501,0.0,0.91331637,1.1943133,0.06581577,68.429756,692.88416,119.03906,2.696931,2.6880662,1.1599329,0.9998314,0.17485099,29.685408,0.17223704,1.1422565e-06,3.0022513e-05,0.0075175506,3.6440983e-07
1726,0.15617417,0.24439701437950134,0.2274826616048813,0.0,-0.0072490033,0.39741024,0.019350873,90.265854,18.718983,133.28705,3.5225353,2.0528188,0.7019392,0.99980897,0.14328787,39.037437,0.8977325,5.0083304e-07,0.004400006,0.011114612,0.00045883338
1727,0.15534827,0.24835386872291565,0.2493952065706253,0.0,0.67348105,0.9779317,0.06656101,99.95219,688.9264,152.82777,3.1834178,2.4347482,1.1355476,0.99964696,0.18787636,91.45849,0.019350484,8.95661e-08,5.087279e-06,0.0075046243,9.509786e-09
1728,0.15722553,0.2502512037754059,0.2364308387041092,0.0,-0.005900167,0.4124388,0.017258674,98.213425,118.000496,143.84674,3.583709,2.1159313,0.62520576,0.9981473,0.14582948,16.244995,0.3372089,2.5678473e-06,0.005993941,0.010702802,7.208575e-05
1729,0.15457734,0.22944597899913788,0.2342042773962021,0.0,0.41265115,0.72711194,0.05441075,99.152885,699.68054,153.7077,3.2514865,2.6647706,1.0471113,0.99771434,0.22198372,20.05028,0.35254136,4.9363086e-07,7.670335e-06,0.0075744316,7.1921285e-08
1730,0.15387303,0.25088417530059814,0.21052557229995728,0.0,-0.0074817743,0.26640302,0.035192978,99.847786,218.4453,141.29878,4.784104,2.9057584,0.11418044,0.9999429,0.12743142,75.764915,0.6170242,1.0626973e-07,0.015413685,0.012023326,3.1173838e-06
1731,0.15209761,0.24042540788650513,0.21247215569019318,0.0,-0.007085261,0.34275457,0.020553365,99.44338,106.05178,138.68658,4.56016,2.3254974,0.5174018,0.9999426,0.13595413,42.496788,0.2845586,2.5428938e-07,0.0032634486,0.011478703,0.00081533083
1732,0.15215547,0.22922824323177338,0.2060229331254959,0.0,-0.007384756,0.38130584,0.019861406,85.17706,101.813354,128.12253,3.4691129,2.265083,0.64345235,0.9999489,0.12549889,146.53523,0.104351595,4.930114e-07,0.0087090805,0.010729279,7.2648705e-05
1733,0.155539,0.2221379280090332,0.22304509580135345,0.0,0.08925475,0.6131099,0.033494577,99.99699,694.47284,161.90073,3.0279284,2.0726044,1.2356454,0.9993475,0.18980624,54.160343,0.38909596,1.421256e-07,6.0763205e-07,0.008596683,8.889632e-09
1734,0.15539281,0.26623570919036865,0.24491603672504425,0.0,-0.007369736,0.3881864,0.017802607,98.66419,82.3694,140.56693,4.018533,2.1828227,0.66437703,0.9993839,0.1069356,93.408455,0.23718244,6.4805073e-07,0.0040064184,0.011523706,0.0004378714
1735,0.15587923,0.2333046793937683,0.21879425644874573,0.0,-0.0074988343,0.4230507,0.017390797,99.553955,52.537052,146.40234,3.6217144,2.2624707,0.5658676,0.99992985,0.13009563,95.88644,0.54114276,1.9375047e-08,0.002681742,0.011321173,0.0001286019
1736,0.15611252,0.23815469443798065,0.23681406676769257,0.0,0.91307825,1.1998783,0.07076219,97.51175,698.95215,148.2272,3.272522,1.9673301,1.6039679,0.999722,0.15589985,90.49084,0.22754154,3.6996462e-07,7.3934046e-07,0.0071152872,4.8263356e-08
1737,0.15124287,0.2342800498008728,0.23129966855049133,0.0,-0.0057666865,0.4461661,0.05518929,99.966805,372.11328,160.96873,3.1587267,2.700704,0.46646735,0.9997389,0.17682286,94.173134,0.9304579,4.4409495e-07,4.9077727e-07,0.009408261,2.3964957e-09
1738,0.15784247,0.24275942146778107,0.2137753665447235,0.0,-0.0073881615,0.3610173,0.019841129,99.98825,17.847387,140.34839,4.3363385,2.3357148,0.78032285,0.99998623,0.13509683,61.673733,0.044340674,6.609884e-07,0.005044098,0.010882731,0.000363958
1739,0.15596487,0.2358788400888443,0.21536225080490112,0.0,-0.0073548434,0.40774855,0.019901078,99.98914,116.376884,149.67595,3.6648285,2.4329402,0.31331503,0.99971706,0.1351612,195.05681,0.14134243,3.0403103e-07,0.00027827738,0.011497291,0.00012682617
1740,0.15730718,0.23937970399856567,0.2326434850692749,0.0,-0.006891311,0.42022657,0.017172856,98.85128,78.25907,141.10817,3.7620378,1.472271,1.3861433,0.99996984,0.16365275,67.1702,0.111140266,3.352038e-07,0.0077968435,0.010162374,0.00022228222
1741,0.15280439,0.24219916760921478,0.2276057004928589,0.0,-0.0074972985,0.42810464,0.019724324,57.663345,136.15749,111.45734,2.1189115,2.5811868,0.31228068,0.9993279,0.15078932,176.48177,0.28572598,9.6794835e-08,0.003099981,0.009636469,0.00021043597
1742,0.15697028,0.2297530174255371,0.22838632762432098,0.0,0.51281065,0.74077827,0.0611343,98.08803,689.602,150.11899,3.2617025,1.7666547,1.6182271,0.99973226,0.16967697,21.93351,0.17967123,8.807773e-07,5.193661e-06,0.0077101314,3.461131e-07
1743,0.15417472,0.2342853546142578,0.23755241930484772,0.0,0.54056567,0.85869294,0.063374415,99.80701,698.7866,154.32407,3.0575562,2.1578407,1.1478142,0.9995394,0.19240212,127.25954,0.32922086,1.7902636e-07,3.6150525e-06,0.0077029653,4.9037133e-08
1744,0.15581161,0.22999384999275208,0.23217937350273132,0.0,0.54034007,0.81752896,0.06298565,99.57669,696.8997,153.04482,3.1843972,2.8520503,0.4377658,0.99986726,0.19688264,14.665474,0.013987113,2.6250043e-06,7.9944624e-07,0.007753235,1.5171321e-07
1745,0.15836412,0.24607545137405396,0.22418084740638733,0.0,-0.010210334,0.06425795,0.08135376,99.71876,222.5119,139.68947,5.4703174,2.6428902,0.39716062,0.9998199,0.15954678,73.819,0.69160795,3.0717308e-07,0.0062288702,0.011933597,0.0008361177
1746,0.15440764,0.23081044852733612,0.2324691116809845,0.0,0.5126461,0.76548827,0.060203727,81.036964,686.22156,133.96208,2.7831225,0.6174749,2.6662762,0.9996572,0.17496462,22.304361,0.10105966,1.0500465e-05,9.476828e-06,0.0077150776,5.701079e-07
1747,0.15748759,0.24176320433616638,0.23076045513153076,0.0,-0.0072218203,0.42121068,0.017646272,71.810394,27.78392,119.13473,2.7077372,2.2772486,0.8540182,0.9968018,0.14812438,16.387035,0.46821934,3.255443e-06,0.0055619273,0.010721121,8.231619e-05
1748,0.15384589,0.24560672044754028,0.2470332384109497,0.0,0.5115177,0.75369895,0.064386874,91.91779,696.63446,143.83987,3.1971345,1.6612642,1.7745881,0.99980104,0.1754589,24.084923,0.16093819,2.5978164e-10,7.922316e-07,0.007673403,7.617775e-09
1749,0.15471579,0.2575136721134186,0.260797917842865,0.0,0.54690635,0.8840318,0.05870984,92.0151,679.43317,144.44827,3.1341367,2.321599,1.2626173,0.9974905,0.18185127,24.563143,0.20440082,2.596216e-06,2.3281284e-05,0.0074778316,2.8634088e-07
1750,0.15275206,0.24246148765087128,0.24151290953159332,0.0,0.51147926,0.75246346,0.059578624,97.20684,697.9874,149.10425,3.3199942,2.025306,1.3261288,0.9996737,0.1816942,163.63199,0.35467413,3.6165358e-07,4.7071958e-07,0.007934159,1.8251153e-08
1751,0.15540566,0.23625008761882782,0.21033728122711182,0.0,-0.0072275246,0.39092502,0.017456723,99.59085,112.55119,145.04117,4.0549183,2.145261,0.5405883,0.9990509,0.11844357,79.21466,0.086332716,1.3595778e-06,0.00047615598,0.012482739,0.0005213281
1752,0.15588564,0.2464003562927246,0.22065573930740356,0.0,-0.007474864,0.3603627,0.018053904,99.98496,194.71579,144.61774,4.189734,2.2502415,0.78863984,0.99996525,0.11166232,138.62807,0.08123697,9.341701e-09,0.009831069,0.011528852,9.651362e-06
1753,0.15723269,0.23286011815071106,0.23029662668704987,0.0,-0.0056200586,0.4526656,0.06213154,98.694176,623.3954,160.27051,3.1301742,2.405371,0.57595915,0.99894816,0.1632063,17.77191,0.69120985,4.260307e-05,1.5644442e-05,0.009711563,2.413234e-07
1754,0.15569389,0.2500781714916229,0.21618959307670593,0.0,-0.010204544,0.05665213,0.07798867,99.87066,76.738556,133.50119,5.9019737,2.448096,0.43406224,0.9993874,0.17036217,141.35959,0.48311898,2.3312414e-06,0.003888699,0.012260949,0.0013790447
1755,0.15334871,0.2271522432565689,0.2175288200378418,0.0,-0.009475036,2.07196e-05,0.09994579,99.95931,210.03264,138.29343,5.6151257,2.5195482,0.41331804,0.99934703,0.15021415,10.341686,0.13923162,4.1250914e-07,0.019998807,0.013172276,0.0002008984
1756,0.15748556,0.26748496294021606,0.22061264514923096,0.0,-0.010285125,0.05247916,0.0782603,99.78881,40.18398,134.37755,5.9574847,2.5294547,0.39680654,0.9999457,0.15428378,156.48503,0.19097815,1.2911703e-07,0.0006226507,0.012039313,0.0013012638
1757,0.15490769,0.24281062185764313,0.24425651133060455,0.0,0.67530525,0.9853775,0.0632041,99.92638,695.8124,153.08582,3.1811283,2.1998816,1.2386798,0.9994938,0.17677215,68.86138,0.46669266,5.6502967e-07,8.6525637e-07,0.007533961,7.7835877e-10
1758,0.15853788,0.2426282912492752,0.22879558801651,0.0,-0.0071918895,0.41798988,0.019516274,98.30689,96.89049,145.11444,3.3695807,2.1920042,0.6852908,0.99942136,0.12252318,17.761972,0.76326275,1.4575329e-06,0.0022274754,0.010422097,0.00010036297
1759,0.15797141,0.2431970238685608,0.24465984106063843,0.0,0.55455416,0.84226596,0.05980252,99.85199,699.91846,152.09477,3.3233073,1.992143,1.6039504,0.99981964,0.17364988,114.27586,0.8595824,3.8053358e-08,1.8290714e-07,0.0073620644,2.720532e-08
1760,0.15725257,0.2383226901292801,0.22883030772209167,0.0,0.95594496,1.3210788,0.06784898,68.02563,699.89404,118.2818,2.7012565,2.2871966,1.1821347,0.9999017,0.16353074,94.88243,0.8962667,1.2106834e-07,4.4125005e-07,0.0078018717,1.8336841e-08
1761,0.1541731,0.23862645030021667,0.22575634717941284,0.0,-0.0071700076,0.41914418,0.0176288,90.28688,111.543106,135.90402,3.3846867,2.2615523,0.5323804,0.9993534,0.15164869,105.74339,0.487026,6.2036247e-07,0.004389428,0.010529412,0.00016024767
1762,0.15670393,0.2431638091802597,0.21311090886592865,0.0,-0.005484676,0.3494213,0.020845203,99.804794,72.79926,142.94844,4.221606,2.318396,0.37538385,0.9996122,0.10969587,129.32722,0.47577724,2.8015972e-06,0.006218814,0.013232836,0.00014862766
1763,0.15406422,0.22454071044921875,0.2226039469242096,0.0,0.54482543,0.8226356,0.0632367,99.280846,699.0369,153.34296,3.3111014,2.7162328,0.5524062,0.9996136,0.18120757,134.53307,0.8222159,6.0697474e-08,8.464756e-07,0.008211037,7.65113e-08
1764,0.15396489,0.23762641847133636,0.23683714866638184,0.0,0.5443388,0.8113966,0.06349818,87.70891,698.90326,139.9667,3.0382447,2.4373455,1.0312122,0.99918276,0.17183416,23.150743,0.17960142,1.6507403e-06,1.929376e-06,0.007879436,4.9268507e-08
1765,0.15945044,0.26014649868011475,0.2450893670320511,0.0,-0.0070387884,0.4218732,0.017615829,95.68085,115.24857,145.04439,3.4244719,2.393258,0.5313231,0.99666387,0.12531188,15.636157,0.022820331,1.3378096e-06,0.0023560014,0.01133214,2.2711885e-05
1766,0.15411326,0.23669764399528503,0.23593538999557495,0.0,-0.0058809463,0.50893855,0.04990629,99.916435,692.07184,162.63329,3.2115552,1.7772576,1.472412,0.9993684,0.16028929,76.62795,0.109492466,6.3972743e-07,2.4616102e-07,0.009377891,3.6305046e-08
1767,0.15903795,0.25475743412971497,0.27308839559555054,0.0,1.1598098,1.3745656,0.09513609,0.0011079913,699.89844,100.00001,0.29028174,0.0030016098,2.4680593,0.9999869,0.16487998,117.99588,0.6643793,5.6512302e-08,4.8112412e-08,0.0075170393,6.4028076e-09
1768,0.15521902,0.24707570672035217,0.2470502406358719,0.0,0.67499095,0.94716966,0.06498925,98.06268,699.2724,149.216,3.3526583,3.28702,0.41718087,0.9996995,0.19128914,33.87774,0.61872953,1.1747287e-06,4.5719135e-06,0.0071704057,6.6136776e-09
1769,0.15093996,0.23579464852809906,0.2398368865251541,0.0,0.54024726,0.87788415,0.059995577,97.39645,697.19366,153.36156,2.8867304,1.5475123,1.8549,0.9989947,0.18610519,118.37404,0.21957588,1.085601e-06,7.405956e-06,0.0073594647,5.1246662e-08
1770,0.15380529,0.2389354556798935,0.24132612347602844,0.0,0.5553205,0.8638228,0.061127674,99.91525,699.04126,153.7917,3.1663327,2.5668712,0.8581674,0.99990624,0.19027014,199.0461,0.11933547,2.5387408e-07,3.0307598e-07,0.007623618,3.5438752e-08
1771,0.15472385,0.2560226619243622,0.20936784148216248,0.0,-0.010024039,0.061062053,0.08006606,99.5044,210.20627,140.23233,5.027338,2.2657874,0.5867045,0.9992388,0.1533232,171.74883,0.13840468,1.8991992e-06,0.016024895,0.012397401,0.0002275086
1772,0.15753052,0.24802522361278534,0.24685156345367432,0.0,-0.0054810336,0.47808096,0.05250866,99.94609,447.96652,160.54549,3.265778,2.7539473,0.5129219,0.99939126,0.18755163,159.96982,0.44798782,1.127881e-06,1.2768388e-06,0.0091895815,6.001046e-08
1773,0.15572436,0.2340647429227829,0.2235144078731537,0.0,0.7199631,0.96158457,0.06148463,77.66942,639.81726,128.64569,2.822878,3.269129,0.08270947,0.9981902,0.007545354,69.84119,0.1819041,1.5323512e-05,5.6100095e-07,0.18459596,9.778823e-06
1774,0.15607898,0.26183807849884033,0.23579902946949005,0.0,-0.009838112,0.053905547,0.078053005,99.17512,94.312645,134.27554,6.005718,2.3899624,0.33314398,0.99853504,0.16361305,94.4624,0.8404959,4.4338353e-07,0.0054348498,0.013174439,0.0011078597
1775,0.15487218,0.247561514377594,0.2325788140296936,0.0,-0.007326322,0.4012504,0.01735925,99.103,117.73619,143.60794,3.6982622,1.835411,1.0736313,0.9995879,0.11893209,173.1198,0.62629306,7.461189e-08,0.005568585,0.010916132,0.00015872944
1776,0.1562917,0.23824766278266907,0.23701319098472595,0.0,-0.0055576335,0.5044697,0.053642385,99.480965,575.33136,163.39523,3.1246169,2.111344,1.0286046,0.99934274,0.15874626,30.212357,0.46299246,5.0476314e-07,9.0818344e-07,0.009717642,2.5217304e-07
1777,0.156203,0.2448851615190506,0.241193026304245,0.0,-0.0056804884,0.50435877,0.04566062,99.825615,446.68362,160.98674,3.271737,1.9749957,1.0499023,0.99950105,0.19427885,126.051216,0.68613195,1.67476e-06,1.1725388e-06,0.009934913,1.223364e-07
1778,0.15848194,0.24543587863445282,0.24171599745750427,0.0,0.84242845,1.0553296,0.08194047,77.33145,639.2301,128.28018,2.8850303,0.14978567,3.1575031,0.9999484,0.17894658,27.237011,0.28277135,5.0790195e-06,2.9745246e-05,0.007666672,6.186779e-07
1779,0.15187693,0.23538632690906525,0.23517847061157227,0.0,-0.0056140847,0.55297077,0.03650546,99.91677,506.3968,162.4495,3.0625322,1.8660574,1.2765433,0.99951726,0.18822616,87.62258,0.39811942,1.5519383e-07,9.074306e-07,0.009076822,9.270291e-08
1780,0.15743408,0.2518157660961151,0.2532300055027008,0.0,0.54450476,0.85671884,0.057226513,97.34851,693.62994,150.08481,3.360608,1.3947527,2.0814815,0.99993813,0.18916841,80.83219,0.2094554,1.0054123e-07,2.8598026e-06,0.007621983,2.0491785e-07
1781,0.15396792,0.2223263382911682,0.2057410031557083,0.0,-0.0074080345,0.39879274,0.017378496,99.09714,69.76905,141.6042,3.836642,2.2374327,0.78217065,0.999873,0.13488229,76.42649,0.70810956,1.8197494e-07,0.0036779467,0.010363281,0.00026934667
1782,0.15568979,0.23993785679340363,0.2388034462928772,0.0,0.7707009,1.0773449,0.06308711,93.942696,699.68463,145.78284,3.2510784,3.0544603,0.57391286,0.99983954,0.1846427,63.021927,0.3408174,3.5978604e-07,2.2255192e-06,0.0073142992,7.6992386e-08
1783,0.15675125,0.2502584755420685,0.2441648691892624,0.0,-0.0073024905,0.43677488,0.017972963,53.911503,75.195526,101.12324,2.1755695,2.4780345,0.55469185,0.9998318,0.1449303,25.245907,0.062452376,1.1462895e-06,0.0077454215,0.010140918,4.5254164e-05
1784,0.15804645,0.2589283287525177,0.25638720393180847,0.0,0.91325206,1.2656364,0.0714521,72.129715,696.77997,123.6442,2.5982769,2.2783787,1.2799293,0.9998176,0.16028674,174.26741,0.47737905,6.017028e-07,5.0813082e-06,0.007305644,2.2199456e-08
1785,0.15193026,0.22728319466114044,0.23071619868278503,0.0,0.5115173,0.8144195,0.061375555,99.67976,697.87744,155.96922,2.9027915,2.2003882,0.9655405,0.99992746,0.19650745,162.436,0.11502853,1.5230263e-07,9.151882e-08,0.007919898,1.15689176e-07
1786,0.15034653,0.24276040494441986,0.24591489136219025,0.0,0.51180845,0.8367344,0.057621267,95.008766,698.6233,149.22366,2.9414618,1.720053,1.8357058,0.9990099,0.16839269,135.20572,0.27909228,4.1116581e-07,1.0359698e-05,0.007269304,2.2079105e-07
1787,0.1528356,0.21979506313800812,0.21899639070034027,0.0,-0.0054816194,0.52651316,0.045321636,99.9282,673.57043,163.01375,3.059981,2.724086,0.66587454,0.9988863,0.16371517,120.60389,0.7437194,1.4109499e-07,2.7167093e-06,0.008778918,2.4496574e-09
1788,0.15441285,0.25690484046936035,0.24003595113754272,0.0,-0.007413136,0.38411674,0.019463183,99.12213,212.86371,145.7274,3.7646623,2.4840877,0.510835,0.9999145,0.12461521,108.54384,0.5383581,2.2544089e-07,0.00698248,0.010681991,0.00033610608
1789,0.15837294,0.24004748463630676,0.24007576704025269,0.0,0.6748453,0.9460498,0.06294357,62.882042,695.3142,114.65778,2.5067694,1.4132448,2.4494016,0.9984776,0.1727131,25.858261,0.21184948,2.834805e-06,1.0096954e-05,0.0075040897,2.2479098e-07
1790,0.15482867,0.23063471913337708,0.23009362816810608,0.0,0.5421319,0.8057085,0.060323942,97.62622,698.9321,150.38359,3.3819501,1.525651,1.9671286,0.99981016,0.1864896,109.45981,0.22369629,3.8311418e-07,5.658265e-07,0.00788728,1.5825246e-07
1791,0.1582628,0.2451269030570984,0.24107792973518372,0.0,0.5116442,0.7502725,0.05473756,98.87232,698.54034,150.9108,3.4507456,2.034448,1.3709451,0.9989452,0.18296048,67.92539,0.29614747,1.1197921e-07,9.4044e-07,0.008162326,9.174824e-08
1792,0.15579915,0.25081557035446167,0.2502197027206421,0.0,0.08940418,0.6055224,0.02934461,99.99744,699.8855,158.74747,3.2001994,2.1146927,1.4003195,0.9999146,0.18582432,87.55795,0.7111543,1.4994065e-07,1.5485067e-07,0.008628692,1.0452207e-08
1793,0.15752724,0.24925749003887177,0.25312358140945435,0.0,0.5447038,0.8527738,0.06255124,99.15803,699.8174,154.0026,3.0814152,2.1841679,1.5515673,0.99987787,0.19412011,104.92807,0.320478,2.8508284e-06,6.499736e-07,0.0072903847,1.974149e-08
1794,0.15538652,0.23892666399478912,0.2364342361688614,0.0,0.08933756,0.5750419,0.036865454,99.942314,696.69824,159.8635,3.2313292,2.1369,1.1730835,0.9998624,0.17579469,112.209816,0.518233,2.465399e-07,3.3715588e-07,0.009106458,2.763285e-08
1795,0.15947068,0.24150653183460236,0.24051573872566223,0.0,0.7537785,1.034042,0.07012191,87.2139,688.3976,139.87628,3.0214474,0.7767495,2.7753043,0.99182844,0.18002985,25.470184,0.026760528,3.4410602e-06,2.663531e-05,0.0074480125,1.966203e-06
1796,0.15687309,0.26211217045783997,0.2368013858795166,0.0,-0.0073303077,0.37245876,0.018130014,92.43298,50.20195,129.83424,4.099635,2.0682375,0.8855057,0.99894774,0.13155042,82.25771,0.74203736,4.91259e-06,0.0051936065,0.010601498,0.0006767534
1797,0.15401162,0.2494574636220932,0.25325724482536316,0.0,0.51158786,0.8041116,0.06085488,97.57823,696.7826,152.02708,3.027259,1.5649297,2.151201,0.9996895,0.21099111,195.98906,0.78847,1.02287e-06,4.94312e-06,0.0075231884,9.503421e-08
1798,0.15506534,0.2276146560907364,0.22613640129566193,0.0,0.41321,0.63786405,0.060683925,99.83678,692.21466,153.11697,3.4612067,1.710441,1.8127625,0.9961072,0.18835796,83.92308,0.20950815,4.6733084e-07,1.3302729e-06,0.007929583,2.76803e-07
1799,0.15497914,0.24102728068828583,0.23127344250679016,0.0,-0.0074453233,0.4056544,0.018400919,99.7603,42.8421,141.08691,3.803625,2.391666,0.7502179,0.9995748,0.1375792,103.84035,0.3170221,5.6079347e-07,0.011295159,0.010305905,5.0494695e-05
1800,0.15640031,0.2377617210149765,0.23650893568992615,0.0,-0.0057269903,0.5083264,0.043994233,99.83728,397.41772,160.70432,3.1919544,2.8479402,0.4069661,0.9995923,0.17925271,166.03195,0.70745134,1.6407402e-07,3.206745e-06,0.009428818,2.9980548e-08
1801,0.15437812,0.23379230499267578,0.21531637012958527,0.0,-0.006390807,0.40097263,0.018915923,85.89694,106.04115,132.03659,3.1999636,2.2510402,0.6266492,0.99953896,0.12235562,30.216951,0.07799996,1.8167424e-07,0.00028891332,0.0108799385,0.00057520944
1802,0.15506192,0.24813444912433624,0.2068166583776474,0.0,-0.0071019037,0.3125583,0.024697142,99.57449,16.458506,137.5729,4.7326446,2.8641531,0.16396374,0.9994896,0.12910584,41.25191,0.65835553,6.5546095e-07,0.0075088018,0.011779258,0.0004488003
1803,0.15618931,0.23560839891433716,0.22898127138614655,0.0,-0.006300033,0.4583254,0.048115518,99.510506,105.516754,150.99089,3.4222383,2.1564348,0.8182583,0.99942124,0.1719617,24.996483,0.7357269,1.4986455e-06,3.1265758e-06,0.010044717,1.3286167e-07
1804,0.15272477,0.23101820051670074,0.22998499870300293,0.0,-0.005520375,0.45721883,0.058121994,99.93457,445.3067,164.41565,3.0546515,2.9081905,0.37777105,0.9996855,0.1744664,111.67126,0.49304497,7.0614584e-07,6.563241e-07,0.009356722,4.3036156e-08
1805,0.1562739,0.23456352949142456,0.22260573506355286,0.0,-0.007451714,0.43048716,0.019380655,99.71593,120.803375,151.4377,3.2750974,2.3702238,0.5059913,0.99970573,0.16789478,15.944254,0.546627,1.4139094e-07,0.00035250548,0.010380164,2.481371e-07
1806,0.15360963,0.2272403985261917,0.2121395468711853,0.0,-0.0074602477,0.4190936,0.019495385,73.82135,95.44241,124.5575,2.7073379,1.8511499,0.8287664,0.9999419,0.133427,86.73816,0.8559954,1.6797324e-07,0.0015150494,0.011492154,0.00019905028
1807,0.15376371,0.24261224269866943,0.23133736848831177,0.0,-0.014859605,0.40841538,0.018496746,58.02873,72.5465,105.5062,2.2629285,2.3954284,0.5729292,0.99982876,0.13185064,14.784331,0.079526395,2.5312552e-06,0.004207434,0.009991766,0.0001990937
1808,0.15650429,0.25117233395576477,0.23388274013996124,0.0,-0.0073194904,0.36084625,0.0178022,97.995,18.367056,134.62958,4.953277,2.5496829,0.4248086,0.99936545,0.111949,148.9075,0.79414105,1.2995513e-06,0.0061919834,0.012005349,0.00062885036
1809,0.153457,0.2333521991968155,0.23351944983005524,0.0,0.54450756,0.8356795,0.05619784,99.31597,699.6301,151.7377,3.4521878,2.298218,1.3470458,0.99993175,0.16957527,117.2013,0.24745855,7.296756e-08,2.9327448e-06,0.007660766,2.0839302e-08
1810,0.15418966,0.2231709063053131,0.22571197152137756,0.0,0.08940803,0.5464831,0.034616776,99.98061,695.9401,157.62662,3.3517377,3.155266,0.017611656,0.9999791,1.699718e-08,119.10637,0.5798051,0.008621096,2.3229346e-08,0.0010764985,0.23147427
1811,0.15171494,0.24408555030822754,0.2324853092432022,0.0,-0.0073240427,0.4183885,0.017959474,61.73959,80.59702,108.10181,2.3894072,2.3741236,0.7051258,0.9996149,0.13976872,94.098045,0.76787335,8.06929e-07,0.0067804432,0.0102932975,0.00015443884
1812,0.15585332,0.23489095270633698,0.23638296127319336,0.0,0.53970504,0.8532534,0.06305207,99.44888,696.49146,155.52045,3.1100326,2.7134995,0.59494495,0.9994951,0.17038266,132.62047,0.5008944,7.9762833e-07,2.0736009e-06,0.008069592,2.5942532e-08
1813,0.15332063,0.24357382953166962,0.23595689237117767,0.0,-0.006491772,0.42352262,0.016723547,77.79092,85.14138,123.17909,2.9872794,2.1421196,0.5380465,0.99803656,0.14718999,14.881135,0.02886686,5.6320014e-06,0.010744651,0.011401655,1.4341673e-05
1814,0.15686165,0.24520781636238098,0.2435331642627716,0.0,0.089190565,0.6159497,0.03272202,99.90046,699.07666,158.55319,3.2923439,2.0703537,1.2482011,0.9993134,0.22982655,17.909168,0.07696184,2.461035e-07,1.6736604e-06,0.008996924,1.0371109e-07
1815,0.15462178,0.22904129326343536,0.22751927375793457,0.0,-0.0055651856,0.44649634,0.06298222,99.95327,652.016,162.2114,3.2268949,2.7546258,0.43475378,0.999397,0.17936893,125.539375,0.33180398,8.834997e-07,1.2505832e-07,0.009526786,1.2391223e-07
1816,0.15462603,0.21613295376300812,0.2181120663881302,0.0,0.4129833,0.6678514,0.062385213,99.82854,379.19568,154.89429,3.194737,2.6997175,0.66674525,0.99997383,0.22054109,171.16774,0.67108566,4.946236e-07,1.2691222e-06,0.00823087,2.8944004e-07
1817,0.1547304,0.2487843930721283,0.240568608045578,0.0,-0.007338177,0.4229993,0.016685555,96.89468,116.18964,141.18134,3.7441335,1.8497595,1.0417126,0.99979347,0.14519364,145.1731,0.6026842,1.1723201e-06,0.0039338623,0.010544761,0.00039093947
1818,0.15658678,0.2536761164665222,0.218868225812912,0.0,-0.010287249,0.33683416,0.021712886,77.446106,44.132187,119.73362,3.430972,2.2171946,0.57182884,0.99219364,0.12217179,59.985214,0.76647043,2.2010885e-05,0.0021374281,0.011755358,0.0005832031
1819,0.15398633,0.23967599868774414,0.23162983357906342,0.0,-0.0060744043,0.42406327,0.01741912,91.0634,31.684572,136.02968,3.3533666,0.49915904,2.1816134,0.9975958,0.13222374,17.15187,0.5832863,6.321405e-07,0.006088251,0.0105472,9.479784e-05
1820,0.15615368,0.24237488210201263,0.23981457948684692,0.0,0.9127456,1.1987004,0.06700086,71.46412,699.6123,121.58854,2.6830385,2.0276616,1.4873723,0.99988264,0.16863436,127.8581,0.43859547,4.9046946e-08,8.761314e-08,0.0072881314,2.4887015e-08
1821,0.1561724,0.2419387847185135,0.23792894184589386,0.0,-0.0073624947,0.42090517,0.017452909,99.66056,39.203293,145.81833,3.4432485,2.3493302,0.5119285,0.99993277,0.13932228,137.69496,0.767882,2.7825038e-08,0.0016338981,0.010604405,0.0005454782
1822,0.15719159,0.23781391978263855,0.23792394995689392,0.0,0.5396959,0.8011369,0.05940702,66.14364,693.8761,118.63284,2.4994235,1.6501148,1.7292025,0.9995348,0.18265417,16.545843,0.023581313,1.7554929e-06,2.7857463e-06,0.0078115645,4.6867818e-08
1823,0.15416598,0.2306155562400818,0.22487671673297882,0.0,-0.007375465,0.4514942,0.017133093,96.241844,116.91864,147.60944,2.9980564,1.620324,1.1573919,0.99996805,0.17694122,158.99077,0.45947635,1.096744e-08,0.0035235728,0.009679926,3.2354015e-05
1824,0.15159312,0.2392219603061676,0.21651378273963928,0.0,-0.00717197,0.40574753,0.017308831,99.81761,91.299255,145.88672,3.830215,1.945221,0.7330862,0.9999352,0.12753442,79.90208,0.4721671,4.202923e-08,0.004361298,0.012218052,2.4239132e-05
1825,0.15680917,0.2515348494052887,0.25251415371894836,0.0,0.67118263,0.94592804,0.065070845,99.577126,699.88983,152.31268,3.2915444,1.5441588,2.0628214,0.99962944,0.19228275,59.73106,0.7770298,9.7766836e-08,1.5805979e-06,0.007397558,3.694908e-08
1826,0.152652,0.22188428044319153,0.22066240012645721,0.0,0.67219794,0.92488533,0.06571269,99.68509,697.78687,152.36658,3.3529277,1.5617065,1.7838446,0.9997746,0.17299485,111.94099,0.26902032,4.0460228e-07,7.7899e-07,0.007855959,1.2446591e-08
1827,0.15762043,0.23904508352279663,0.24103493988513947,0.0,0.91286904,1.2846301,0.07329883,76.184456,698.5859,128.20389,2.5514252,1.7015225,1.9821779,0.99968827,0.18287176,77.84245,0.5692088,6.9036014e-07,2.8743589e-06,0.0069554225,1.615562e-07
1828,0.15232308,0.23257991671562195,0.23049242794513702,0.0,-0.0073845917,0.4455003,0.055311654,99.716606,328.50656,160.22449,3.1252024,1.7910523,1.3541846,0.9999262,0.19522646,177.04057,0.46662325,3.2073808e-06,5.9362304e-07,0.00905421,6.330231e-08
1829,0.1582464,0.22820882499217987,0.22660695016384125,0.0,0.67516285,1.0448581,0.022900261,81.84961,658.59875,131.40028,3.0407562,1.7431537,2.1664367,0.9951393,0.18781947,26.206161,0.37200746,2.8260556e-06,2.8779172e-05,0.007179754,4.0770973e-07
1830,0.15879644,0.23562690615653992,0.23462803661823273,0.0,0.540431,0.7827342,0.062737755,99.35658,686.69604,151.03636,3.568259,2.108924,1.553225,0.9995632,0.21545935,173.78845,0.13313697,1.2452344e-06,1.7719398e-06,0.0076477127,1.7693479e-07
1831,0.15429132,0.23902936279773712,0.23867782950401306,0.0,0.08931747,0.59177196,0.03577615,99.80207,699.7874,161.42531,3.1207144,1.7054466,1.6571275,0.9985485,0.1935966,18.63286,0.30612406,2.413196e-06,6.827911e-07,0.008781772,4.15218e-08
1832,0.15489048,0.2351047545671463,0.22526060044765472,0.0,-0.007411131,0.41794917,0.017332502,98.29154,110.79131,143.49858,3.6413376,1.5671932,1.3624252,0.99727225,0.13631709,16.62095,0.33223185,6.82541e-07,0.007036251,0.010894459,1.0349663e-06
1833,0.15718755,0.25308263301849365,0.24818946421146393,0.0,0.08500992,0.41613966,0.027670143,61.371048,558.3699,111.70848,2.48161,1.889979,1.2897469,0.9892709,0.13638057,14.802803,0.036327392,2.6043203e-06,0.0020852732,0.009788382,0.000670474
1834,0.15512426,0.24173685908317566,0.24086348712444305,0.0,0.54481834,0.7948418,0.06400048,98.6366,694.9499,152.5065,3.2780838,1.6819583,1.7097751,0.9995756,0.17512773,116.84322,0.660511,2.784166e-07,1.3256937e-06,0.0080268,6.3921792e-09
1835,0.15547511,0.24282555282115936,0.23377752304077148,0.0,-0.0074723247,0.4126757,0.016758796,99.17362,118.29257,143.36473,3.6676416,2.1224668,0.76765543,0.99988794,0.1404411,168.00273,0.55022246,2.3083948e-07,0.0011278479,0.010287237,0.0006556019
1836,0.15781324,0.2641153335571289,0.24040167033672333,0.0,-0.009793592,0.035935685,0.08618872,99.931946,242.84137,139.54018,5.658244,2.786612,0.15452641,0.9977173,0.13823967,191.02693,0.19130976,1.3495185e-06,0.0099575035,0.012614479,0.0008593489
1837,0.15676776,0.24746739864349365,0.23067262768745422,0.0,-0.007433987,0.41680005,0.017213654,99.933525,84.30269,147.47072,3.6567898,2.2889886,0.5041932,0.9996794,0.122434415,115.51028,0.22509181,1.571849e-08,0.00085301616,0.011088873,0.00015877691
1838,0.1549452,0.22513966262340546,0.21694405376911163,0.0,0.16566429,0.5368826,0.050675552,74.70647,692.1912,125.43601,2.8359537,4.1126084,0.0027317274,0.9991225,6.3042776e-08,41.11443,0.014949427,0.006281188,2.2406313e-08,0.54416287,0.44354692
1839,0.1518994,0.24679207801818848,0.23314529657363892,0.0,-0.006392868,0.40815857,0.017289674,99.95258,45.111507,144.23422,3.6965137,2.1328778,0.7585204,0.9989418,0.13275567,142.43494,0.2377055,9.914737e-08,0.0075366315,0.010607682,9.740824e-05
1840,0.15390486,0.24163568019866943,0.2264951467514038,0.0,-0.0074546915,0.4040042,0.017612314,99.904655,121.7509,146.45883,3.8016763,2.0987875,0.53895986,0.9998405,0.12399998,105.844986,0.3192629,1.0446492e-07,0.0047300607,0.012131215,0.0001702978
1841,0.15499555,0.23913773894309998,0.22919122874736786,0.0,-0.006937487,0.4441534,0.017790081,60.611607,82.038445,112.45238,2.1360328,1.8275102,1.189872,0.99968886,0.15051112,126.3827,0.13011989,1.3450435e-06,0.0036542355,0.009348328,2.3437875e-05
1842,0.15497215,0.2423287183046341,0.2303551733493805,0.0,-0.0075162067,0.42278302,0.017128702,99.89438,39.472393,146.73535,3.6139803,2.3928657,0.5601516,0.99991685,0.13400239,185.78462,0.6555626,1.8356907e-08,0.0009911375,0.01092478,0.00019408835
1843,0.15551375,0.2324313521385193,0.2304711788892746,0.0,0.6749713,0.96128446,0.064766735,99.981316,698.524,152.5725,3.3565886,2.3475227,1.0008229,0.99919164,0.17809334,82.35869,0.7228557,1.1968128e-06,1.3201381e-07,0.007919645,1.5965654e-07
1844,0.15514067,0.24517108500003815,0.2475462257862091,0.0,0.5399691,0.8613972,0.0660053,98.55982,699.056,153.30415,3.13824,1.8571241,1.539743,0.9997327,0.19465701,87.00312,0.69666815,4.7515988e-07,3.4285472e-07,0.0076039718,1.8841734e-08
1845,0.15534475,0.21907979249954224,0.21580295264720917,0.0,0.08919147,0.5788746,0.031410493,99.90584,692.38544,156.85632,3.3353224,1.8318624,1.357508,0.99981564,0.19460846,121.36341,0.4706337,7.722527e-07,1.8740178e-06,0.008861685,2.1387503e-10
1846,0.15653649,0.24626336991786957,0.2458176612854004,0.0,0.91301715,1.230867,0.0722419,96.17381,695.89246,146.57675,3.1684818,1.9408537,1.7354355,0.9999568,0.16388702,72.09238,0.9165912,1.6861122e-06,1.1255746e-06,0.0070400606,1.483288e-07
1847,0.15410267,0.23831012845039368,0.23685501515865326,0.0,0.089191206,0.5717163,0.03767013,99.96228,419.48596,158.7894,3.1168587,2.946228,0.32725477,0.9994712,0.1725987,118.808754,0.86889654,8.83906e-07,4.5697725e-06,0.008799496,5.7398545e-08
1848,0.15813473,0.2344323694705963,0.23268170654773712,0.0,0.52237433,0.7870975,0.060216103,86.24537,512.88605,138.6367,2.9344466,4.022361,0.02926318,0.9877066,0.007290799,68.105286,0.15036023,7.6761967e-07,3.0819535e-06,0.2121973,0.00017516897
1849,0.15869167,0.2570964992046356,0.2246389538049698,0.0,-0.0059335073,0.38000724,0.021210743,99.03463,47.50569,143.81429,3.6222966,2.972494,0.059804443,0.9919724,0.010588008,55.415943,0.9033293,3.2957854e-07,0.00028886812,0.1128859,0.0020064828
1850,0.15614215,0.25843843817710876,0.22853408753871918,0.0,-0.010109662,0.02428087,0.08898565,99.99823,268.48642,140.88742,5.3588586,2.3803883,0.50855863,0.9998766,0.15604481,55.431545,0.044371903,5.575e-07,0.020564113,0.012386257,9.121872e-05
1851,0.15538427,0.23432815074920654,0.22269189357757568,0.0,-0.0069458955,0.4147645,0.017874693,92.23889,305.0272,142.91385,3.358532,2.6333861,0.46477056,0.99898475,0.15368924,14.799991,0.11534466,6.95855e-06,0.008476262,0.010213337,0.00022289017
1852,0.15746689,0.23048117756843567,0.2168182134628296,0.0,-0.0055671595,0.4267105,0.017161509,98.96918,103.04122,147.12276,3.5376992,1.8985872,0.85571134,0.9963399,0.14006901,14.274828,0.033281304,4.829766e-06,0.000107623906,0.011091624,0.0002327105
1853,0.15608993,0.24950005114078522,0.23670229315757751,0.0,-0.0073901336,0.42043748,0.016957572,99.44272,120.37653,148.2417,3.4606602,2.6581655,0.44064072,0.99975145,0.13805857,66.5265,0.4753463,1.7967207e-06,0.00023509731,0.010699816,0.00026545287
1854,0.1592103,0.23724497854709625,0.2252432405948639,0.0,-0.007362077,0.42708302,0.0176944,52.13685,69.98274,100.60392,2.216054,1.635279,1.3009601,0.9988769,0.14067252,16.805326,0.3776672,3.4423747e-06,0.0010871876,0.010512234,0.00030953865
1855,0.15648751,0.24442166090011597,0.24543119966983795,0.0,0.53986454,0.82776326,0.05956826,99.326164,697.87085,152.92026,3.2285118,1.15059,2.347554,0.9997546,0.18100946,27.782736,0.2607263,1.3240647e-07,1.8213716e-06,0.0077589345,3.1841893e-08
1856,0.155016,0.2419390082359314,0.24333009123802185,0.0,0.55480087,0.9038356,0.05721237,99.06085,697.92346,151.65437,3.259747,1.2362003,2.2009516,0.9997362,0.19601367,79.31213,0.83759016,1.5269688e-07,9.2051647e-07,0.0075735394,1.3691313e-07
1857,0.15580893,0.2492634505033493,0.22597476840019226,0.0,-0.0072757243,0.38405538,0.018886372,99.325325,106.28973,143.54568,4.0326877,1.7390094,0.899161,0.9997902,0.13400714,62.05211,0.63556206,6.369147e-08,0.005162327,0.011378973,8.130608e-05
1858,0.15616047,0.23546381294727325,0.21731269359588623,0.0,-0.007344885,0.4157069,0.020157253,99.760666,14.416258,150.00186,3.4442136,2.5076885,0.36154693,0.99998844,0.11399373,44.16475,0.40458444,6.4646315e-07,0.00016172547,0.011518657,5.274987e-05
1859,0.15413563,0.24291075766086578,0.22082404792308807,0.0,-0.009696798,7.270527e-05,0.09635558,99.41679,237.80551,138.10907,5.696567,2.9159007,0.030332396,0.9994087,0.012697107,123.50604,0.12301753,7.018422e-07,0.0005531786,0.14049841,0.012585342
1860,0.1586692,0.22978170216083527,0.22813637554645538,0.0,0.84641,1.0839463,0.07905234,97.983475,666.8579,149.45364,3.3987815,2.3019762,1.3542913,0.9982182,0.16085391,25.653038,0.023901014,1.2665142e-05,2.0119154e-05,0.007348762,5.3005687e-07
1861,0.1565238,0.24232842028141022,0.23441027104854584,0.0,-0.007377381,0.4244946,0.016882023,99.41249,122.07971,146.50739,3.6637175,1.8540047,0.99763614,0.99993235,0.14194265,153.43207,0.2709644,4.2933674e-08,0.004393993,0.011132514,0.0001171736
1862,0.15622063,0.254180371761322,0.2197096198797226,0.0,-0.005592015,0.3616485,0.020062441,99.05599,53.16552,142.55539,4.251007,2.0691562,0.61371624,0.999969,0.11172537,59.83765,0.30329838,1.0169389e-06,0.00026418144,0.012911779,0.000749241
1863,0.15485798,0.2385803461074829,0.23712286353111267,0.0,0.67351043,0.94888365,0.06960226,99.91156,695.3302,154.26567,3.2315867,2.4866061,0.8695664,0.9999647,0.16735546,74.14341,0.9388729,2.9505804e-07,5.1959233e-07,0.008172899,5.4713714e-09
1864,0.15517442,0.2398485541343689,0.239702969789505,0.0,0.5411412,0.757673,0.0662595,92.656975,695.7962,146.30809,3.0766432,1.1471182,2.3147202,0.99830145,0.163277,47.96045,0.63977927,3.1215393e-06,1.0154747e-05,0.007862321,5.814859e-07
1865,0.15474994,0.2349085956811905,0.2214702069759369,0.0,-0.0074100224,0.41657528,0.017543916,99.67448,119.86541,146.54062,3.477145,1.5598938,1.1742579,0.9999661,0.13470745,73.74542,0.111405134,3.002425e-07,0.0022266542,0.010496269,0.00019384403
1866,0.1551345,0.2412211149930954,0.23526471853256226,0.0,-0.007500744,0.4434932,0.017186819,99.6175,120.92114,149.4369,3.3243594,2.278574,0.745169,0.9998394,0.16154045,173.09459,0.5763248,6.65952e-08,0.005129017,0.010228948,4.632593e-05
1867,0.15460643,0.22938840091228485,0.23479001224040985,0.0,0.5161436,0.6479326,0.077703685,87.34479,516.2078,136.26923,3.362739,3.473725,0.040108796,0.9914035,1.4330608e-05,66.706085,0.24901298,0.00701311,4.71537e-06,0.7358274,0.46439087
1868,0.15773822,0.24667216837406158,0.225877046585083,0.0,-0.0074754516,0.4008777,0.017627737,99.602425,32.554752,145.46342,3.5457294,2.4206166,0.54437464,0.9999298,0.14273341,61.74418,0.45952922,5.1357387e-07,0.00020661009,0.010517566,0.0004141506
1869,0.16040164,0.2437102496623993,0.21973171830177307,0.0,-0.0074032033,0.38885453,0.017809493,99.86888,25.826805,142.0213,3.9268217,2.013852,0.87295765,0.9998465,0.12632371,107.16849,0.77208257,2.9520604e-07,0.0065274485,0.010936065,7.139234e-05
1870,0.15406342,0.26300978660583496,0.2490435242652893,0.0,-0.007210918,0.40232554,0.017745564,97.25531,116.81296,142.27298,3.7290685,1.9636512,0.8674549,0.9997962,0.11830576,110.04395,0.28355208,5.4828075e-07,0.004365782,0.01191789,0.00048939633
1871,0.15499337,0.23844082653522491,0.24227909743785858,0.0,0.5116779,0.7877205,0.061148454,98.109146,695.77466,153.50871,3.029472,1.9887383,1.4488801,0.999304,0.16984962,120.30906,0.70098776,1.2500242e-07,1.026284e-05,0.007808681,2.2739052e-08
1872,0.15268777,0.2536162734031677,0.22602155804634094,0.0,-0.007495615,0.35464025,0.019899106,99.68603,80.19999,139.97653,4.513266,2.2300081,0.48513314,0.99990785,0.1259517,135.78334,0.5173075,4.854325e-07,0.006371655,0.012111841,0.00024991634
1873,0.1531282,0.2273886501789093,0.21849699318408966,0.0,-0.0075090765,0.42338464,0.016908681,68.511955,90.01416,115.43004,2.6435952,1.8449445,1.0821887,0.99973774,0.13868539,75.64897,0.19102374,1.7457197e-07,0.004021287,0.0102947,0.00025729358
1874,0.15415744,0.22403407096862793,0.22273573279380798,0.0,0.54489744,0.82236767,0.060370628,99.08964,692.5564,153.38742,3.2491646,2.879072,0.66143435,0.997831,0.1741166,176.33626,0.25047114,3.4808087e-07,7.864323e-06,0.007991088,1.989939e-07
1875,0.15632173,0.2440190613269806,0.2423076629638672,0.0,0.54335696,0.7746818,0.05948733,92.72249,682.69946,143.64865,3.2756207,2.5834305,0.8217886,0.99637985,0.18388464,21.946972,0.1256358,3.8588664e-06,4.3597233e-06,0.007815384,2.7441396e-07
1876,0.15705906,0.25535696744918823,0.23675434291362762,0.0,-0.00745858,0.4209931,0.018671371,97.184006,23.043047,144.07051,3.186083,1.8643024,1.1873069,0.99940884,0.15212213,13.811537,0.022758892,1.1503297e-06,0.0006357154,0.009626948,0.00035655804
1877,0.15417153,0.25340428948402405,0.25463560223579407,0.0,0.5120309,0.78378713,0.058436926,94.40833,697.5373,146.5413,3.2416396,1.0979253,2.4489615,0.9999983,0.16756539,20.93636,0.02346586,1.4146892e-06,2.6961368e-07,0.007555713,6.243651e-08
1878,0.15991987,0.2559545040130615,0.23609213531017303,0.0,-0.0067745647,0.40090927,0.019295614,97.26922,34.24722,143.23657,3.7003736,2.5906513,0.40393218,0.9976019,0.11628599,63.676548,0.63882077,4.1770336e-06,0.0026367663,0.011518474,2.2996162e-05
1879,0.15875977,0.25113439559936523,0.22762557864189148,0.0,-0.0073210644,0.3910722,0.017732944,98.477196,117.86575,144.1383,3.8477025,2.604845,0.35567588,0.99996316,0.14029974,90.220795,0.4659939,4.915443e-07,0.002577496,0.011164435,0.00043850852
1880,0.16066395,0.2476455122232437,0.22920234501361847,0.0,-0.0075100353,0.40709406,0.020328995,83.141815,64.828156,130.91545,2.8255117,2.4132128,0.33303332,0.99729824,0.114650674,16.604448,0.034201093,6.658682e-07,0.0020099352,0.010344055,0.00010848239
1881,0.15573716,0.23097966611385345,0.22953996062278748,0.0,0.7426858,1.0082153,0.066989444,98.80835,699.12866,148.83524,3.4788136,2.4806838,1.1273743,0.9997304,0.15182726,48.68771,0.45144272,5.997949e-07,1.4665046e-06,0.0076456037,3.460749e-08
1882,0.15535143,0.2279023826122284,0.2288908064365387,0.0,0.5114617,0.7684114,0.058553632,98.63185,699.58014,150.52042,3.331932,2.0356405,1.5724869,0.99965817,0.18674213,142.93437,0.5874645,9.497964e-08,1.4735895e-06,0.00757059,1.0439919e-07
1883,0.15576677,0.24239423871040344,0.24689039587974548,0.0,0.51171327,0.8314149,0.06249015,98.19702,697.4713,154.39178,2.8812504,1.2259556,2.1756155,0.99971044,0.16860896,43.942226,0.35295454,6.0758896e-07,4.1877794e-08,0.0075941477,4.283919e-09
1884,0.16313481,0.24794474244117737,0.24606865644454956,0.0,0.5408492,0.7763694,0.057661418,96.60116,682.59753,146.82921,3.510211,1.1759765,2.4090655,0.99968255,0.18359508,22.23536,0.20407373,1.3872993e-06,3.4428335e-06,0.0074850004,1.7996803e-07
1885,0.15592685,0.23795433342456818,0.24077056348323822,0.0,0.53946793,0.84245074,0.060318958,97.845375,697.73285,151.31866,3.1739583,2.123427,1.5490445,0.99950814,0.18766278,23.459463,0.17965679,5.4279008e-06,9.169679e-06,0.0076574874,3.204828e-07
1886,0.15744205,0.23663949966430664,0.23984067142009735,0.0,0.5393535,0.81471604,0.06135324,98.99247,697.5204,153.69766,3.087823,2.5904098,1.0447855,0.99974805,0.16958849,119.845634,0.5942271,2.3039419e-07,6.5504146e-08,0.007693171,3.2606295e-08
1887,0.15713958,0.2441088706254959,0.23821893334388733,0.0,-0.0066443393,0.4491998,0.019440284,96.991615,105.694534,148.6463,3.1082044,2.178381,0.47967777,0.981161,0.18344474,9.508253,0.015549278,6.5630848e-06,0.0004397968,0.010082036,2.8222305e-05
1888,0.15428656,0.23207858204841614,0.2323881834745407,0.0,0.08940878,0.63882613,0.032521337,99.6685,697.23737,161.8524,3.0588288,2.3776424,1.0899248,0.9998565,0.18532945,117.33894,0.5643467,1.18196425e-07,1.6566506e-06,0.008771963,4.415858e-09
1889,0.15575573,0.24993090331554413,0.23894202709197998,0.0,-0.007513688,0.41287643,0.018986013,96.582436,110.92458,142.1247,3.4778807,2.1035259,0.7356145,0.9981458,0.1347572,94.90934,0.27641279,7.205554e-07,0.006641097,0.010465292,3.1075112e-06
1890,0.15847602,0.24388530850410461,0.21318182349205017,0.0,-0.0070830225,0.34208176,0.021250473,99.212204,44.138233,138.18236,4.5202374,2.8495386,0.059743505,0.9999629,0.012460913,141.2455,0.41022253,1.6840035e-07,0.000100575795,0.11962558,0.0104472
1891,0.16041157,0.2544688880443573,0.2300284206867218,0.0,-0.0071204845,0.39716747,0.017849848,99.77734,117.515816,143.19633,4.0401525,2.1214414,0.909043,0.9993497,0.12687267,91.161415,0.81614107,4.2937014e-08,0.0057647703,0.010894038,0.00010689896
1892,0.15899245,0.2402292639017105,0.24194934964179993,0.0,0.5395924,0.83579594,0.055329032,99.60498,699.6658,151.14105,3.4238734,2.3169668,1.2921537,0.99966645,0.18652593,85.67619,0.4238258,5.016423e-07,5.0475014e-06,0.007426245,1.7327002e-07
1893,0.15701154,0.23969580233097076,0.23851557075977325,0.0,0.5401808,0.78443736,0.059925277,98.48928,699.1338,150.86638,3.410066,2.3624759,1.1240712,0.9998276,0.23750962,60.480545,0.076769136,2.8227782e-07,5.4908346e-06,0.007848682,1.19020655e-07
1894,0.15734524,0.2254524976015091,0.22116124629974365,0.0,0.67264146,0.9225383,0.066785306,94.18564,699.7468,144.48177,3.4915247,3.4453373,0.0677972,0.999671,0.007930719,115.11684,0.714924,1.1785912e-06,6.7855734e-07,0.18293293,4.4374033e-06
1895,0.15355456,0.24908457696437836,0.2515363097190857,0.0,0.5403733,0.83921015,0.06148233,98.0585,698.877,151.63824,3.226652,2.3242898,1.2194353,0.9998562,0.21461259,146.08249,0.5420194,7.449934e-08,2.537804e-06,0.0075743604,5.4789293e-09
1896,0.15694065,0.25935623049736023,0.2610833942890167,0.0,0.74529845,1.0893389,0.06472472,99.092094,699.91095,152.52542,3.1427248,2.061004,1.5901595,0.9999538,0.1801039,132.20511,0.65299934,6.620365e-08,3.4885892e-07,0.007375157,1.2772409e-08
1897,0.156073,0.22156213223934174,0.22303329408168793,0.0,0.5443141,0.82213557,0.064859845,99.96486,694.47473,154.30339,3.1099777,0.6704208,2.7776818,0.9987396,0.1862262,41.933155,0.30488798,9.697105e-08,3.124707e-06,0.0075974087,1.8945244e-07
1898,0.15311639,0.2512682378292084,0.23108689486980438,0.0,-0.010285838,0.056720335,0.07825443,99.73423,291.62585,138.72418,5.665234,1.8094639,0.98042977,0.99955523,0.16466352,72.77596,0.7421306,3.473106e-06,0.023353025,0.012497482,0.00021644271
1899,0.15111995,0.24851658940315247,0.2425059974193573,0.0,-0.0060605183,0.4258017,0.01695973,74.48755,87.3262,118.94991,3.0775492,2.5447586,0.40591288,0.9988385,0.14468233,16.516602,0.11974446,2.476756e-06,0.007950612,0.010646992,2.0126694e-05
1900,0.15489121,0.22304938733577728,0.21807242929935455,0.0,0.67440426,0.86337364,0.0701966,88.49703,686.6986,138.95557,3.3885195,0.9747627,2.4249108,0.99094075,0.21388783,17.346376,0.020377787,1.3266471e-06,2.6517328e-06,0.007629563,5.4597695e-07
1901,0.15796031,0.23796673119068146,0.21629966795444489,0.0,-0.0072496696,0.4084111,0.017545631,99.85064,61.405777,147.21637,3.674444,2.3080897,0.56316346,0.999866,0.13165326,138.34486,0.7555555,2.0122359e-08,0.00080924726,0.011377481,0.00020473204
1902,0.15800226,0.2507238984107971,0.24142222106456757,0.0,-0.0058039143,0.42193532,0.019821633,94.31509,74.70982,141.65388,3.3432176,2.4851828,0.36017364,0.99873877,0.1589941,12.346613,0.02270583,7.351226e-07,0.004858516,0.010409782,6.5313936e-05
1903,0.1595466,0.24575401842594147,0.23137901723384857,0.0,-0.0074796937,0.43935648,0.019603292,94.35836,114.32909,147.58293,3.0731843,1.6391934,1.3268439,0.9988718,0.15138522,16.032444,0.17427963,1.4498561e-06,2.923838e-05,0.0100814,4.1817652e-06
1904,0.1558824,0.2563551068305969,0.24470199644565582,0.0,-0.0067947744,0.40935907,0.017817905,84.32069,52.47839,128.83049,2.9768407,2.002563,0.8063023,0.9920342,0.12729059,17.195427,0.69440484,6.2626273e-06,0.004789727,0.010518281,0.00034077713
1905,0.15355884,0.22868198156356812,0.2305690497159958,0.0,0.5403491,0.80146974,0.063119724,92.802345,687.4604,149.05725,2.880073,2.0211225,1.1695186,0.99952567,0.16519457,23.474522,0.15828833,1.5664473e-06,4.0477485e-06,0.00804794,1.0381135e-06
1906,0.15455833,0.24348890781402588,0.22632253170013428,0.0,-0.00751296,0.40245456,0.01710795,99.741425,119.79359,143.87349,3.9293435,2.1559758,0.78824466,0.9998088,0.14662053,106.93659,0.66653484,3.5525694e-08,0.0061615566,0.011263083,0.0003206738
1907,0.14985846,0.23674975335597992,0.2404823899269104,0.0,0.5397439,0.85329825,0.059354667,98.64723,698.52856,153.54298,2.990219,2.7862248,0.8329109,0.99993384,0.18527324,42.118206,0.79246527,6.57331e-07,3.6740162e-06,0.007346281,1.7717511e-07
1908,0.15797782,0.24768973886966705,0.2244815081357956,0.0,-0.0075071347,0.40723693,0.017558172,99.90988,76.48874,144.1157,3.918399,2.0188766,0.8662198,0.9998554,0.14950922,81.52592,0.91724455,6.4476154e-07,0.00380702,0.01103026,0.0001753701
1909,0.15325694,0.24039827287197113,0.22403089702129364,0.0,-0.0057391524,0.4042632,0.017359648,99.14841,96.84443,144.43843,3.748559,2.1817951,0.5476981,0.9999146,0.12363644,128.59138,0.20892626,4.7058026e-07,0.004271113,0.011301906,0.00011918578
1910,0.16074866,0.2469460517168045,0.24473176896572113,0.0,0.5403532,0.73244023,0.068697535,85.958466,695.42694,138.22198,3.194096,2.9530363,0.8611949,0.99834716,0.17696384,22.040937,0.38120672,1.0193194e-06,5.978267e-06,0.007754642,1.253065e-07
1911,0.15415017,0.23128342628479004,0.21978214383125305,0.0,-0.009244997,6.1165656e-07,0.09582719,99.99909,209.99065,138.2806,5.770884,2.7012997,0.02534452,0.9999884,0.15129551,134.82884,0.11336041,7.290064e-08,0.009493457,0.013027729,0.0010565016
1912,0.15413435,0.2545066177845001,0.2261185199022293,0.0,-0.007479392,0.34339947,0.021586545,99.712395,92.31312,138.15637,4.433674,1.7263455,1.1632532,0.9999684,0.13067129,53.82125,0.56070197,1.1834466e-07,0.0005760244,0.010676964,0.0009394567
1913,0.15484352,0.23196081817150116,0.23627950251102448,0.0,0.51195544,0.8536393,0.051510375,95.23314,695.4991,147.29332,3.2169757,1.5207721,2.0191376,0.99891585,0.19557486,23.15637,0.13001968,2.5086883e-06,3.0910496e-06,0.007462791,1.65362e-07
1914,0.15402143,0.23618333041667938,0.23752617835998535,0.0,0.511955,0.76019746,0.061757598,97.877754,696.828,152.44325,3.1582484,3.439155,0.11371906,0.9995736,0.17013672,198.9667,0.24301982,6.59224e-07,3.4742832e-06,0.0077014547,1.7490709e-07
1915,0.15772454,0.23175227642059326,0.22110863029956818,0.0,-0.006314126,0.42605767,0.017384544,94.50558,114.34717,143.10823,3.3691113,2.3200006,0.5074948,0.99812317,0.14063549,146.77261,0.47140306,6.5407966e-07,0.0012544922,0.010796847,0.0002349509
1916,0.15626675,0.23759935796260834,0.22376932203769684,0.0,-0.0073918058,0.40081707,0.017627662,99.55942,35.06449,143.46823,3.913986,2.6093318,0.30030185,0.99992096,0.144338,76.12033,0.92812747,8.2456256e-07,0.008278675,0.011525511,0.0001598902
1917,0.1560598,0.24696828424930573,0.2404986023902893,0.0,-0.0067594065,0.41861305,0.0172541,66.85298,174.0069,117.40023,2.7090867,1.2565546,1.5682966,0.998576,0.12728788,17.380047,0.5724869,8.175021e-06,0.008081138,0.01109321,3.8790102e-05
1918,0.1564748,0.23897762596607208,0.22217406332492828,0.0,-0.0103783,0.088781305,0.07652738,99.69589,238.8673,139.5334,5.402104,2.0611415,0.8646141,0.9996826,0.1428695,82.03323,0.2774512,2.8573146e-07,0.005018452,0.0118543105,0.001000492
1919,0.15530007,0.24856755137443542,0.24610811471939087,0.0,0.91280776,1.2209722,0.081685096,95.39951,699.7389,145.77156,3.2846196,3.0109172,0.58783484,0.9994975,0.17496651,117.1277,0.45894733,2.2125862e-07,4.0863614e-07,0.0072870343,1.1602436e-07
1920,0.15921722,0.24417650699615479,0.2452237755060196,0.0,0.53974736,0.85074073,0.05647091,99.72266,699.63995,152.16338,3.4063156,2.115169,1.5922744,0.9999658,0.1620737,114.09896,0.80660623,3.1592524e-08,1.6550437e-07,0.0074577625,7.27028e-09
1921,0.15834686,0.2506728172302246,0.23564736545085907,0.0,-0.005835145,0.41409037,0.019877387,99.6802,45.027756,152.16206,3.3022301,2.4669979,0.24366643,0.9997484,0.12035895,39.37532,0.202073,6.17442e-08,0.0016651715,0.012125798,3.1399275e-05
1922,0.15530951,0.22731822729110718,0.2253987193107605,0.0,-0.005867852,0.5227654,0.036783963,99.93787,121.35466,153.38805,3.1558754,2.247946,1.0492083,0.99970067,0.20332265,125.78233,0.6133743,9.587243e-07,2.2791698e-06,0.008727995,1.503479e-07
1923,0.1553235,0.24470604956150055,0.22217872738838196,0.0,-0.007360812,0.35260746,0.018594176,99.72179,104.78693,137.80435,4.8353086,2.251779,0.8065976,0.9998415,0.12682739,94.14026,0.90357816,4.4551032e-07,0.0073837447,0.011266906,0.00045690546
1924,0.15241174,0.2456173449754715,0.23928815126419067,0.0,-0.0074904296,0.41048416,0.017566223,99.35768,275.76474,147.47133,3.5945196,1.558495,1.5251718,0.9999711,0.15192042,43.69276,0.36903605,2.1717214e-07,0.0045569744,0.009551029,0.0004785775
1925,0.16119364,0.23771844804286957,0.22006717324256897,0.0,1.0025287,1.3463258,0.07666735,70.9563,691.0443,120.89007,2.762808,2.484223,1.0555066,0.99878204,0.17843778,47.16474,0.6851681,8.449868e-07,2.4345954e-06,0.0078678485,5.134136e-07
1926,0.15864104,0.23927432298660278,0.23644837737083435,0.0,0.6712762,0.9015136,0.064199366,97.95292,698.99915,147.18835,3.6501415,2.1303043,1.5005685,0.99998283,0.16586755,188.2976,0.20957331,8.264652e-07,4.522941e-07,0.0076512215,3.4169187e-08
1927,0.15711688,0.2557419240474701,0.2308499664068222,0.0,-0.010278308,0.09714152,0.068384014,98.68245,241.51308,137.21803,5.869974,2.6243472,0.31963697,0.9993666,0.1635499,86.32572,0.68997866,1.1209345e-06,0.0031607596,0.012215762,0.0014561805
1928,0.15536705,0.22747178375720978,0.22710274159908295,0.0,0.6719389,0.9332199,0.06557785,99.660446,699.14124,151.8664,3.274048,1.649114,1.9933972,0.99969864,0.1658325,154.58247,0.16913722,7.012519e-10,6.487049e-07,0.007379902,1.6596571e-08
1929,0.15228482,0.24147817492485046,0.22537048161029816,0.0,-0.007324327,0.40739706,0.01731333,98.465454,81.41712,142.5563,3.6090603,2.3434572,0.4906118,0.9997287,0.12615539,128.85529,0.29845503,1.4222236e-07,0.006657713,0.011122615,0.00010348055
1930,0.15522203,0.23240229487419128,0.21349403262138367,0.0,-0.0072932653,0.39721507,0.019697657,99.103455,44.397038,145.17557,3.6944797,1.8848013,0.8844749,0.998782,0.14153084,134.35823,0.4823924,9.234687e-07,0.001391491,0.011715785,0.00022516375
1931,0.15512376,0.23674316704273224,0.23668807744979858,0.0,0.67121524,0.902337,0.07389555,99.1202,698.7148,152.55583,3.188998,2.3530548,1.2544563,0.99979883,0.18081373,96.71188,0.74491394,6.737948e-07,2.1829626e-06,0.007557931,2.7628644e-08
1932,0.15488927,0.24116018414497375,0.2108398824930191,0.0,-0.0074449796,0.3722588,0.018368123,99.76472,19.686802,142.44304,4.079421,1.6624994,1.2032999,0.99950325,0.121252686,182.6857,0.6577483,5.941578e-07,0.0022430636,0.011286396,0.00044984234
1933,0.15361524,0.24147067964076996,0.21780309081077576,0.0,-0.0067870305,0.4003926,0.019682514,98.94896,52.907047,145.59769,3.5370176,2.0315735,0.6554863,0.9983378,0.116581954,17.748466,0.88191104,7.4175495e-07,0.0018166929,0.011299294,4.846501e-05
1934,0.15238446,0.2242821604013443,0.22478416562080383,0.0,0.5393932,0.7938696,0.060360793,99.69699,699.38855,151.98502,3.292391,1.7920762,1.5492069,0.9999558,0.17295215,24.866568,0.5648902,5.078897e-07,2.451362e-07,0.007682195,7.061373e-08
1935,0.15501289,0.230660542845726,0.20779196918010712,0.0,0.08462733,0.41787517,0.027606133,92.62446,27.13265,139.94238,3.3418334,2.174185,0.6779443,0.9999988,0.13569747,32.901882,0.57580626,3.2129055e-08,0.00023688185,0.01050041,9.060103e-05
1936,0.15588737,0.23605796694755554,0.23415467143058777,0.0,-0.0061377445,0.4370207,0.061194416,99.72301,446.32373,161.3199,3.109728,2.6897938,0.51609784,0.99898,0.17473033,75.137085,0.5131092,1.5080326e-06,2.8460897e-06,0.009289045,9.440976e-08
1937,0.15690197,0.24307747185230255,0.24225836992263794,0.0,0.089084685,0.6129901,0.03140605,99.88603,670.4874,159.58337,3.1450722,2.4153187,1.0382334,0.99987906,0.20523475,92.47228,0.70520324,1.7764617e-06,9.781402e-08,0.00865988,1.3129242e-07
1938,0.15541293,0.23223456740379333,0.23169349133968353,0.0,-0.0054566627,0.55060375,0.03567246,99.916504,407.05475,161.93526,2.9793484,2.514346,0.7191068,0.9996918,0.19225164,67.847,0.8098033,1.9791773e-06,2.2315799e-06,0.008818901,2.0137962e-08
1939,0.15530647,0.23384107649326324,0.23311446607112885,0.0,0.5396614,0.7586136,0.06577863,99.97459,693.39496,153.55055,3.2807667,1.6245012,1.9191179,0.99911195,0.15732609,109.58847,0.34364995,6.976773e-07,4.7992194e-07,0.007856854,4.235615e-08
1940,0.15271622,0.2388715296983719,0.2232552319765091,0.0,-0.007468069,0.4052302,0.017582307,99.970024,56.635517,146.98335,3.542343,2.2738209,0.6255817,0.9999996,0.12627126,42.136185,0.73872775,1.4740543e-07,0.0049022385,0.011271606,0.00011929751
1941,0.15410589,0.22898562252521515,0.23114757239818573,0.0,0.54130656,0.8188554,0.06149788,79.94951,683.0075,134.77371,2.6397316,2.0486982,1.3887908,0.99882144,0.21385401,16.536978,0.023157936,3.0081958e-06,4.5102047e-06,0.0076347734,4.049033e-08
1942,0.15320347,0.22652080655097961,0.230251744389534,0.0,0.51175565,0.81524646,0.053077113,69.69724,697.86975,123.494255,2.5397754,2.3308728,1.115128,0.99980116,0.20245795,28.633255,0.113460355,1.05923355e-07,1.318848e-06,0.0077903825,6.1906796e-08
1943,0.15656026,0.24230310320854187,0.243490532040596,0.0,0.5429244,0.85992676,0.06052305,80.70171,650.93195,135.10483,2.8053916,1.8908271,1.7237432,0.99834305,0.17361324,24.652689,0.79236126,9.22016e-06,1.6393543e-06,0.0076751765,1.7510978e-06
1944,0.15872224,0.2378183752298355,0.22276504337787628,0.0,-0.0073496415,0.40115353,0.017621411,97.528595,115.3563,142.04126,3.8298824,2.35737,0.49185985,0.99992126,0.12542656,134.7579,0.580922,2.7123303e-07,0.004964388,0.011491485,0.00023761483
1945,0.1522809,0.2306465059518814,0.21207062900066376,0.0,-0.007447861,0.40887323,0.0195909,99.13729,120.31565,148.47864,3.5459752,2.0602639,0.5535532,0.9998845,0.13021618,41.921776,0.5440265,3.9614365e-09,0.003544895,0.011989905,5.52514e-05
1946,0.15961803,0.2439507395029068,0.2384786605834961,0.0,-0.0074163573,0.44798517,0.018784499,62.25887,83.49431,118.40258,2.110123,2.0056174,0.9409861,0.9997941,0.15196545,90.459305,0.27949053,2.0040063e-07,0.00028213384,0.010006149,4.2150946e-06
1947,0.15693286,0.2391124665737152,0.23742201924324036,0.0,0.674531,0.89133304,0.07168088,99.81115,699.6897,151.55963,3.400849,2.6722264,0.9069422,0.9999452,0.19385312,146.8907,0.8619131,5.635867e-08,1.7629947e-07,0.0076650614,2.2901446e-08
1948,0.15581763,0.23019936680793762,0.22730416059494019,0.0,-0.0063969097,0.5635687,0.027619565,99.96466,306.4195,160.20686,3.041439,2.8383827,0.49219933,0.9989105,0.251169,15.423523,0.14999098,4.626656e-06,5.2643422e-06,0.008633952,2.707369e-07
1949,0.15466644,0.23409602046012878,0.22813108563423157,0.0,-0.007219981,0.47710997,0.044687964,95.64781,356.97668,154.98085,3.2559476,1.0377371,1.4341457,0.996032,0.16501419,14.779643,0.036227003,2.2855984e-06,0.00014134031,0.009911139,4.4614993e-08
1950,0.15561748,0.23861932754516602,0.24039499461650848,0.0,0.5115928,0.7933905,0.05952221,99.92143,699.226,153.6659,3.2769585,1.0080918,2.4597833,0.99993974,0.18287978,53.97004,0.54601127,1.9139698e-07,7.2308364e-07,0.0076083695,5.7362968e-09
1951,0.14972655,0.24573345482349396,0.2333391308784485,0.0,-0.0072992584,0.39004585,0.017546048,99.8777,121.31072,142.31973,4.0749164,2.6200438,0.27733484,0.9999263,0.11672874,152.81639,0.36769238,1.5256498e-07,0.009740291,0.01261929,0.00027035584
1952,0.15288754,0.22532309591770172,0.2292894721031189,0.0,0.5418262,0.86880845,0.060622443,99.22778,698.0669,155.8597,2.9064,2.2386389,1.1661928,0.9992477,0.19720815,88.41306,0.70248526,2.411384e-07,1.9176443e-06,0.0075664567,5.0284445e-08
1953,0.15758775,0.24066634476184845,0.23578886687755585,0.0,-0.0074670403,0.45030436,0.017115816,96.17756,115.93814,145.42882,3.3419845,1.7633626,1.1092486,0.99997807,0.13898969,70.040504,0.42729726,3.4163781e-07,0.0011235946,0.010620359,0.0002879145
1954,0.1566569,0.24410776793956757,0.23491635918617249,0.0,-0.007442927,0.4298409,0.017322924,99.71724,120.82289,149.833,3.3698783,1.6170586,1.1535008,0.99904084,0.14879797,140.9724,0.6875392,6.433506e-08,0.0006737087,0.01089981,0.00022513034
1955,0.15778534,0.24710869789123535,0.23401157557964325,0.0,-0.007297578,0.42601284,0.017378714,77.15176,10.7060175,126.46932,2.8489995,2.1254394,0.7938963,0.99984527,0.12135373,17.994148,0.63602203,1.6559086e-06,0.0026007735,0.011459019,7.420787e-05
1956,0.15698022,0.2362564653158188,0.2306264042854309,0.0,-0.0074256468,0.42647028,0.016878368,99.93395,208.18884,149.02507,3.640865,2.4767904,0.668459,0.99993765,0.14264219,14.0597,0.02408065,3.2482728e-07,0.0013343988,0.010226061,0.0005442919
1957,0.15678936,0.25561273097991943,0.22575336694717407,0.0,-0.006549383,0.35355663,0.020196695,99.38576,107.637596,138.00238,4.456977,2.4458675,0.8333467,0.9999771,0.113517664,85.36335,0.8444014,8.936627e-07,0.0015958055,0.01074749,0.00078974804
1958,0.15666865,0.24466505646705627,0.2323024719953537,0.0,-0.0073317504,0.42569497,0.017119996,94.21853,114.03738,143.39543,3.257805,2.2229435,0.6801876,0.9992911,0.14142148,16.820068,0.35834214,9.855713e-07,0.0039058365,0.010537835,7.667054e-05
1959,0.15296002,0.24380992352962494,0.2115197330713272,0.0,-0.0072307494,0.34993926,0.021608425,99.44218,68.98738,139.32726,4.340293,2.4258282,0.4630807,0.99972004,0.1041669,148.43791,0.7979929,4.2408794e-07,0.0050669303,0.0115505345,0.00031206183
1960,0.15501069,0.23814477026462555,0.2392619252204895,0.0,0.5393443,0.815242,0.061943952,84.77264,694.01465,138.46326,2.9730268,2.141323,1.503418,0.9984036,0.18358968,19.02663,0.021590812,6.9753987e-06,2.1923333e-05,0.0077189957,1.0532261e-07
1961,0.1538782,0.24375107884407043,0.24289025366306305,0.0,0.54060555,0.794993,0.063339986,97.676216,695.1923,150.3377,3.2430036,2.0101204,1.3832122,0.99910474,0.16040364,50.14558,0.1414996,9.819007e-07,6.6401384e-07,0.008061558,9.816231e-08
1962,0.15086979,0.24078212678432465,0.23650412261486053,0.0,-0.0072761173,0.45212826,0.017126715,51.186172,73.01706,105.260826,1.9850795,1.6698514,0.9853228,0.99958897,0.15963024,79.220894,0.72266626,1.5835883e-07,0.0004303384,0.011138217,0.00019072976
1963,0.15390462,0.24487978219985962,0.24415619671344757,0.0,0.543149,0.7871198,0.06441281,88.8357,699.0528,141.96208,3.19738,1.554358,2.174663,0.99830884,0.18616724,74.00148,0.44247887,7.3520135e-07,3.4249845e-07,0.008006333,1.3928859e-07
1964,0.15606105,0.25006696581840515,0.2296951860189438,0.0,-0.0099189645,0.027498564,0.09019854,99.95036,220.95363,140.14809,5.6041465,1.989785,0.7257481,0.99977523,0.14387667,52.56542,0.34062144,4.6380345e-07,0.0028271752,0.012404762,0.0013349119
1965,0.155732,0.2235816866159439,0.21828661859035492,0.0,0.5396585,0.7350207,0.064091854,95.19589,698.4457,145.29266,3.538944,2.3425016,1.2625133,0.9995241,0.19454916,28.682753,0.56603277,1.3255005e-06,2.9274986e-07,0.008012586,8.630475e-08
1966,0.15741967,0.220964714884758,0.21798336505889893,0.0,0.5442024,0.77549577,0.06390766,99.677986,692.27313,152.00777,3.4357889,2.1489365,1.279743,0.99911237,0.19794424,125.50066,0.7564067,1.2652424e-06,4.404353e-06,0.008046014,2.3201498e-08
1967,0.15386507,0.23867157101631165,0.22362791001796722,0.0,-0.0074262493,0.4282847,0.017376725,90.79557,111.781105,139.95004,3.1466835,2.0463228,0.81993234,0.999779,0.15279987,105.16511,0.47112694,2.1654623e-07,0.00078736653,0.010432868,0.00025995294
1968,0.15900992,0.2467649281024933,0.22689230740070343,0.0,-0.007293102,0.42332006,0.017422637,99.943306,111.06308,148.5285,3.4673555,1.9125016,0.943033,0.9998826,0.13721766,61.110725,0.8331999,5.3829577e-08,0.0018683913,0.010640296,5.1517516e-05
1969,0.1547105,0.24159257113933563,0.24557286500930786,0.0,0.5395118,0.8453244,0.059289586,98.408264,699.96545,152.00592,3.1022315,2.0858164,1.3383943,0.9999938,0.18782546,118.28876,0.60140944,1.02852255e-07,8.9214336e-07,0.0075381272,4.0452726e-08
1970,0.1563521,0.23493778705596924,0.2068910449743271,0.0,-0.007451615,0.36109903,0.018035129,99.993515,50.54013,139.7519,4.6842394,3.0637813,0.04459046,0.99989146,0.12861504,144.08885,0.47699308,6.210667e-08,0.008284512,0.011564509,0.00014376991
1971,0.15555927,0.2394113689661026,0.22362463176250458,0.0,-0.006355485,0.40953046,0.017280342,96.44283,68.843765,144.06345,3.3477862,2.9279916,0.3430082,0.995257,0.14207107,16.38758,0.45124313,8.470629e-06,0.0030507296,0.010267363,0.00013731918
1972,0.15556762,0.2426745742559433,0.2194184809923172,0.0,-0.006514077,0.3865072,0.017793931,99.83707,85.74061,144.11327,4.1958365,2.460234,0.17792961,0.9995121,0.121214375,84.487404,0.9765595,7.824222e-08,0.0026448458,0.012041671,0.000243361
1973,0.15550353,0.25301414728164673,0.23992978036403656,0.0,-0.009189654,7.409904e-05,0.097026125,99.99333,198.80617,139.34084,5.6404653,2.761619,0.19486524,0.9996867,0.14775737,156.77159,0.8140453,9.382542e-07,0.012335982,0.012522035,0.0005611235
1974,0.15180501,0.22441627085208893,0.22857141494750977,0.0,0.5552855,0.9227259,0.062135927,99.916885,698.2724,156.61206,3.0105608,1.9083557,1.5462171,0.9993846,0.17433369,24.686817,0.11069438,2.3487586e-07,4.644774e-06,0.0075578676,1.4400158e-07
1975,0.15505554,0.24914178252220154,0.24928301572799683,0.0,0.6712117,1.0070399,0.06230925,99.903015,697.40173,153.4726,3.2795815,1.578981,1.8022687,0.99969727,0.18854117,176.83005,0.66382027,2.0373274e-07,1.1592618e-06,0.007659333,1.3861943e-08
1976,0.15415679,0.2448672205209732,0.24352753162384033,0.0,0.5453176,0.8067784,0.05780075,99.68646,692.43536,152.12674,3.3964665,2.1194515,1.4979246,0.99968195,0.1839844,129.64023,0.72956073,6.756278e-08,3.204219e-07,0.0076368484,2.8406147e-08
1977,0.16097185,0.24566885828971863,0.23557695746421814,0.0,-0.0075122793,0.4109416,0.016505584,98.76243,71.45113,140.83328,3.890611,2.0935888,0.8542035,0.99931556,0.12441295,58.343914,0.24818426,4.1180772e-07,0.0077299653,0.011028023,5.2329375e-05
1978,0.15472662,0.2385983020067215,0.22556068003177643,0.0,-0.00736455,0.4440339,0.016927363,96.958046,119.29214,147.63443,3.3409605,1.842069,0.7950198,0.99999964,0.13754627,105.71604,0.44041467,5.0412564e-07,0.0012371882,0.011293469,1.8932357e-06
1979,0.15561128,0.23718702793121338,0.2328633964061737,0.0,0.84198684,1.0811119,0.07596181,99.8408,690.0137,151.31439,3.3584082,2.1512697,1.1556045,0.9982462,0.1862968,118.61928,0.7879299,1.6063957e-07,4.893817e-06,0.0075232354,5.658351e-08
1980,0.15465283,0.25069496035575867,0.23264339566230774,0.0,-0.0072018127,0.40084437,0.017542245,98.89272,15.016259,144.06268,3.7904823,2.1615238,0.3618281,0.9995705,0.115442395,110.50724,0.15304944,4.3682613e-07,0.004899043,0.012473021,0.0001786062
1981,0.15465835,0.24966491758823395,0.2504454255104065,0.0,0.6713043,0.8954405,0.06707219,99.477234,697.62006,151.8827,3.296481,2.3929956,1.2048124,0.99996287,0.17906137,74.8395,0.31748605,1.1857234e-06,5.9233435e-07,0.0073446156,1.8236305e-08
1982,0.15726312,0.26065880060195923,0.21782290935516357,0.0,-0.010372988,0.12606573,0.06147325,99.148415,222.08745,138.76181,5.4166727,1.7835733,1.0973989,0.9997707,0.14941429,118.71446,0.72998923,3.0601265e-07,0.016723873,0.012386949,0.00039055193
1983,0.15792818,0.24082891643047333,0.24005697667598724,0.0,0.7513754,1.0257392,0.06841252,79.37399,685.12427,131.47375,2.8493803,0.95658916,2.8081417,0.99716544,0.17229095,22.766602,0.02675199,7.3944847e-07,4.939899e-07,0.007397293,2.4892697e-07
1984,0.15675905,0.25191062688827515,0.25162509083747864,0.0,0.5120162,0.776716,0.0591048,91.86099,681.1025,144.14363,3.2559497,1.3353366,2.0730855,0.99888223,0.16880645,136.32808,0.53128284,1.3026881e-06,1.9535175e-06,0.0081402715,2.2951667e-08
1985,0.15493879,0.2628769278526306,0.24014052748680115,0.0,-0.0101176575,0.06515667,0.08164892,99.6806,235.18657,139.06248,5.510784,2.5266404,0.49413383,0.99977446,0.15576963,41.42704,0.72162926,5.480524e-07,0.0044596745,0.012022298,0.0012131752
1986,0.1555735,0.2225479632616043,0.21769875288009644,0.0,0.08935496,0.5947237,0.032018926,99.563614,694.3337,158.99367,3.3816237,2.3683882,0.8567744,0.99962884,0.198113,103.25695,0.0693532,6.055084e-07,9.800008e-07,0.009416706,1.2676591e-08
1987,0.1489938,0.2314065545797348,0.22559654712677002,0.0,-0.0073516485,0.42111257,0.01741569,96.56151,116.45558,141.65929,3.6773093,2.1969545,0.6237434,0.999918,0.14345078,114.52658,0.7596019,2.5642317e-08,0.0033900822,0.0112633,0.00054404885
1988,0.15420191,0.23799113929271698,0.23878024518489838,0.0,0.67377543,0.9818411,0.06913587,98.591995,679.2986,153.07906,3.126886,2.8474956,0.60407084,0.99988383,0.19102807,74.16759,0.4838816,1.5588291e-06,3.6377528e-06,0.007463606,4.0009346e-07
1989,0.15091531,0.22259505093097687,0.2210691273212433,0.0,0.67132086,0.8850026,0.07038877,99.64632,697.2727,153.28847,3.2817967,1.718434,1.6016089,0.99922794,0.1743116,93.25851,0.41421354,6.882846e-07,8.7294706e-07,0.008018071,2.257109e-07
1990,0.15454918,0.23328591883182526,0.23224849998950958,0.0,0.5451781,0.8316241,0.063302554,98.78877,697.04987,153.10063,3.3257608,1.7954535,1.5181855,0.99920624,0.20293054,153.04854,0.48836756,2.3630383e-07,1.8165525e-07,0.008125144,7.902075e-09
1991,0.15564881,0.22015918791294098,0.21643535792827606,0.0,0.08915431,0.57065415,0.03332028,99.92598,421.09747,159.10579,3.1946983,1.857268,1.3885834,0.99999833,0.21409088,66.956726,0.045770537,3.886646e-06,1.0919469e-07,0.009111834,9.523004e-08
1992,0.15578859,0.21445542573928833,0.2151171863079071,0.0,0.53597426,0.76312894,0.06302932,99.67018,691.3021,153.22351,3.1500278,2.6112392,1.0006235,0.9993272,0.16986479,93.109764,0.5062245,6.954608e-07,1.3064576e-05,0.0074861147,4.0603746e-07
1993,0.16005902,0.25025641918182373,0.23119854927062988,0.0,-0.0072432114,0.40757558,0.017063214,99.89589,119.85768,149.4417,3.6463828,2.144879,0.5986452,0.99987143,0.14043234,43.286575,0.17480944,4.2164686e-08,0.0026153896,0.011878965,9.07054e-05
1994,0.15793008,0.2562643587589264,0.24242766201496124,0.0,-0.0059232344,0.41273654,0.016758185,98.08287,31.259369,143.9714,3.5830705,2.0066907,0.9171657,0.9999298,0.12760745,84.41763,0.08153864,1.6905719e-07,0.0020672872,0.011379034,0.00038995856
1995,0.15972446,0.22976021468639374,0.2288140207529068,0.0,0.53976095,0.77601874,0.060163192,99.068115,699.80566,148.69061,3.492249,2.0469694,1.579114,0.99969476,0.17535876,156.50337,0.8195315,1.4672914e-06,1.3891658e-06,0.0075906524,3.433056e-08
1996,0.15833879,0.23830188810825348,0.23672901093959808,0.0,0.8420506,1.0894098,0.06917428,84.67978,697.21747,135.31795,3.147065,2.6761303,1.1378759,0.9980815,0.20303176,81.79154,0.031043215,4.8567645e-06,1.6608817e-06,0.0071433373,1.6199421e-07
1997,0.15312436,0.2482307255268097,0.24661041796207428,0.0,-0.0071148365,0.44792694,0.06255819,99.89833,635.10944,162.92227,2.9074872,3.2367482,0.017784776,0.99938947,0.18109426,16.640987,0.15450662,3.6477004e-06,2.4725864e-07,0.008751404,1.832561e-08
1998,0.15234685,0.24361072480678558,0.23091432452201843,0.0,-0.007503533,0.39114136,0.017218716,99.96365,198.15814,145.6347,4.004859,2.032319,0.81195503,0.9999598,0.11517512,179.79907,0.17097308,5.4562435e-08,0.011896035,0.011877674,1.2228733e-05
1999,0.15672186,0.2503012716770172,0.23033109307289124,0.0,-0.0071258387,0.39021477,0.017782947,96.67257,47.883842,140.52893,3.834494,1.8018266,1.1650778,0.99975336,0.11166276,82.93809,0.50057024,1.018567e-06,0.0005491632,0.011718042,0.00062634406
