series_id,mean_abs_rel_change,ofv_reference_params,ofv_recalibrated,recalib_snw_dth,recalib_snw_att,recalib_snw_pmf,recalib_snw_amf,recalib_sl0_dth,recalib_sl0_pwp,recalib_sl0_fcy,recalib_sl0_bt0,recalib_urr_dth,recalib_lrr_dth,recalib_urr_wsr,recalib_urr_ulc,recalib_urr_tdh,recalib_urr_tdr,recalib_urr_ndr,recalib_urr_uct,recalib_lrr_dre,recalib_lrr_lct
0,0.06714595,0.0951661467552185,0.09476089477539062,0.0,-0.0073906505,0.5434908,0.035782564,99.828674,698.3933,162.92918,3.016638,1.4049851,1.1614093,0.99949455,0.18040246,151.18248,0.45453593,1.2148472e-07,2.388337e-06,0.009037157,3.3112038e-08
1,0.06512991,0.09180577099323273,0.09175144881010056,0.0,-0.006028515,0.5301497,0.044550817,99.96888,697.468,163.96579,2.9342668,1.5808231,0.95231766,0.9995908,0.17911658,102.46898,0.65594035,1.0305242e-06,1.0861604e-06,0.009168823,2.3213731e-08
2,0.064716965,0.09134645015001297,0.09042142331600189,0.0,-0.005867595,0.48129696,0.05315641,99.95961,43.069683,158.40337,2.9818857,1.9732822,0.569951,0.99965334,0.17983581,56.937023,0.45782873,3.0339476e-07,2.3826718e-07,0.009447493,8.906776e-09
3,0.070141256,0.09230414777994156,0.08628924936056137,0.0,-0.0058513368,0.48648062,0.0435283,88.2629,488.45413,148.83788,2.4846556,2.9514275,0.02118738,0.99879754,0.006550665,36.98126,0.010048676,0.0005311588,1.5282836e-06,0.15201777,0.0005993705
4,0.06512893,0.09092596918344498,0.09086227416992188,0.0,-0.0057844035,0.5259469,0.045873556,99.960304,574.5063,165.95853,2.9276025,1.9569027,0.6646106,0.99994564,0.17564815,105.71866,0.81005096,3.7890064e-07,2.8984243e-07,0.009190622,5.9620944e-09
5,0.065458104,0.09201662987470627,0.0919588953256607,0.0,-0.0065291547,0.53734607,0.043690994,99.98931,696.0304,163.90187,2.9896522,1.7385958,0.83929557,0.99978215,0.17582527,92.36533,0.74899477,4.314741e-07,1.0558433e-06,0.009096492,7.178229e-10
6,0.065180674,0.0935831218957901,0.09336947649717331,0.0,-0.0055053667,0.5529588,0.041843932,99.88192,697.2487,164.96074,2.9959378,2.041808,0.5607721,0.9998443,0.17576079,23.82049,0.6839749,4.0662226e-08,4.3972986e-07,0.009116159,6.389792e-09
7,0.066564366,0.09303171932697296,0.09294340014457703,0.0,-0.006008868,0.53188705,0.045582376,99.9191,678.5921,163.58105,2.9313192,1.6035925,0.94428027,0.99972874,0.17729342,139.88773,0.33820352,5.605727e-07,3.667485e-07,0.009131879,5.4845078e-08
8,0.06455704,0.09504502266645432,0.09498360753059387,0.0,-0.0058406135,0.52832866,0.04419299,99.75472,686.85645,165.22586,2.9154332,1.5170145,1.1539022,0.9996959,0.17640588,176.67783,0.22868611,1.4770073e-06,7.375114e-07,0.009094803,3.8020495e-08
9,0.067911975,0.09014817327260971,0.08950300514698029,0.0,-0.0064325677,0.5762221,0.038793627,99.86814,699.9991,164.77657,2.9788592,1.4804605,1.0450803,0.9998659,0.17226416,151.55733,0.24454094,3.753219e-07,2.2561724e-06,0.009148288,1.7605164e-08
10,0.06651829,0.09230709820985794,0.09209335595369339,0.0,-0.0055064783,0.5135897,0.046520263,99.99863,382.8097,164.56526,2.9911761,1.7141207,0.81674623,0.99994427,0.17809159,165.72252,0.51156914,1.605675e-08,2.9341348e-07,0.009297238,6.0960685e-09
11,0.06763582,0.09133872389793396,0.09097632765769958,0.0,-0.0070464336,0.51087344,0.053265713,99.650955,675.8909,165.85258,2.80503,1.2731528,1.2065098,0.9994504,0.17421554,21.69024,0.808974,1.7458366e-06,1.2246553e-06,0.009220913,4.051681e-08
12,0.065234385,0.09477020800113678,0.0944402664899826,0.0,-0.0057291947,0.52219695,0.04329424,99.96097,699.4286,162.20903,3.05317,1.7863381,0.7544618,0.9999475,0.17674917,99.70876,0.75787467,4.5938677e-07,9.603356e-07,0.009128015,2.0347455e-08
13,0.06586205,0.09084653854370117,0.09067349880933762,0.0,-0.005549226,0.5299985,0.044846356,99.95011,697.664,165.25746,2.8110495,1.5267643,0.95632714,0.9998098,0.17547502,152.35738,0.6653688,3.6539365e-08,4.1415194e-07,0.009119071,3.6687943e-08
14,0.06681137,0.09096316248178482,0.09081149101257324,0.0,-0.007209619,0.52163464,0.04430703,99.80759,698.77515,164.5479,2.8788629,1.564509,0.9665218,0.99879223,0.17563848,58.114902,0.65696704,1.1963622e-06,3.577881e-07,0.009122963,1.6033702e-08
15,0.0643711,0.09262257814407349,0.0925825759768486,0.0,-0.0057335626,0.5277627,0.04600038,99.97386,696.9503,165.22984,2.9263453,1.8510947,0.72501147,0.9993468,0.1799351,153.2776,0.9283313,3.044991e-07,8.560847e-07,0.009201788,3.584617e-08
16,0.06680401,0.09306290745735168,0.0924864262342453,0.0,-0.0054664807,0.51972026,0.04515217,99.74844,116.664024,154.87605,3.0607624,1.1703873,1.3516302,0.9998727,0.17900842,125.70917,0.44522172,2.2949591e-06,2.3996374e-06,0.009413317,8.513716e-08
17,0.065856464,0.09416159987449646,0.09398508816957474,0.0,-0.0071150814,0.528418,0.042518616,99.97617,697.4131,162.87471,2.960086,1.711147,0.850146,0.99982387,0.17692886,127.92016,0.28730804,2.7116113e-07,2.4693372e-07,0.009073311,1.1158126e-08
18,0.06541853,0.09229128807783127,0.09225067496299744,0.0,-0.0054809,0.5162877,0.047652896,99.98422,609.5423,164.90755,2.9836714,1.5348818,1.0031774,0.99982226,0.17609063,101.49084,0.73810214,3.249803e-07,9.954877e-07,0.009249964,3.0406009e-09
19,0.06547423,0.0931318998336792,0.09271340817213058,0.0,-0.005760147,0.5121172,0.043840986,99.89246,475.98804,163.88744,2.9731593,0.3610554,2.133413,0.9971761,0.17513697,32.98542,0.063753344,9.131033e-07,2.8065751e-06,0.009174374,8.387659e-08
20,0.06471758,0.09277713298797607,0.09264429658651352,0.0,-0.006517194,0.5276804,0.043273453,99.98453,693.4373,163.3888,3.013358,1.7029094,0.87347776,0.9998797,0.17653552,57.59884,0.61157346,3.09829e-07,1.7851333e-06,0.009176281,2.8330737e-08
21,0.0652099,0.09148434549570084,0.09267941117286682,0.0,-0.0056766705,0.4732611,0.046946112,98.84611,691.695,156.2252,3.0881035,2.9721146,0.0016701625,0.99920696,2.2210674e-05,37.03035,0.013751268,0.0067504356,2.3919966e-07,0.27232942,0.0058402116
22,0.06685682,0.09267574548721313,0.09223122894763947,0.0,-0.007384095,0.55591977,0.042103063,99.99331,690.2877,165.58994,2.9362645,1.7190996,0.8445238,0.99995387,0.17488618,115.740395,0.6669425,4.197706e-08,4.62934e-07,0.009020968,1.2068628e-08
23,0.06820491,0.09245385974645615,0.09231897443532944,0.0,-0.0063938447,0.54101956,0.042617653,99.93693,689.37787,163.807,2.9284194,1.7374611,0.8547074,0.9999113,0.17667587,110.79133,0.47410852,2.3855964e-07,2.3269113e-06,0.009022193,7.489513e-08
24,0.06511098,0.0924549251794815,0.0924232229590416,0.0,-0.005739019,0.5343408,0.044334542,99.82118,697.8176,164.6811,2.975135,1.702202,0.81961167,0.9997468,0.17462699,102.00488,0.4489579,1.1281081e-06,1.5425385e-06,0.009111419,2.3288621e-07
25,0.06532702,0.09326192736625671,0.09283329546451569,0.0,-0.005488228,0.54405975,0.044279605,99.977005,687.3682,162.49796,3.067335,1.5896814,0.97397137,0.9999129,0.17507261,65.15963,0.6076672,2.5149893e-07,4.7022957e-07,0.009213247,2.267725e-08
26,0.064603224,0.09318944811820984,0.09492969512939453,0.0,0.0862469,0.61187893,0.033591677,99.96881,699.57007,164.77153,2.926936,1.7177293,0.984935,0.9998754,0.18249619,117.32856,0.22466709,1.7143398e-08,6.223165e-07,0.008643158,3.1774718e-08
27,0.06647904,0.0895349457859993,0.0892690122127533,0.0,-0.0055006756,0.5376502,0.04525162,99.95085,645.9816,164.37317,2.8264434,1.4881091,1.0318257,0.99973494,0.17455235,135.90584,0.4057582,2.0153301e-07,1.411679e-07,0.009120854,2.6907635e-08
28,0.064415045,0.09399740397930145,0.09380172193050385,0.0,-0.005879269,0.5276519,0.044126153,99.998634,588.0031,163.7969,3.1024325,2.0144892,0.57294005,0.9998312,0.1745434,132.51349,0.74071753,4.5572602e-07,6.65169e-08,0.009253662,8.664797e-09
29,0.064743675,0.09144182503223419,0.0932406485080719,0.0,0.08534994,0.6330783,0.034135275,99.732216,697.44135,165.00204,2.8887117,1.9177155,0.7144408,0.99891806,0.1828105,135.42632,0.68224293,1.0380126e-06,2.039e-06,0.008793272,1.1534914e-07
30,0.064749494,0.09535546600818634,0.09526652097702026,0.0,-0.005473538,0.53030646,0.046149235,99.928604,382.50333,162.4772,2.9813004,1.2699759,1.3675224,0.99987227,0.1790044,190.69954,0.36595172,3.4122493e-08,1.2783191e-06,0.0091501465,5.8608034e-09
31,0.06493631,0.09086669236421585,0.09074452519416809,0.0,-0.0055157766,0.5159116,0.046682302,99.95474,699.1323,164.04259,2.9854739,1.7089177,0.8709996,0.99987596,0.17893955,161.68619,0.4031471,2.6100582e-07,9.220435e-08,0.009244598,3.104479e-08
32,0.06836141,0.09497219324111938,0.09485350549221039,0.0,-0.005540877,0.49436408,0.05368593,99.54503,432.91278,164.30888,2.9869988,0.76960707,1.6667025,0.9988785,0.18598442,19.8784,0.9666891,2.8464215e-06,7.5251482e-06,0.0092457365,2.3523455e-08
33,0.06686768,0.09262755513191223,0.09226766228675842,0.0,-0.0054968745,0.50159234,0.0504017,99.99736,696.9718,167.42973,2.8641136,1.8881596,0.72134316,0.999937,0.1800379,119.83222,0.86730236,3.626416e-08,2.152255e-07,0.009176815,2.1567866e-08
34,0.06547231,0.09438289701938629,0.0940716341137886,0.0,-0.005530487,0.5108508,0.049852975,99.96174,617.48016,166.1746,2.842577,1.6057549,0.9316773,0.99985117,0.1828106,121.47096,0.28165036,6.013171e-07,6.5811633e-07,0.00905649,1.790816e-08
35,0.06746062,0.09316612035036087,0.09313685446977615,0.0,-0.0059705866,0.53088063,0.04418672,99.95133,696.9828,165.3884,2.9380133,1.6960957,0.91071165,0.99963146,0.18055879,162.97617,0.2686602,7.9414815e-07,1.128878e-06,0.0091351895,1.2264648e-07
36,0.067646995,0.09221071749925613,0.09201370179653168,0.0,-0.0056241225,0.515862,0.04870908,99.865814,696.8401,167.27678,2.9903467,1.6391098,0.9305957,0.9998678,0.17765239,129.88838,0.8456703,1.0238583e-06,3.6757174e-07,0.009334977,3.655995e-08
37,0.06632567,0.0901980921626091,0.08999784290790558,0.0,-0.0059034773,0.5467764,0.042758092,99.98293,699.52936,164.46696,2.9526582,1.5357556,0.99656975,0.9999401,0.17463708,101.54541,0.4556912,5.657018e-07,1.1637256e-07,0.009260485,7.4030926e-10
38,0.06690048,0.09414580464363098,0.09403148293495178,0.0,-0.0060974313,0.5369582,0.043049444,99.993774,698.4439,164.69432,2.9227517,1.6383525,0.95259905,0.9994909,0.18109775,74.36588,0.6924343,3.5318257e-07,4.5568626e-07,0.009008747,2.5834261e-08
39,0.06870664,0.09221214801073074,0.09178836643695831,0.0,-0.0070937513,0.5284244,0.046723884,99.99167,691.3069,167.40991,2.792397,1.4511176,1.0958375,0.9997945,0.17713735,43.12718,0.36416963,7.898103e-07,3.0018923e-06,0.009126874,1.3273855e-07
40,0.06721678,0.09626252204179764,0.09556912630796432,0.0,-0.0055442504,0.486654,0.050246615,99.99346,339.66983,162.946,2.9734917,1.650356,0.9951454,0.99993837,0.18038753,94.551956,0.5287885,1.5946122e-06,9.137692e-08,0.009239901,1.6975688e-08
41,0.067239985,0.09220154583454132,0.09193000197410583,0.0,-0.005951357,0.53437066,0.04556551,99.98142,697.5676,166.43306,2.8847563,2.2874682,0.24930213,0.99993557,0.17879057,171.3354,0.3491697,1.8757491e-07,1.8675885e-07,0.009088836,1.7078358e-08
42,0.06389218,0.09277331084012985,0.0926768109202385,0.0,-0.0056309225,0.5366544,0.04481139,99.94063,679.6973,164.91678,2.8965824,1.731685,0.8430093,0.99996984,0.17659761,193.7723,0.7094622,4.5769988e-07,4.203934e-07,0.009171866,7.732433e-08
43,0.06563001,0.09241373836994171,0.0919036790728569,0.0,-0.0055091064,0.5152311,0.04410132,99.934395,699.977,162.3796,2.977631,1.5941057,0.9399418,0.9999729,0.1731144,42.73889,0.6114221,3.1684117e-08,3.6258947e-07,0.009194758,2.6206255e-08
44,0.0667927,0.09205842763185501,0.09196783602237701,0.0,-0.0054709073,0.52015084,0.048343446,99.981926,667.6343,166.0876,2.9783924,2.1094882,0.46033135,0.9990483,0.17696564,59.182144,0.4024536,1.1483664e-06,6.597127e-07,0.009301398,1.7704798e-08
45,0.06442524,0.09184147417545319,0.0916600301861763,0.0,-0.00714411,0.5319308,0.044535942,99.91979,694.38464,163.85757,2.902414,1.5427727,1.037962,0.99995816,0.17923477,36.868652,0.43195906,2.0372752e-07,3.808821e-08,0.0089815175,1.1518013e-08
46,0.065267295,0.09332466125488281,0.09218376874923706,0.0,-0.006663886,0.5518207,0.034373704,99.19969,391.53476,164.18436,2.9800951,2.6140633,0.062488638,0.9986546,0.009035384,47.02025,0.011163574,5.4561673e-07,1.8401184e-07,0.17584813,7.249856e-06
47,0.06551007,0.09142816811800003,0.0912565365433693,0.0,-0.0062847524,0.53686744,0.044450693,99.95243,689.8111,166.81787,2.991164,1.6899381,0.8581151,0.9998173,0.1771265,130.32045,0.51238126,3.2234544e-07,1.2794236e-06,0.009127094,1.1670325e-08
48,0.06501605,0.09252497553825378,0.0922498106956482,0.0,-0.0055208732,0.5509901,0.042594075,99.966225,697.96967,166.71542,2.9016454,1.8107959,0.78240114,0.99994797,0.17390326,141.03223,0.7277714,3.638095e-07,2.271149e-07,0.009163226,3.1381266e-08
49,0.06693854,0.09290216863155365,0.09282440692186356,0.0,-0.006390051,0.5314926,0.04320591,99.396965,689.17114,162.77986,2.9778664,2.1136742,0.462523,0.9987424,0.17898169,52.88756,0.68316704,4.346355e-08,4.795892e-06,0.00917771,6.719983e-07
50,0.06552003,0.09412731975317001,0.09381189942359924,0.0,-0.005668976,0.54500115,0.040461108,99.77652,695.8807,161.39534,3.0385802,1.9842347,0.65179217,0.99982893,0.17610645,122.28236,0.76105475,1.1186107e-07,5.2910804e-07,0.009111471,3.343698e-08
51,0.06952463,0.09107981622219086,0.09077265858650208,0.0,-0.0055397768,0.5220262,0.048272867,99.99458,437.5378,165.22173,2.8017132,1.5240413,1.0327569,0.9993396,0.1745975,165.13313,0.73566824,2.909655e-07,2.2120216e-06,0.009162574,1.4276773e-07
52,0.065396115,0.09274391084909439,0.09202495217323303,0.0,-0.005457176,0.48912537,0.04955146,99.93379,388.2487,164.40265,2.893127,1.5394245,0.9736057,0.9999845,0.1784747,118.44184,0.14837043,1.9828832e-07,3.3555462e-08,0.009222057,3.767589e-08
53,0.06512938,0.09319289773702621,0.09283054620027542,0.0,-0.0072126715,0.5331907,0.04085177,99.96209,699.93823,164.02612,2.887634,1.801003,0.8679941,0.9996871,0.17156938,156.79405,0.34618053,1.5611872e-07,5.070402e-07,0.008981705,3.112153e-08
54,0.06703896,0.09409181773662567,0.0945567637681961,0.0,-0.007139546,0.4587843,0.049558274,98.95818,595.5605,157.4951,3.1534338,3.1218772,0.80476844,0.99823976,1.9635313e-07,36.45088,0.0136414645,0.00686694,1.7931382e-07,8.105609e-05,0.057922963
55,0.0658016,0.09399785846471786,0.09440094232559204,0.0,-0.0059585823,0.46404102,0.048405617,99.13666,698.196,157.64201,3.0763483,3.1050591,7.6616707,0.99968106,5.484656e-07,37.428303,0.013807833,0.0067458167,3.2548826e-07,0.0004534129,0.59576225
56,0.06654292,0.09168057888746262,0.09164528548717499,0.0,-0.0055333776,0.52904665,0.044241395,99.9345,697.25946,165.1526,2.9233744,1.6957142,0.81287694,0.999843,0.17311268,72.30141,0.70088315,1.7984739e-08,2.5612957e-07,0.009259622,8.37005e-08
57,0.06753479,0.09443389624357224,0.09426845610141754,0.0,-0.0058749155,0.54658425,0.041385528,99.87092,689.003,162.96344,3.0278008,1.9771925,0.65684974,0.99999076,0.17494276,128.21042,0.59878445,1.7630532e-07,3.4250277e-06,0.008980299,6.859844e-10
58,0.06556506,0.09203503280878067,0.09186595678329468,0.0,-0.007176806,0.52213645,0.044098683,99.89153,682.4615,165.47922,2.9405138,1.5236617,1.0774434,0.99991673,0.17385072,177.31136,0.88544124,1.6177832e-07,2.3164903e-06,0.009115347,1.4313584e-07
59,0.06456206,0.09147319942712784,0.09125696867704391,0.0,-0.0055945585,0.51061714,0.04728538,99.94386,643.4188,165.67188,2.8955278,1.4469433,1.0522926,0.9998614,0.17598334,187.93874,0.6479214,3.716965e-07,8.618322e-06,0.009138274,4.1601698e-08
60,0.06556162,0.09196960180997849,0.09158070385456085,0.0,-0.0054695113,0.51615846,0.044881515,99.79292,550.95636,164.3453,3.0536578,1.8247452,0.7231411,0.9999694,0.16996175,175.60548,0.5592771,4.3198008e-07,4.594934e-07,0.009258707,1.9620312e-08
61,0.06761678,0.09458070248365402,0.09452292323112488,0.0,-0.0059191957,0.53014004,0.044743944,99.82279,696.65906,166.50587,2.9195461,2.2229042,0.3968457,0.999842,0.17444472,189.81825,0.45237437,2.4780837e-07,3.3656934e-06,0.009227598,2.7585315e-08
62,0.06321107,0.09133521467447281,0.0912230908870697,0.0,-0.005808104,0.51930493,0.046524923,99.98484,372.01096,165.08919,2.95187,2.0129502,0.5852149,0.99991083,0.17507054,194.65204,0.34317487,2.7052056e-07,2.0340747e-06,0.009267096,2.79038e-08
63,0.06760199,0.09125863760709763,0.09094446897506714,0.0,-0.0074195983,0.55230397,0.04294436,99.956566,643.1854,165.00195,2.8862562,1.7617857,0.82961434,0.99978644,0.1703079,71.61987,0.13007769,2.5647198e-08,3.2029916e-07,0.009193954,2.9599914e-09
64,0.0661619,0.09454288333654404,0.0944715216755867,0.0,-0.005484621,0.52678555,0.044273958,99.99003,698.11237,163.59615,3.0015128,1.7036818,0.9082292,0.9999614,0.17920157,48.914906,0.3820418,1.11924365e-07,3.2589537e-07,0.009117515,1.8203412e-08
65,0.06642116,0.09423813968896866,0.09384052455425262,0.0,-0.005463076,0.55331457,0.04181709,99.92606,697.18286,164.37341,2.8841205,1.5557872,1.0476154,0.99917454,0.17869441,129.64581,0.6765916,4.027396e-07,2.0812936e-06,0.009006023,8.921762e-09
66,0.06521112,0.09434603154659271,0.09405957907438278,0.0,-0.005473198,0.52535087,0.043069392,99.94273,397.37497,160.92914,2.9863968,1.5658903,0.98365384,0.9999673,0.17634301,129.64125,0.6577123,5.0593073e-08,1.1485298e-06,0.009104413,2.6744116e-08
67,0.06597907,0.09236254543066025,0.09319384396076202,0.0,0.08851597,0.62785983,0.034409683,99.94297,697.41455,162.9572,2.9449203,1.559084,1.0511022,0.9998379,0.17688885,94.27352,0.02372785,2.5102028e-07,5.411452e-07,0.0089715505,2.6487209e-08
68,0.06415765,0.0921584814786911,0.09190231561660767,0.0,-0.005741974,0.5104388,0.047614332,99.98057,699.6902,164.6923,3.0171864,1.6543547,0.9468233,0.99968374,0.17472339,184.41379,0.6128541,3.5754485e-06,1.4973191e-06,0.009358852,1.388783e-07
69,0.06829593,0.09209372103214264,0.08524047583341599,0.0,-0.007278386,0.5069697,0.041324098,98.7286,533.65845,162.93265,2.9241729,3.7680554,0.08464704,0.9268501,0.007389075,37.211918,0.010339663,0.00022259692,1.8867444e-05,0.16441669,0.00017721744
70,0.06620072,0.09543143212795258,0.09545838832855225,0.0,-0.03699712,0.40768015,0.015977623,70.65377,91.738434,120.98507,2.5823448,1.4766119,0.81475276,0.9997601,0.14113095,154.29498,0.04349353,7.0717715e-07,0.0030275527,0.010959122,0.00037930853
71,0.06808166,0.09319689869880676,0.09308001399040222,0.0,-0.00548949,0.5154345,0.046799168,99.97718,508.2305,164.56969,3.0133119,1.9176637,0.68754715,0.9999869,0.18251702,54.775627,0.7970607,1.9129926e-08,2.0757804e-08,0.009062138,2.2918337e-08
72,0.06705827,0.09515786170959473,0.09490463882684708,0.0,-0.0057005454,0.52648526,0.044059385,99.993965,676.1909,161.73853,2.993256,1.5399631,1.0291404,0.99977154,0.17887467,149.53564,0.8928746,3.4701365e-08,4.425253e-09,0.009052618,4.4443233e-08
73,0.066027656,0.09146866202354431,0.09124290943145752,0.0,-0.006190694,0.5097506,0.048418675,99.92368,691.2779,167.31845,2.913559,1.5384096,0.9533097,0.9999838,0.17917731,51.504562,0.028250804,2.9031136e-07,3.6454347e-07,0.009207171,1.1974106e-07
74,0.06614579,0.09285008162260056,0.09256583452224731,0.0,-0.005667446,0.5297296,0.047708645,99.96234,697.02264,166.11008,2.8738482,1.805227,0.73543996,0.99936855,0.17890665,75.322334,0.62306917,1.8299367e-06,1.6576409e-07,0.009101884,1.3120191e-06
75,0.06698525,0.09124799072742462,0.09115813672542572,0.0,-0.005660572,0.5225789,0.046962194,99.93831,690.55316,164.41728,2.9859679,1.6454564,0.8683138,0.99979717,0.17875254,59.009018,0.5456392,2.0905651e-07,5.875206e-07,0.009266613,1.1527611e-08
76,0.06483095,0.09167629480361938,0.0916217714548111,0.0,-0.0057541085,0.51800245,0.04693689,99.91862,504.5545,165.19052,2.9672246,1.5558003,0.9481646,0.99980235,0.1805162,51.64088,0.68252695,1.2741839e-07,6.022789e-07,0.009222716,4.1266453e-08
77,0.06553591,0.09536439180374146,0.09530136734247208,0.0,-0.005507063,0.519943,0.046501167,99.97487,670.5664,163.87764,2.9920456,1.5972297,1.034252,0.99977976,0.17942944,65.46265,0.6413,9.553438e-08,7.612664e-07,0.009048188,5.831311e-09
78,0.067325555,0.0935392752289772,0.0934327244758606,0.0,-0.005468537,0.5074773,0.051155556,99.68117,692.0401,165.7056,3.0004156,1.531333,1.0532037,0.9997243,0.17804313,31.910454,0.12698062,1.3541511e-06,1.2220909e-07,0.009323575,8.579166e-08
79,0.065766536,0.0918128713965416,0.09165579825639725,0.0,-0.0061142026,0.54941094,0.041774444,99.947044,689.6643,165.9404,2.9452763,1.5348438,1.0667049,0.99989516,0.17569779,102.6662,0.52625006,4.3187757e-07,2.73555e-07,0.009191147,2.119687e-09
80,0.068870835,0.09342470020055771,0.09303229302167892,0.0,-0.006003047,0.50415766,0.046679053,99.90165,689.7573,164.38583,2.922015,0.7677434,1.7523206,0.9999537,0.17796503,27.2194,0.07039565,5.4048775e-07,1.4193733e-06,0.009134411,1.35535325e-08
81,0.06655346,0.09109663963317871,0.09094059467315674,0.0,-0.0057005663,0.53060293,0.04304025,99.89173,693.7111,164.49208,3.0187201,1.4803377,1.1033057,0.9999075,0.17528854,101.00376,0.78691536,2.234001e-06,5.7695106e-06,0.009282554,2.7089904e-08
82,0.06820638,0.09448149800300598,0.09438356757164001,0.0,-0.0060705016,0.54043204,0.04177576,99.92043,691.049,164.49055,3.0012374,1.8611165,0.7597223,0.99973017,0.18333709,29.621931,0.5225178,6.5629695e-07,1.7869997e-06,0.008991871,1.2803622e-07
83,0.06693431,0.08851568400859833,0.08819501847028732,0.0,-0.00554402,0.4985264,0.0524038,99.99549,695.6976,168.17363,2.8395267,1.6445069,0.8741349,0.99998075,0.1738285,119.62384,0.26123142,3.5622932e-08,2.955072e-06,0.009356374,1.4603651e-08
84,0.06587034,0.09654947370290756,0.09637231379747391,0.0,-0.00684993,0.5340412,0.044997033,99.970276,696.8399,166.71771,3.032867,1.8695158,0.81475383,0.9998488,0.18106377,48.31752,0.41233036,6.5747423e-07,7.723951e-09,0.00913581,4.9288076e-08
85,0.065494984,0.09150416404008865,0.09104201197624207,0.0,-0.006836253,0.52275026,0.04359853,99.62309,63.355724,156.42221,2.8688602,1.6446592,0.78509915,0.9996428,0.1794317,61.5537,0.8658129,8.3612696e-07,2.0938908e-06,0.009049861,1.3031364e-08
86,0.067058206,0.08954236656427383,0.0894632488489151,0.0,-0.0061461334,0.542723,0.040695537,99.98459,698.41327,164.787,3.0078318,1.6545124,0.932741,0.9999147,0.17399463,151.8517,0.49207705,1.768799e-07,4.750635e-07,0.009227607,3.2431714e-08
87,0.0660693,0.09581504017114639,0.09542399644851685,0.0,-0.0058056526,0.5036012,0.046907227,99.97528,699.61053,164.47426,3.0573025,1.8357148,0.7651291,0.999891,0.17872857,120.871025,0.8847109,1.5723069e-07,4.1309139e-07,0.009210584,1.8786594e-08
88,0.066147104,0.08983515202999115,0.08964922279119492,0.0,-0.0060899914,0.5301507,0.047337633,99.90877,671.5599,165.6929,2.8904753,1.7103609,0.8236845,0.999721,0.17646578,88.89432,0.60094976,4.8231335e-08,2.2809961e-06,0.009268787,1.308531e-07
89,0.064879045,0.09479841589927673,0.09455804526805878,0.0,-0.0060617398,0.55530787,0.039657474,99.77697,680.3696,162.86298,3.1033268,0.83738184,1.740795,0.99966013,0.17669076,167.85623,0.20566411,1.1312638e-06,8.535168e-06,0.00898082,8.0343636e-07
90,0.06566659,0.09451770037412643,0.09594667702913284,0.0,0.08941598,0.6293267,0.033575505,99.96882,698.76086,161.73196,2.976211,1.415338,1.2437619,0.99993557,0.18328494,133.94241,0.11211349,7.7477154e-08,1.4159073e-06,0.008711353,2.1991413e-08
91,0.065574564,0.09338653832674026,0.09546051174402237,0.0,0.0883963,0.61897296,0.033487424,99.95765,697.1163,163.13179,2.9230053,2.3204634,0.3148481,0.99988127,0.18410502,147.18864,0.39368182,1.1488508e-07,1.1566109e-06,0.008664193,2.053582e-09
92,0.06754552,0.09672887623310089,0.09836389124393463,0.0,0.0891698,0.6320061,0.033469226,99.90627,699.43555,162.4228,3.0828712,1.7448336,0.92906827,0.999877,0.18510908,107.67895,0.81273305,1.7072162e-07,1.0315288e-06,0.008797681,3.1971677e-08
93,0.06524569,0.0949927270412445,0.09474856406450272,0.0,-0.0054828716,0.5244131,0.042282987,99.80889,338.22495,161.45569,3.0604239,1.9214284,0.59934574,0.9997536,0.17844021,168.48071,0.4365489,2.3567542e-07,1.8238517e-06,0.009096896,2.9773096e-08
94,0.068384945,0.08949635177850723,0.08941836655139923,0.0,-0.0061233174,0.53652537,0.04169881,99.967514,698.9868,163.93285,2.9306118,1.7145766,0.82515645,0.9998624,0.1738932,70.17306,0.6378788,3.4668495e-09,2.2483988e-07,0.00916679,1.7363355e-08
95,0.06620306,0.09086336940526962,0.09063176065683365,0.0,-0.006527147,0.5374192,0.043558717,99.867294,419.1673,161.53102,2.983592,1.4578408,1.0281541,0.99971634,0.17573114,103.65598,0.65376055,5.847285e-07,3.6031622e-06,0.009226261,7.078482e-08
96,0.06621059,0.08895044028759003,0.08879716694355011,0.0,-0.0063163037,0.531054,0.045378987,99.94581,695.0434,167.08694,2.839059,1.5755923,0.97584236,0.999866,0.17431387,130.17102,0.700161,3.8913495e-07,9.693003e-07,0.009258768,4.88781e-08
97,0.06528942,0.09231507033109665,0.0921882763504982,0.0,-0.0057973457,0.51536655,0.046881266,99.985695,666.4821,164.37106,2.9987562,1.670973,0.8983077,0.99983615,0.17656429,105.09142,0.74416816,2.633715e-07,3.6776595e-07,0.009277956,3.9627412e-08
98,0.06504661,0.09442015737295151,0.0943855345249176,0.0,-0.005692394,0.51142794,0.04963035,99.96304,697.4327,163.93262,2.9627643,1.6384369,0.9196462,0.999839,0.17937002,158.50764,0.27335525,1.384237e-06,1.1552863e-06,0.00916946,2.0234081e-07
99,0.067173906,0.09268711507320404,0.09264359623193741,0.0,-0.0055352002,0.5126872,0.04904909,99.98163,695.10956,165.47325,2.9162092,1.6787841,0.8578292,0.9990002,0.18236087,178.0789,0.4951439,4.601111e-07,1.070029e-06,0.00917423,7.0788135e-09
100,0.065791495,0.09503130614757538,0.09476930648088455,0.0,-0.005522278,0.5423005,0.04230376,99.989075,678.30695,162.0353,3.0303118,1.8337454,0.7387298,0.9997716,0.17638412,64.44058,0.036546778,1.3207657e-09,1.977314e-07,0.009124738,7.1169524e-08
101,0.06697166,0.09408418834209442,0.09378062188625336,0.0,-0.0055024945,0.5052486,0.04692635,99.78312,697.6994,164.15904,2.9630935,2.3724167,0.1904883,0.9998224,0.18001704,121.56402,0.7854268,1.8037383e-07,1.0946762e-06,0.009145641,9.020236e-08
102,0.0633251,0.09381071478128433,0.0936199203133583,0.0,-0.0055033104,0.5308704,0.044393264,99.8311,674.35315,162.9236,3.0432265,1.7594491,0.83600587,0.9996447,0.1797427,153.37335,0.35338637,3.704884e-08,1.1102599e-06,0.009228677,1.1461577e-08
103,0.06529161,0.0921553298830986,0.09206350892782211,0.0,-0.0075115613,0.5373175,0.042270306,99.99778,558.02344,164.13503,3.0060332,1.8700359,0.76483595,0.99959314,0.1724039,139.58812,0.35284224,3.5876292e-07,1.0963961e-06,0.00904507,5.2707065e-09
104,0.064997226,0.09625464677810669,0.09568905085325241,0.0,-0.0054939487,0.48779067,0.053299908,99.96002,699.00854,165.2626,3.129245,1.978569,0.6302323,0.99991703,0.18162042,145.72676,0.9739826,7.460697e-07,1.0780972e-08,0.00938992,2.2998101e-08
105,0.06726851,0.09382414072751999,0.09358768165111542,0.0,-0.0055974093,0.5282223,0.0461295,99.9945,607.82294,162.85721,3.0733142,1.6436456,0.90203935,0.99983704,0.17802899,25.745846,0.94507885,2.3489436e-07,4.251863e-07,0.009242408,3.0005502e-08
106,0.066651136,0.09369771182537079,0.09331106394529343,0.0,-0.006411341,0.5377513,0.043176845,99.676285,678.56964,163.2882,2.9443133,2.6144757,0.04787475,0.9998087,0.0090351505,50.488728,0.016454333,8.474512e-07,3.6507885e-07,0.17689389,8.154856e-06
107,0.066149846,0.09342209994792938,0.0930553451180458,0.0,-0.006062183,0.5497295,0.04352663,99.885796,690.9034,164.40732,3.008959,1.6284337,0.9033749,0.9999634,0.17919199,159.52333,0.77523565,1.1305868e-06,2.60193e-06,0.009225788,8.252416e-08
108,0.065898344,0.09190966188907623,0.09181268513202667,0.0,-0.0070145037,0.535865,0.043077976,99.74675,699.89624,162.78006,3.0107088,1.7195144,0.8847727,0.9996105,0.17517748,45.778534,0.019134607,5.1934455e-07,4.862818e-06,0.009134822,4.910617e-08
109,0.06365349,0.09361261874437332,0.09351161867380142,0.0,-0.005484745,0.5228661,0.047605928,99.894844,686.5243,163.53993,2.9026363,1.4857665,0.9987301,0.99961793,0.17760172,92.44924,0.104449034,9.38318e-07,5.075047e-07,0.009185799,2.992206e-07
110,0.064692214,0.09209474921226501,0.09170562028884888,0.0,-0.0055555278,0.5311057,0.04543559,99.99197,698.40674,163.2056,3.0891156,1.747566,0.8069795,0.999854,0.17346172,106.52343,0.101369545,6.936447e-09,2.7912822e-07,0.009338042,3.825591e-08
111,0.06669791,0.09261781722307205,0.09241656213998795,0.0,-0.0057450603,0.51726925,0.045037296,99.85349,699.1514,163.21416,2.9705563,1.5263414,1.0448208,0.9997372,0.1766467,119.75503,0.4413844,2.9754574e-07,3.520934e-07,0.0090697445,1.056336e-08
112,0.0656234,0.09293777495622635,0.0925508514046669,0.0,-0.0057104733,0.5081593,0.046118706,99.94437,680.48517,163.68385,3.0630882,1.9789771,0.56413436,0.99996006,0.1759252,104.81524,0.71261716,4.7404473e-07,1.1070666e-06,0.009246053,4.447918e-08
113,0.06545584,0.09238796681165695,0.09224246442317963,0.0,-0.0057841577,0.5410265,0.043381684,99.98025,658.8687,164.05,2.8791463,2.113267,0.5033448,0.99807787,0.17800052,112.73352,0.46108827,2.7344054e-06,9.915708e-06,0.009114657,3.1121138e-07
114,0.06634084,0.0901622399687767,0.09000156819820404,0.0,-0.0055934465,0.51497734,0.04895124,99.95936,678.1621,167.3699,2.9149048,1.9165351,0.6348381,0.99994606,0.17739286,137.02611,0.32822022,1.4395248e-07,3.0869546e-07,0.0093405275,1.5101872e-08
115,0.066722326,0.09333263337612152,0.09321393072605133,0.0,-0.0073750764,0.49262348,0.05240072,99.83155,643.04846,166.11812,2.971625,1.1752536,1.38881,0.99990964,0.18486795,78.6127,0.7023761,5.7857656e-06,1.7391e-05,0.009274753,2.2841579e-07
116,0.06510003,0.09229011088609695,0.09204325824975967,0.0,-0.005817087,0.5411886,0.045687407,99.8804,642.3867,165.14027,2.9139435,1.9544827,0.58157676,0.9998133,0.17835453,65.67232,0.95512336,1.8756747e-06,1.112754e-05,0.009155166,5.600982e-08
117,0.0647633,0.09423255920410156,0.0942109003663063,0.0,-0.0060772067,0.5262573,0.0457765,99.35737,692.4767,163.851,2.926581,1.5839266,1.0054848,0.999698,0.179086,94.26614,0.67231625,2.8273653e-06,1.1063098e-05,0.0091873035,3.2921602e-07
118,0.065672025,0.09257103502750397,0.092497818171978,0.0,-0.00660448,0.5235107,0.044212833,99.67321,604.3834,164.23302,2.937518,1.3081591,1.3082919,0.9989744,0.17421518,32.130714,0.50604504,2.5959857e-06,4.127583e-08,0.009151082,2.1562295e-07
119,0.06754199,0.09200785309076309,0.09186506271362305,0.0,-0.0059453873,0.545294,0.043263543,99.94286,637.5419,165.77872,2.962626,1.8340269,0.7790879,0.999779,0.17364548,65.2201,0.5111787,5.359705e-07,1.7174952e-07,0.009206486,2.3983088e-08
120,0.06665427,0.09124436974525452,0.0909753069281578,0.0,-0.007091295,0.5252145,0.042237937,99.94573,697.66095,164.8024,3.0894692,1.6748298,0.9351076,0.99986655,0.17729689,114.78991,0.6890411,2.4252833e-07,1.0845646e-06,0.009125096,1.17585216e-07
121,0.064087406,0.0915873646736145,0.09144330769777298,0.0,-0.005784447,0.5343955,0.042595427,99.90704,299.67807,162.12416,3.0534165,1.7346742,0.7577895,0.9997119,0.17615159,177.37529,0.37698147,3.065485e-07,1.5910105e-06,0.009234323,4.0358664e-08
122,0.06628082,0.09523849189281464,0.09513800591230392,0.0,-0.0071227616,0.53844655,0.042188093,99.917564,685.0376,163.89241,2.943393,1.9726025,0.5717834,0.99892735,0.17256162,52.269775,0.24974027,1.9580787e-06,5.830493e-06,0.00905456,3.0007317e-07
123,0.066233985,0.09341134876012802,0.09317702054977417,0.0,-0.0064960285,0.5432309,0.040286493,99.99756,695.78143,162.19135,3.046049,1.8700017,0.74734837,0.9998257,0.17386681,22.85295,0.22131675,2.319123e-07,7.905756e-08,0.00904001,2.1039774e-08
124,0.06465668,0.09370625019073486,0.09340308606624603,0.0,-0.005467499,0.49286205,0.051331036,99.984856,478.23575,164.95125,3.0075216,1.8562319,0.67156905,0.9999822,0.1773103,152.9948,0.10916921,5.8578816e-08,2.9970108e-06,0.009243056,1.3145913e-08
125,0.064398944,0.09396284073591232,0.09370403736829758,0.0,-0.005571133,0.52896017,0.045793287,99.864456,669.8299,166.43282,2.9038055,2.377322,0.21356231,0.99972385,0.17803334,122.8555,0.32762557,7.864911e-07,1.8317442e-07,0.009052365,1.8953922e-07
126,0.06579043,0.09282879531383514,0.09222842752933502,0.0,-0.0062338165,0.5073254,0.047025617,99.98537,570.7563,162.2804,3.0220153,1.7008374,0.77902293,0.99958754,0.18308784,192.07918,0.066076346,4.4339236e-06,1.8629546e-06,0.009388525,8.981004e-08
127,0.06740468,0.09601633250713348,0.09588467329740524,0.0,-0.0055194316,0.5072194,0.049084447,99.99886,698.2237,165.61665,2.9576726,1.6436833,0.9664088,0.99973834,0.18056323,27.236526,0.7625991,1.412788e-07,1.8525022e-07,0.009102711,5.3806306e-09
128,0.06548516,0.09178740531206131,0.09160283207893372,0.0,-0.00547323,0.5280984,0.04304273,99.97135,697.7535,166.1608,2.9165187,1.6275458,0.98325104,0.99994427,0.17154118,137.51796,0.9747951,5.20284e-08,2.1085118e-06,0.009110916,3.1517583e-08
129,0.06508643,0.09512778371572495,0.09488055855035782,0.0,-0.005466712,0.543447,0.044290204,99.99058,699.5945,163.25925,2.9983232,1.8493963,0.7972725,0.9999528,0.18067,129.8577,0.5976301,1.1829932e-07,2.8237167e-07,0.009088421,1.1802097e-08
130,0.06721317,0.09199157357215881,0.0918322429060936,0.0,-0.00588985,0.5292458,0.043651875,99.94135,677.9926,165.15851,3.0272992,1.7252309,0.7628674,0.99996233,0.17606488,98.93563,0.17165643,4.731478e-07,1.5427556e-06,0.00932032,2.1711381e-08
131,0.06587739,0.09474765509366989,0.09450726211071014,0.0,-0.0055035413,0.5305936,0.042377908,99.97778,691.09796,162.2281,3.0690217,1.5739007,1.0535914,0.9998714,0.17733213,150.73436,0.8330487,2.1542375e-07,3.677026e-07,0.009001286,2.3979688e-08
132,0.06684639,0.09131768345832825,0.09050992131233215,0.0,-0.005460959,0.54540646,0.04749942,99.97896,699.3191,167.50793,2.8855636,1.721373,0.82438856,0.999985,0.17402168,65.33662,0.12106402,7.683737e-08,9.0938306e-07,0.009270586,2.1820266e-08
133,0.067020245,0.09351946413516998,0.0931798666715622,0.0,-0.0056370758,0.5061056,0.04666644,99.92437,699.8709,163.9772,2.959072,1.5425876,1.0247481,0.9998793,0.1767932,189.1329,0.8964564,1.2605746e-08,3.2706762e-07,0.009117032,2.6392266e-08
134,0.06665218,0.0882013738155365,0.08801967650651932,0.0,-0.0069259154,0.5400578,0.04392653,99.46297,684.10724,163.88567,2.8251343,1.9298552,0.661015,0.9994263,0.17192248,101.90611,0.38883165,2.0417135e-06,1.8110693e-05,0.0091926325,3.8064078e-07
135,0.068850614,0.09279302507638931,0.09259165823459625,0.0,-0.007068575,0.5265011,0.042845428,99.752304,609.6878,164.95906,2.8827105,2.011984,0.6017828,0.9994628,0.17629376,155.30511,0.45665476,1.8497569e-07,2.8103773e-07,0.009054789,2.7450193e-07
136,0.06501452,0.09547865390777588,0.09536321461200714,0.0,-0.005567054,0.50557876,0.05015314,99.854866,667.9539,164.6142,2.9532027,1.9248049,0.61858404,0.9992089,0.18453796,17.975058,0.20412223,1.6660172e-06,1.0808943e-05,0.009284164,4.1097042e-08
137,0.064692706,0.09023524820804596,0.09015507251024246,0.0,-0.0054663415,0.524492,0.04676599,99.608215,671.892,162.81253,2.9550998,1.596066,0.8702491,0.9971201,0.17297576,139.58742,0.081350446,1.1067823e-06,4.9470686e-06,0.009165191,1.0484569e-06
138,0.06588376,0.09445517510175705,0.0939304381608963,0.0,-0.0055461354,0.48408493,0.053524032,99.58375,666.9381,164.89473,3.0282474,0.93708324,1.5739956,0.9993504,0.17922798,145.99626,0.04343672,1.569299e-06,3.4789525e-06,0.009470932,1.8693655e-08
139,0.065647915,0.09558974206447601,0.09551738947629929,0.0,-0.0056970497,0.54002255,0.04261752,99.97093,676.22266,164.67029,2.9320726,1.6726725,0.89030993,0.999491,0.1830454,45.714836,0.29253322,1.9582019e-07,9.284763e-07,0.009094508,1.9618862e-09
140,0.067654185,0.09285777807235718,0.09252272546291351,0.0,-0.006766327,0.5191407,0.04556333,99.88816,529.7738,166.29874,2.9247026,1.3714104,1.2017871,0.99997914,0.17874184,128.22368,0.6780437,1.3448795e-07,1.4325434e-07,0.009045594,1.1734342e-07
141,0.067059636,0.09387079626321793,0.09346694499254227,0.0,-0.005685252,0.50743705,0.04519999,99.941925,398.7754,162.30757,3.025798,1.8401086,0.8028649,0.99990344,0.18199116,66.876396,0.13627191,2.3742714e-06,2.6332111e-06,0.009084251,1.190456e-07
142,0.0668252,0.0899336114525795,0.08979352563619614,0.0,-0.0054574115,0.52108055,0.04606054,99.87102,693.4676,166.10764,2.967001,1.6112299,0.9370848,0.99960756,0.17329557,183.33391,0.025737723,3.13408e-07,6.23454e-07,0.00938893,4.7768378e-08
143,0.06632409,0.09184277802705765,0.09172234684228897,0.0,-0.005456103,0.5163125,0.04843825,99.92491,685.23224,164.25853,2.9100213,1.7241588,0.87314665,0.99973494,0.17650469,76.719055,0.47026315,4.0515907e-08,5.4335607e-07,0.00931469,6.3370116e-08
144,0.06322443,0.09149041026830673,0.09126125276088715,0.0,-0.005808695,0.54886746,0.04198031,99.95861,694.12085,166.68922,2.905802,2.4213333,0.22453576,0.9999671,0.17549536,65.2524,0.75325316,1.095122e-06,6.3914536e-06,0.009090602,1.7944652e-07
145,0.06443783,0.09234265238046646,0.09250551462173462,0.0,-0.0056089475,0.45467076,0.049547426,98.45496,624.1331,156.57852,3.100715,3.245371,49.938366,0.9992222,2.761578e-07,37.224937,0.013863286,0.0067289677,3.7000595e-07,1.0884522e-05,0.8404394
146,0.06918328,0.09128587692975998,0.09110324084758759,0.0,-0.0074674557,0.5403783,0.042804282,99.9765,699.95276,165.00446,2.9376726,1.5899422,0.9933664,0.99996096,0.17446038,62.454155,0.39934847,1.6791273e-07,3.3622504e-07,0.008999528,3.3324305e-08
147,0.06736187,0.09103752672672272,0.0909469798207283,0.0,-0.0062666093,0.5343695,0.04188737,99.98627,694.89856,164.25813,2.9126716,1.7439818,0.82659346,0.999149,0.17356567,126.61246,0.44083393,2.8164763e-07,1.3486017e-06,0.009089819,2.455439e-07
148,0.06658787,0.09053986519575119,0.09031070023775101,0.0,-0.0055662384,0.505666,0.04962309,99.95937,514.9513,164.6158,2.8830218,1.6275133,0.9533467,0.99960023,0.17405294,107.6234,0.8288533,9.842114e-07,1.0130218e-06,0.009407978,2.502894e-08
149,0.068665564,0.09281154721975327,0.09254320710897446,0.0,-0.0055084056,0.52923745,0.041324038,99.9986,691.0765,163.5269,2.9575214,1.8454592,0.74693304,0.99999374,0.17497703,170.34895,0.86531514,1.4460043e-07,6.314581e-08,0.00918244,4.2653976e-08
150,0.066010475,0.09128797054290771,0.09119465202093124,0.0,-0.0060135648,0.526969,0.04570467,99.95376,698.21344,166.75195,2.9156651,1.824916,0.77008116,0.99985665,0.17976095,67.24623,0.69077736,1.5304383e-07,1.3384292e-06,0.009223628,3.752435e-08
151,0.06807813,0.09372641891241074,0.09340042620897293,0.0,-0.0070253806,0.5482818,0.04143837,99.948235,117.194176,158.02182,2.9876547,1.5345954,0.86568546,0.99944526,0.18359388,74.22886,0.591194,4.396454e-07,3.798887e-07,0.009200722,8.829563e-08
152,0.06715131,0.09512300044298172,0.09424246102571487,0.0,-0.00724357,0.5469959,0.041786794,99.847885,697.15393,167.81616,2.8609233,1.5683236,1.0584174,0.999682,0.17758936,115.43927,0.438617,3.9706155e-08,1.0281133e-06,0.008915727,4.7797485e-08
153,0.06873669,0.08985724300146103,0.08954975008964539,0.0,-0.006819247,0.536209,0.045199536,99.96419,699.59607,163.07208,3.0071678,1.1278722,1.3803366,0.99734914,0.16961744,191.74182,0.098801784,8.0342964e-08,2.198059e-06,0.009301079,6.2899743e-09
154,0.065137364,0.09367266297340393,0.09317922592163086,0.0,-0.00585943,0.52281314,0.041946575,98.66296,118.82599,151.8949,2.988146,1.0165068,1.3501015,0.9934879,0.17846772,133.5861,0.77322584,5.131757e-06,5.7277856e-07,0.009115137,9.7286375e-08
155,0.06488699,0.09585729241371155,0.09523665904998779,0.0,-0.005500088,0.4957896,0.04974805,99.9011,409.15323,161.54944,3.111765,1.8337526,0.6888971,0.9989048,0.18045405,18.410864,0.16023691,1.1163945e-06,8.7503247e-07,0.009304124,8.17418e-09
156,0.065738246,0.09340554475784302,0.09317640960216522,0.0,-0.0054672775,0.52155167,0.050173044,99.64592,691.78937,163.75627,2.925053,1.6791623,0.8347902,0.9999181,0.17836525,82.25846,0.47499794,6.5099397e-07,1.3533984e-06,0.009261186,3.9716257e-09
157,0.06904094,0.09139937162399292,0.09090355038642883,0.0,-0.006044533,0.5290035,0.047901534,99.97088,554.90076,167.07983,2.8371522,1.8806841,0.7035674,0.9999811,0.17610244,28.751654,0.40756908,2.875716e-07,3.8201068e-07,0.009107638,2.6867275e-08
158,0.064118,0.09191304445266724,0.09178031980991364,0.0,-0.006699829,0.5336653,0.04160918,99.9799,696.33813,163.86697,2.9032342,1.3590586,1.2287705,0.9993346,0.17594025,122.55461,0.6566873,4.219164e-07,1.6491987e-06,0.0090467045,2.6949923e-08
159,0.06933751,0.09278985857963562,0.0920952707529068,0.0,-0.005587407,0.5064324,0.0468363,99.858795,692.50385,163.93564,3.0606434,1.442943,1.0732698,0.9995046,0.17909786,120.83119,0.69882727,1.9660311e-07,2.1540393e-06,0.009439408,1.3848597e-07
160,0.0666253,0.09395568072795868,0.09371238201856613,0.0,-0.0055786124,0.52720624,0.042175442,99.992355,677.0471,163.44676,2.96763,1.8652022,0.8318529,0.9989365,0.17641386,59.676216,0.891504,1.0728335e-06,7.690871e-07,0.0089997,9.08206e-08
161,0.066236004,0.09380891174077988,0.09330730140209198,0.0,-0.0059098657,0.54909986,0.043148708,94.06515,609.9219,157.18051,2.79671,2.5099816,0.100695476,0.99591994,0.008882046,92.699234,0.45743388,6.542895e-06,8.543322e-09,0.18026449,4.4673297e-06
162,0.06723543,0.09381701797246933,0.09307429194450378,0.0,-0.0056435145,0.50985,0.049800362,99.91182,697.1096,166.48418,2.7855253,1.5247399,1.0943524,0.9997897,0.17932795,159.47899,0.834378,6.1145364e-08,3.3923354e-07,0.00895021,1.1788847e-07
163,0.0684765,0.0953168272972107,0.09500866383314133,0.0,-0.005514057,0.5336109,0.04509409,99.96368,697.26263,162.45555,2.9087985,1.7884978,0.79214954,0.9999774,0.18435246,56.44801,0.58902955,6.315491e-07,2.7850308e-07,0.008993527,3.1252902e-08
164,0.06482211,0.0936383605003357,0.09261294454336166,0.0,-0.0069626947,0.53992915,0.043918837,99.918106,697.92737,168.3478,2.8141723,1.4252394,1.1058296,0.99976116,0.17379902,171.58801,0.7874571,1.4923043e-07,1.871163e-06,0.008945038,2.4333174e-08
165,0.06465165,0.0948740616440773,0.09422437846660614,0.0,-0.0057260594,0.5139429,0.046295386,99.7114,636.6357,162.31134,3.0813556,1.7604926,0.8840737,0.999934,0.18323469,83.19642,0.5244709,3.2897776e-07,3.8038354e-06,0.009364687,1.7744044e-07
166,0.06454274,0.09393520653247833,0.09384182840585709,0.0,-0.0057378276,0.52563053,0.045907173,99.923004,699.7802,163.05057,2.9626775,1.6944003,0.87623215,0.9998718,0.17447585,70.87985,0.5436088,8.106423e-09,8.1828425e-08,0.009175699,3.361401e-08
167,0.06595581,0.09052824229001999,0.09040214866399765,0.0,-0.0057073925,0.51261336,0.049593072,99.781525,660.9189,165.87141,2.823057,1.5600276,0.93052125,0.99993277,0.17464137,125.101746,0.2300147,4.1028667e-07,4.7197952e-07,0.009259442,2.2325567e-08
168,0.06617587,0.09692060947418213,0.09701105207204819,0.0,-0.0066966917,0.46317536,0.04910259,98.60917,624.0761,156.17728,3.0417204,3.2630835,0.22584541,0.99683046,2.8229957e-07,36.63369,0.0138078015,0.0067536994,8.87229e-07,0.0034661721,0.9104466
169,0.067310184,0.0930660292506218,0.09296691417694092,0.0,-0.0054970835,0.5415073,0.042783864,99.89614,693.2518,164.95216,2.8988287,1.7107002,0.8669899,0.9996126,0.17775264,70.512726,0.51868165,3.6803712e-07,7.9190187e-07,0.0091235135,7.103307e-08
170,0.06577801,0.09255218505859375,0.09233970940113068,0.0,-0.0056825313,0.5187651,0.049519543,99.97675,675.3238,166.94135,2.8857994,1.8774863,0.6997871,0.9996825,0.17662998,58.27123,0.456632,2.429965e-07,9.2311853e-07,0.009203005,8.639494e-09
171,0.06808371,0.09549209475517273,0.09522567689418793,0.0,-0.0055880425,0.5428457,0.04220687,99.95806,686.49414,161.81775,3.080984,1.9415817,0.6273303,0.99998647,0.17843772,69.04691,0.9535516,1.16565545e-07,2.5621727e-08,0.009046671,2.4634694e-09
172,0.06494352,0.09291015565395355,0.09283165633678436,0.0,-0.0062928363,0.54395217,0.041692134,99.52179,639.1562,164.84332,2.9133382,0.9758844,1.6251775,0.9952642,0.173586,45.867455,0.5709399,4.4281187e-06,7.732686e-08,0.009069898,1.502978e-08
173,0.06708886,0.09293915331363678,0.092239610850811,0.0,-0.005658668,0.53471434,0.04789849,99.90081,697.1958,163.32858,3.0182314,1.8960621,0.5873221,0.9992855,0.175537,93.689255,0.8145852,4.000687e-07,3.3401925e-06,0.009425995,2.1120124e-07
174,0.06640904,0.09552406519651413,0.09541051089763641,0.0,-0.0056674685,0.5107579,0.04776715,99.97613,696.0437,165.295,2.9888496,2.080278,0.58143985,0.99960953,0.17709653,155.40172,0.7744617,4.6903213e-07,6.442452e-08,0.009143638,1.5652262e-08
175,0.0669835,0.09117212891578674,0.09068885445594788,0.0,-0.0058734533,0.48589507,0.051746756,99.76748,685.05725,164.13356,2.908764,1.8704903,0.67456496,0.99999595,0.17736706,151.19322,0.55975336,6.249269e-07,2.685256e-07,0.009312509,1.46699e-07
176,0.06570247,0.09617487341165543,0.095842644572258,0.0,-0.005674655,0.55716425,0.040625002,99.968315,698.7694,163.05309,3.0888805,1.8129897,0.8349388,0.9998862,0.1764872,70.414276,0.3103989,1.1193127e-06,5.95692e-07,0.009012811,1.10448894e-07
177,0.06515914,0.09620562940835953,0.09574981033802032,0.0,-0.0054729385,0.5562074,0.04210768,99.9678,698.57825,163.97578,2.9791515,1.60349,0.99966985,0.99989283,0.18009524,186.7883,0.31892344,5.8129973e-07,9.238003e-07,0.008952532,2.919683e-08
178,0.0657815,0.09129329025745392,0.0911327600479126,0.0,-0.005769911,0.53782356,0.045379836,99.95307,699.9098,164.99713,3.0090404,1.4241687,1.108789,0.99983597,0.17608894,82.38432,0.7392561,1.5049532e-07,9.272736e-07,0.0091985725,4.1691514e-08
179,0.066238195,0.0930691808462143,0.09269078820943832,0.0,-0.0057472563,0.5090317,0.046510763,99.80403,678.7955,163.5674,3.009998,1.6456201,0.8538377,0.99974763,0.17805156,157.01508,0.28434673,1.9512738e-06,2.2379e-07,0.009277234,4.4777245e-08
180,0.06398845,0.08943866193294525,0.0893380269408226,0.0,-0.0057651536,0.53789246,0.04454266,99.9249,680.9983,166.1372,2.9372327,1.8798292,0.6677479,0.99996614,0.1731669,188.9805,0.8569721,5.330717e-07,2.4806995e-06,0.009201774,9.718263e-08
181,0.067215316,0.09143032878637314,0.09105157107114792,0.0,-0.0054715183,0.5258487,0.049093608,99.99159,699.09424,164.04214,2.9261894,1.53462,0.9958632,0.9997949,0.17817065,99.00781,0.46429,1.978453e-07,2.0603463e-06,0.009331315,2.7384274e-08
182,0.06801878,0.09376581758260727,0.09369880706071854,0.0,-0.005484691,0.5335241,0.044710156,99.99342,667.1741,166.08206,2.9586835,1.0552799,1.5071305,0.99880344,0.17967471,82.20182,0.38189715,3.5363735e-07,1.4866908e-06,0.009160201,5.012876e-08
183,0.064640254,0.08909647911787033,0.08899490535259247,0.0,-0.0058690556,0.5237359,0.045391437,99.99657,628.91986,165.74002,2.8693962,1.4108783,1.167982,0.9999909,0.17550914,161.21907,0.25697985,1.07313944e-07,5.025849e-08,0.009145574,1.5064591e-08
184,0.067920476,0.0918516144156456,0.09169720858335495,0.0,-0.0069381557,0.54671097,0.040119994,99.99362,571.2595,165.08401,2.8705573,1.5585587,0.9470125,0.99996686,0.17342757,193.93552,0.8128909,1.1385687e-06,2.7028884e-06,0.009078333,7.0047584e-08
185,0.065276675,0.09140191972255707,0.09105410426855087,0.0,-0.0069108615,0.5410914,0.03827105,99.80244,693.97485,163.44527,2.8816373,1.4769146,1.1386292,0.9996853,0.16855541,53.703995,0.46253136,3.1550462e-07,3.7191063e-07,0.0090569975,3.304194e-08
186,0.0668596,0.09101451933383942,0.09071444720029831,0.0,-0.0054728994,0.5377078,0.044599667,99.94655,423.1378,163.40065,3.0082304,1.514109,1.0258347,0.9997346,0.17593902,92.24699,0.4970782,3.1462672e-09,3.4935393e-08,0.009363227,2.7967456e-08
187,0.069875605,0.09159664809703827,0.09156698733568192,0.0,-0.005713557,0.52245677,0.046699125,99.81732,695.87665,165.89255,2.9510608,1.324299,1.2244139,0.9997835,0.17584844,45.792664,0.13396317,5.4580095e-08,7.8450915e-07,0.009253937,1.967516e-08
188,0.06491272,0.09366478770971298,0.09315282851457596,0.0,-0.0058064656,0.5548662,0.04154732,99.99414,696.3513,165.7119,2.8666766,1.5798874,0.9826943,0.99977106,0.17578423,147.44118,0.1834905,1.5072254e-07,1.5526882e-06,0.008969699,2.4790752e-09
189,0.06785729,0.0954308733344078,0.09527447819709778,0.0,-0.0056619183,0.52857965,0.043353155,99.986885,686.8374,163.06238,3.0278864,1.6795974,0.90797865,0.9997423,0.17784682,101.101585,0.15879746,1.0443589e-06,2.1247651e-07,0.0091786785,3.2443783e-08
190,0.06528103,0.09359452873468399,0.09348923712968826,0.0,-0.005946999,0.53565025,0.042594783,99.9419,697.036,163.63742,2.9541337,1.7468693,0.83823293,0.99986,0.17672576,162.10114,0.8996114,5.9553025e-07,1.0323569e-06,0.009006729,2.8920274e-08
191,0.06554943,0.09522861987352371,0.09486184269189835,0.0,-0.0058997753,0.56289375,0.039279528,99.97661,657.04376,166.77296,3.0006526,2.1295779,0.50717825,0.999779,0.1788119,73.07897,0.6539979,4.9168966e-07,9.95431e-07,0.009087601,2.7567397e-08
192,0.06627556,0.09340783208608627,0.09337346255779266,0.0,-0.005479774,0.5376457,0.042644396,99.89424,690.27875,164.14627,2.9547942,1.4931843,1.1134655,0.9998108,0.17600119,48.054935,0.27387613,3.9499068e-07,4.940386e-07,0.009105425,3.4598653e-08
193,0.067373864,0.09598039090633392,0.09573566913604736,0.0,-0.0058758594,0.5214235,0.04401107,99.92325,697.1664,163.47026,3.0959492,1.6925786,0.9122155,0.9999146,0.1809288,117.47356,0.22902627,1.4293147e-06,1.1929891e-06,0.009171455,3.124364e-08
194,0.066645816,0.08944589644670486,0.08910942822694778,0.0,-0.005872081,0.52919376,0.04253717,99.933395,621.6076,163.37073,2.9430716,1.3543098,1.127959,0.9998851,0.17237131,169.55475,0.472731,1.407622e-07,2.6071007e-07,0.009375079,2.6875481e-08
195,0.0647453,0.09168165177106857,0.09156136959791183,0.0,-0.0075145643,0.5194901,0.04462305,99.87369,697.8432,164.24644,2.9499695,1.6142826,0.97964454,0.99932855,0.17353933,182.592,0.6492818,2.2536667e-06,2.5664222e-06,0.009191774,1.4589841e-08
196,0.06531949,0.09234946966171265,0.09228534996509552,0.0,-0.0058456124,0.5047414,0.05078997,99.82099,656.16656,165.46611,2.9767928,1.7361436,0.79889625,0.99966663,0.17960957,142.23993,0.75743043,3.5990075e-07,1.7047504e-06,0.009253626,1.3076752e-07
197,0.064281516,0.0935949832201004,0.09293284267187119,0.0,-0.005670077,0.5589578,0.04303557,99.942276,675.52606,164.74968,2.8847783,1.9222779,0.57999974,0.9998268,0.17800601,132.18527,0.6483334,1.2386566e-07,4.0534637e-06,0.009095867,4.202951e-08
198,0.065402016,0.09250953793525696,0.09236118197441101,0.0,-0.007183748,0.5533786,0.03890133,99.94589,689.4468,163.91917,2.9403162,1.541413,1.0189861,0.9999464,0.17405526,172.97227,0.5533178,1.2692598e-07,2.1743854e-06,0.008993525,2.1532223e-08
199,0.06797507,0.09369306266307831,0.09362266957759857,0.0,-0.005865974,0.5310421,0.045512155,99.67893,698.0189,165.90143,2.9977105,1.9449943,0.70522285,0.99993056,0.17541832,32.61048,0.28221223,9.963071e-07,3.6706152e-07,0.009286185,1.774981e-08
200,0.06383697,0.09033019095659256,0.08988608419895172,0.0,-0.0056589064,0.48312053,0.053842094,99.99519,293.54837,164.00174,2.907038,1.8468293,0.6328336,0.99998784,0.17864074,53.714874,0.2420094,7.916974e-07,1.0500205e-06,0.009362759,9.039553e-08
201,0.06777537,0.09284248948097229,0.08751390874385834,0.0,-0.006027005,0.5207537,0.034139268,66.62486,509.324,123.89427,2.255256,3.9482677,0.09867451,0.9918686,0.006352518,39.386612,0.010021816,0.00042103088,1.726615e-06,0.18259864,2.7578744e-05
202,0.0663643,0.09379445761442184,0.09354617446660995,0.0,-0.005987337,0.5389115,0.039760534,99.92473,323.39526,159.98166,3.0174687,1.3122009,1.1529527,0.999404,0.17793217,48.41248,0.5624256,4.4650488e-07,8.068149e-07,0.009088348,1.2917945e-07
203,0.06991289,0.09548977762460709,0.09540752321481705,0.0,-0.0054820636,0.5184226,0.046908278,99.96177,691.1848,165.73247,3.0223973,1.7154752,0.9908958,0.9996612,0.18233895,122.973404,0.37367666,3.5083377e-07,2.186111e-06,0.009103885,2.6455119e-08
204,0.068015456,0.08963499218225479,0.0895862728357315,0.0,-0.006961166,0.52078336,0.046096783,99.97546,589.26044,165.32883,2.9060707,1.3262889,1.2191572,0.9999463,0.17351645,164.74269,0.34710023,1.09308424e-07,7.39569e-07,0.009206603,1.2527146e-06
205,0.0680739,0.09070593118667603,0.09057706594467163,0.0,-0.00611592,0.5453283,0.040419478,99.87299,698.28766,162.80774,2.993018,1.5559705,0.98420286,0.99974424,0.17456622,148.06438,0.2963574,1.2624875e-08,1.0224393e-06,0.009083788,4.084655e-08
206,0.065141626,0.09181313216686249,0.09164439141750336,0.0,-0.0064821616,0.5400977,0.044048388,99.90955,690.4389,165.3126,2.9582121,1.4563464,1.1795287,0.99873555,0.17953445,35.90962,0.2332702,2.9071296e-07,7.0431906e-07,0.009048553,4.3429e-08
207,0.06716773,0.09361523389816284,0.09290497750043869,0.0,-0.0057728435,0.56440145,0.04018176,99.98176,697.41797,166.67851,2.9003477,1.7383091,0.8334502,0.9999153,0.17858742,136.79723,0.41479397,3.0717153e-08,5.9271184e-07,0.008982766,6.6577837e-09
208,0.06554012,0.09241429716348648,0.09221201390028,0.0,-0.007012139,0.5468569,0.04285783,99.80632,698.9468,164.37631,2.9417446,2.0206752,0.5100946,0.9999025,0.17104538,68.6512,0.39523888,2.1898716e-06,5.50086e-07,0.009041847,2.0348541e-07
209,0.0654494,0.09433057904243469,0.0940830335021019,0.0,-0.0062808576,0.55689716,0.039216053,99.97667,415.7233,162.01102,3.0871708,1.9379362,0.6412224,0.99981356,0.17732349,94.66774,0.71052164,2.2776915e-07,1.2404084e-06,0.0091110645,2.639264e-08
210,0.07000311,0.09238404780626297,0.09229449182748795,0.0,-0.0059947893,0.5376581,0.04445293,99.84915,622.59076,164.39606,3.040625,1.4387493,1.0679355,0.999786,0.17664318,153.57088,0.8465139,2.9395417e-07,6.960339e-06,0.009186733,3.0757317e-08
211,0.06994582,0.09002581983804703,0.08978860825300217,0.0,-0.0068012173,0.51893485,0.04672474,99.98809,422.59305,166.03477,2.8499045,1.7353063,0.8120515,0.9999849,0.17496571,113.27028,0.4479194,3.5791862e-07,1.9609267e-06,0.009178063,7.109913e-08
212,0.0659508,0.09255322813987732,0.09241493791341782,0.0,-0.0055268575,0.5372049,0.04321586,99.93377,686.7055,166.29381,2.8958602,1.5979577,1.0448368,0.999843,0.1727914,42.99628,0.2943176,3.7254782e-07,4.9535265e-07,0.009104989,3.534321e-08
213,0.06475149,0.0937429890036583,0.09319959580898285,0.0,-0.0056679,0.5342923,0.041054185,99.84812,692.72845,161.86804,3.1404428,1.9577699,0.6348561,0.9996197,0.17761967,54.603485,0.38615623,1.9793076e-06,1.7130237e-06,0.009214928,4.0886018e-08
214,0.067821056,0.09283337742090225,0.09260871261358261,0.0,-0.0056512184,0.4994221,0.0495649,99.964386,691.0644,165.38126,2.9059775,1.956563,0.63256925,0.9999196,0.18103935,141.77644,0.62908715,1.8077024e-08,2.1594238e-08,0.009220178,4.5299857e-09
215,0.06718953,0.09122863411903381,0.09112542867660522,0.0,-0.0066718357,0.5250709,0.047357693,99.62556,637.6701,165.13039,2.9019442,1.63399,1.0634103,0.99988955,0.17462617,129.57082,0.5234701,1.79783e-06,2.475518e-07,0.009124123,9.708508e-08
216,0.06759978,0.09087809175252914,0.09037341177463531,0.0,-0.007419677,0.52334183,0.043708604,99.932785,697.8176,166.5007,2.8276112,1.6086726,0.96743965,0.9998635,0.17125478,182.61794,0.15788928,2.7951364e-08,2.7856478e-07,0.009027161,3.036459e-08
217,0.06597124,0.09348248690366745,0.09334754943847656,0.0,-0.0054746666,0.54211384,0.044055533,99.78464,698.1835,164.28746,3.0205755,1.7790991,0.8266784,0.99945414,0.17518558,91.11188,0.029385302,9.08826e-08,1.6605703e-07,0.009045204,3.137014e-07
218,0.06665992,0.08893711864948273,0.08863681554794312,0.0,-0.0066161477,0.53721756,0.043838333,99.81184,367.15536,161.87497,3.0009656,2.056445,0.47904778,0.99985373,0.17096971,136.4448,0.7258651,6.3241528e-09,2.1049038e-06,0.009351495,1.4934324e-07
219,0.06796581,0.09571032226085663,0.09536406397819519,0.0,-0.005483361,0.4839368,0.054120366,99.9653,599.0888,164.51317,3.0596368,1.8545614,0.7794447,0.99953413,0.17915821,118.93289,0.48437724,1.2797908e-06,2.057266e-06,0.009285983,6.9162965e-08
220,0.06558853,0.09202978014945984,0.09179745614528656,0.0,-0.0055733654,0.51260084,0.046047833,99.789276,698.6429,164.27937,2.983692,2.056608,0.5498735,0.999974,0.17428766,36.275616,0.992857,9.626859e-08,8.710119e-07,0.009243342,8.781675e-08
221,0.06536969,0.09190522879362106,0.09182415902614594,0.0,-0.0069358526,0.5251489,0.047605835,99.991356,653.4505,164.32994,2.9117317,1.8166507,0.81652796,0.999786,0.17286298,153.21362,0.5881161,5.4867815e-08,1.9084355e-06,0.009150061,3.6582176e-08
222,0.06535576,0.0924544483423233,0.09386435151100159,0.0,-0.0056195357,0.44130483,0.054326475,79.46277,503.4708,136.4938,2.5941727,3.2117505,9.507007,0.9975594,2.9521482e-06,37.2567,0.013646894,0.006653515,1.2379554e-06,0.0012141695,0.77644736
223,0.067766614,0.09284626692533493,0.09252771735191345,0.0,-0.00580938,0.50027436,0.04976799,99.916855,431.89136,165.7894,2.9206176,1.7666367,0.83032614,0.99977916,0.18044765,82.62366,0.69504416,4.001714e-07,5.272659e-06,0.009197582,6.040914e-08
224,0.06602911,0.09341330826282501,0.09326058626174927,0.0,-0.005505296,0.5042907,0.05031823,99.8645,566.89844,164.3246,2.9579482,1.6268305,0.92799795,0.99983823,0.17998679,164.63805,0.5954019,2.1526716e-07,3.93446e-07,0.009350371,1.5875958e-08
225,0.0651006,0.09212207794189453,0.09204408526420593,0.0,-0.005483292,0.53675646,0.04222654,99.934204,699.4472,165.10272,3.0038128,1.7024833,0.8598357,0.9999701,0.17440322,114.34413,0.1623538,3.2460704e-07,3.4026266e-07,0.00926189,4.0467583e-08
226,0.06523897,0.09296730905771255,0.09270726144313812,0.0,-0.0055381265,0.5065314,0.04726948,99.531715,693.414,164.65074,3.004342,1.4684782,1.0192556,0.9991136,0.17891566,69.64845,0.962191,3.0385133e-06,3.5810564e-07,0.009209141,1.479477e-07
227,0.066681586,0.09445837140083313,0.09411440789699554,0.0,-0.005960514,0.5535278,0.03886715,99.85023,674.56305,162.32251,3.1231065,1.282292,1.2862569,0.9993052,0.17537673,85.66168,0.8031202,8.004473e-07,1.0355323e-06,0.009173434,1.9035378e-08
228,0.067694016,0.09478555619716644,0.09463505446910858,0.0,-0.0057748994,0.5381874,0.042834274,99.88327,692.9053,162.33969,3.0137804,1.4150543,1.1392971,0.9998354,0.17883411,104.28371,0.020063668,7.358515e-07,9.105817e-07,0.009043829,2.5024116e-08
229,0.06473382,0.0938207134604454,0.09364395588636398,0.0,-0.0054797702,0.5031597,0.0496723,99.97692,614.4247,165.36873,3.0140364,1.8052614,0.7579377,0.99994254,0.17973864,139.68059,0.6888476,3.9034013e-08,1.9382278e-09,0.009284154,2.2680137e-08
230,0.06821501,0.09432567656040192,0.09408999234437943,0.0,-0.0055133794,0.5265317,0.045434006,99.90659,524.68054,162.92403,2.837644,1.4261222,1.0781896,0.9999495,0.17927983,131.21822,0.15451784,1.6675745e-07,7.857379e-07,0.009023221,2.673741e-09
231,0.06624357,0.09501631557941437,0.09484710544347763,0.0,-0.005637642,0.5338177,0.042985924,99.947075,690.43384,163.06224,2.9794223,1.737622,0.8528479,0.9998546,0.179705,42.802326,0.16658764,2.3291486e-07,1.278414e-06,0.008954519,2.2175218e-08
232,0.06761294,0.09145403653383255,0.09144372493028641,0.0,-0.005842233,0.51443094,0.04908539,99.74305,680.30133,165.22197,2.955939,1.7643639,0.7805956,0.9995533,0.17703998,66.59021,0.2587782,8.1931404e-07,3.922628e-06,0.009187327,3.3516155e-08
233,0.067989744,0.09423480927944183,0.09405048936605453,0.0,-0.005587454,0.5416372,0.043223932,99.96375,692.38367,162.89064,2.971202,1.6192083,0.96400684,0.9996433,0.18042669,44.830315,0.79486847,6.694158e-07,7.549745e-07,0.009014477,3.055174e-08
234,0.06754028,0.09116153419017792,0.09101668000221252,0.0,-0.005484333,0.5135926,0.045927875,99.927605,697.7744,164.89722,2.8848126,1.4257789,1.0294694,0.9999237,0.17580503,78.47167,0.53847176,3.888582e-07,3.995236e-07,0.009193088,1.06885185e-08
235,0.06582978,0.09320289641618729,0.0930103212594986,0.0,-0.00545934,0.504708,0.048245672,99.98246,563.0526,164.24393,2.919516,1.5511469,1.0552884,0.9999756,0.17965017,108.012566,0.41514567,9.061108e-09,1.0208866e-08,0.009135433,2.8556853e-08
236,0.06712129,0.09245259314775467,0.09232650697231293,0.0,-0.0057815094,0.5060865,0.048258327,99.95911,518.21185,164.19102,2.9374664,2.0056057,0.6236797,0.9995182,0.17849275,124.82063,0.73965216,3.934577e-07,2.9173108e-07,0.009207129,3.999034e-08
237,0.06394305,0.09259965270757675,0.09234987199306488,0.0,-0.0064507243,0.56287223,0.039042853,99.98935,699.39606,164.10204,3.0487182,1.7458631,0.8483985,0.9999674,0.17413536,124.361115,0.26303717,8.961756e-07,2.0477278e-06,0.009032611,4.9774318e-08
238,0.0678392,0.09385419636964798,0.0937948152422905,0.0,-0.0055005853,0.5373157,0.044153463,99.97731,697.40857,165.39091,2.9507005,1.664079,0.9087408,0.99992913,0.1751749,56.030346,0.28724873,1.17482585e-07,4.185699e-07,0.009112277,2.3085919e-08
239,0.0657476,0.0915260836482048,0.09100771695375443,0.0,-0.005475439,0.4919279,0.0501849,99.972015,698.50836,166.29103,2.9776437,1.7743683,0.8153435,0.99992627,0.17401178,182.3175,0.23869856,5.9007914e-07,8.1420455e-07,0.009286023,2.7876874e-08
240,0.065729514,0.09326833486557007,0.09297576546669006,0.0,-0.0055152136,0.4983495,0.051410463,99.96385,688.5006,167.08887,3.0015886,1.8582646,0.7661787,0.9998417,0.17588945,48.93473,0.80929357,7.711728e-09,4.5254203e-07,0.009196853,9.034313e-09
241,0.062569596,0.09262474626302719,0.09250447154045105,0.0,-0.006039894,0.5349869,0.042499676,99.97586,284.70764,161.19365,2.9637005,1.7772596,0.8130478,0.9997582,0.18067087,25.322979,0.8545681,8.5302963e-07,9.992973e-07,0.009008018,1.04401735e-07
242,0.063754894,0.09322917461395264,0.09316049516201019,0.0,-0.0056260186,0.54397136,0.03997381,99.99679,695.037,163.7974,3.0150852,2.4588044,0.10783799,0.9995661,0.1775889,128.20216,0.61551857,2.2629134e-08,4.534873e-07,0.009068886,4.3867203e-08
243,0.06502671,0.09261799603700638,0.09239096939563751,0.0,-0.005475543,0.5307795,0.045200486,99.97076,698.64246,166.41557,2.8562884,1.6459515,0.8822111,0.99999064,0.17728119,159.86475,0.82193774,1.2296478e-07,1.0632305e-07,0.009072649,1.4088753e-08
244,0.06609196,0.09161555767059326,0.09141453355550766,0.0,-0.0055365376,0.5171582,0.044645168,99.9541,539.0802,163.79985,2.9603531,1.9924617,0.5756692,0.99978614,0.17723174,160.45383,0.34484664,5.187268e-07,8.360384e-07,0.009172297,1.4374751e-07
245,0.0650472,0.09262188524007797,0.09236364811658859,0.0,-0.005881524,0.5128041,0.0496225,99.94931,696.0544,166.4849,2.8236096,1.7906036,0.7987818,0.9999245,0.17763044,120.28707,0.79229015,3.0767268e-07,1.4301374e-06,0.009119233,1.33844456e-08
246,0.067653865,0.09449756890535355,0.09386032819747925,0.0,-0.0066776616,0.5550387,0.044072185,99.91529,698.6114,164.25926,3.0053284,1.6963588,0.93910205,0.99981797,0.18005337,149.4519,0.61754423,8.1735024e-08,1.4655939e-06,0.009175908,3.822701e-08
247,0.0640432,0.09505877643823624,0.09476836025714874,0.0,-0.0057343887,0.5411368,0.042316157,99.94211,691.94904,165.80829,2.9531734,1.8734977,0.79099387,0.9999891,0.1809879,66.71029,0.2650569,1.3470026e-06,1.548891e-07,0.008946367,1.0938857e-07
248,0.06624773,0.09335295855998993,0.09278926253318787,0.0,-0.00548015,0.5396598,0.045978524,99.665306,688.38434,160.80806,3.0112565,1.7765014,0.81974894,0.99848866,0.18137768,160.7236,0.22110237,1.6810917e-06,5.2725665e-07,0.009074174,2.327366e-07
249,0.06763616,0.09177408367395401,0.09154108911752701,0.0,-0.0054649552,0.502283,0.050129406,99.99397,601.6731,165.35982,3.0024555,1.7291975,0.78249174,0.9996723,0.17774625,37.38905,0.4844516,3.4412747e-07,1.5746164e-07,0.009358309,3.8458523e-08
250,0.0669217,0.09207247942686081,0.09193610399961472,0.0,-0.0060924888,0.53320086,0.043666925,99.90473,353.4081,160.98071,3.0225396,1.6713115,0.8805883,0.9995701,0.17850867,91.02265,0.30805126,6.401722e-07,1.5246844e-07,0.009156886,2.8290575e-08
251,0.06498179,0.09257472306489944,0.09233378618955612,0.0,-0.005712082,0.5009721,0.048842687,99.97125,566.32715,164.79169,2.9042935,1.8147527,0.76117957,0.9998736,0.17846096,72.683495,0.6755311,3.5349736e-08,4.5552906e-07,0.009171557,1.251679e-07
252,0.06265235,0.09391243010759354,0.09372672438621521,0.0,-0.0056043696,0.51819885,0.04631992,99.97306,390.1181,164.35654,2.9068666,1.8736813,0.7195882,0.99991655,0.1820385,89.500336,0.4841666,6.145768e-07,4.033803e-07,0.009074956,1.7917626e-08
253,0.064988345,0.09477159380912781,0.09464401006698608,0.0,-0.005495367,0.5405308,0.04195827,99.99342,681.8601,163.03433,3.0641952,1.9554083,0.6804375,0.9993636,0.17741936,85.1408,0.3335315,2.5572862e-07,3.7265733e-07,0.009079093,5.5762104e-08
254,0.06544046,0.09384983777999878,0.09337698668241501,0.0,-0.005527209,0.49803445,0.048037704,99.86313,688.3033,164.86621,2.9930613,1.823493,0.7725087,0.99986696,0.17954463,105.37753,0.63589686,2.9606514e-07,5.089632e-07,0.0091945,3.4420744e-08
255,0.067247376,0.092276930809021,0.0922047346830368,0.0,-0.0066807843,0.540807,0.04204053,99.909,699.8587,163.48315,2.9991329,1.6810077,0.95521194,0.99960744,0.17251554,69.38039,0.9297264,3.6752434e-07,1.0786521e-06,0.009157765,3.1777407e-08
256,0.06568435,0.09129524976015091,0.09116765111684799,0.0,-0.005852539,0.5388333,0.043137036,99.869965,625.9767,165.49817,3.0710478,1.6590745,0.9496404,0.99936587,0.17508678,96.52575,0.49135998,2.7949807e-07,4.0645423e-06,0.009231635,5.952258e-09
257,0.06608969,0.09271086752414703,0.09259732812643051,0.0,-0.0054607284,0.528656,0.044974726,99.87153,692.9714,164.0383,2.8857095,1.8871974,0.60506696,0.9995204,0.17808835,105.577736,0.51012576,4.009885e-07,4.094892e-06,0.009284393,1.1831709e-07
258,0.06411126,0.09365254640579224,0.09358459711074829,0.0,-0.0055227033,0.50478464,0.050906345,99.99307,610.70966,165.66354,2.918157,1.8479868,0.7640068,0.99999624,0.17726381,49.283203,0.7324988,2.2595081e-07,7.8892725e-08,0.00924524,3.8320508e-08
259,0.06734365,0.09401549398899078,0.09367620944976807,0.0,-0.0056044743,0.54092205,0.045030735,99.997765,699.88086,166.03773,3.02033,2.0723567,0.62867785,0.99998665,0.17813286,134.91348,0.37478092,7.304313e-07,2.074343e-08,0.0090168575,3.7629718e-08
260,0.064066924,0.09508233517408371,0.0947403833270073,0.0,-0.0061955163,0.56419325,0.036812197,99.93873,696.982,162.13516,3.0520084,1.5845941,1.0035514,0.9997203,0.17867069,65.0688,0.33946845,2.6941152e-07,6.2359305e-07,0.009053802,8.2527144e-08
261,0.06556685,0.09221474081277847,0.09177519381046295,0.0,-0.0074776085,0.5522805,0.04134709,99.97899,696.79803,165.14462,2.8387809,1.5708128,0.98094094,0.9999296,0.17615873,126.96513,0.84611887,1.3387276e-07,2.472935e-07,0.008989243,1.4158498e-08
262,0.0658913,0.09058284014463425,0.09039507806301117,0.0,-0.005801708,0.5474628,0.043276004,99.98737,689.1886,164.34123,2.9973526,1.4512768,1.0668839,0.9998168,0.17574802,195.66206,0.9469895,1.0285092e-07,8.370153e-07,0.009145076,3.335042e-08
263,0.06651471,0.09300971776247025,0.09266036003828049,0.0,-0.0055567683,0.5086784,0.045466673,99.95463,697.8004,164.04993,2.9749165,1.5525404,0.93622935,0.99944735,0.17551623,71.17483,0.615013,3.947372e-07,2.3319674e-06,0.009164399,9.3722905e-09
264,0.06833925,0.0931435078382492,0.09308518469333649,0.0,-0.005767298,0.5294597,0.043442696,99.82365,696.9642,164.89952,2.93307,1.5948029,0.9605538,0.9998194,0.17787798,108.39634,0.28346562,5.027713e-07,7.6673655e-07,0.009108514,9.57154e-08
265,0.06862966,0.09066575765609741,0.09056729823350906,0.0,-0.0062877913,0.5385156,0.041418947,99.911446,699.6855,165.4146,3.069095,1.8863344,0.7326861,0.9999766,0.17665723,86.23123,0.6919305,8.956395e-07,2.4332417e-06,0.009182712,6.3894696e-08
266,0.06458084,0.09069585055112839,0.09026581794023514,0.0,-0.005465585,0.5282897,0.046539392,99.99606,698.2259,169.12683,2.8826654,1.8809882,0.70122296,0.999909,0.17771955,127.183365,0.33148006,1.5963844e-08,2.1305488e-07,0.009290282,1.5186242e-08
267,0.06512427,0.09218839555978775,0.09188037365674973,0.0,-0.006256863,0.50703025,0.046402473,99.842514,642.0758,164.89264,2.9896138,1.7330527,0.8043131,0.9992188,0.17470817,160.67632,0.7783892,7.334999e-07,2.6701678e-06,0.009150132,1.6520268e-07
268,0.06551121,0.08913864195346832,0.08899707347154617,0.0,-0.005585777,0.5358151,0.0453106,99.98263,699.59546,165.72813,2.8636153,1.659736,0.887278,0.99971175,0.17176954,68.51,0.47052148,9.296561e-09,3.6732524e-07,0.009198645,7.3164344e-08
269,0.06813444,0.09480142593383789,0.09468983113765717,0.0,-0.0056558615,0.5348853,0.04326737,99.95214,697.89343,163.63962,3.100832,1.8063695,0.8603747,0.9997749,0.1782512,36.887424,0.6575233,1.3888953e-06,2.0460177e-06,0.009033118,2.5903615e-08
270,0.06466254,0.08971970528364182,0.08938643336296082,0.0,-0.0072180075,0.5141426,0.04468187,99.9893,693.0883,164.67072,2.928056,1.8240595,0.7312401,0.99992555,0.17186983,32.2296,0.25166962,8.622756e-07,4.890222e-07,0.00910183,9.8115365e-09
271,0.065606095,0.09370949119329453,0.09363491833209991,0.0,-0.00545814,0.5263173,0.046930693,99.96914,680.0187,166.01428,3.004229,1.9821453,0.59125865,0.9999539,0.17879295,61.859127,0.4616763,5.5048133e-07,1.1906216e-06,0.00924441,1.6774109e-09
272,0.069984965,0.0919538363814354,0.09177476167678833,0.0,-0.0057686586,0.50261587,0.04993601,99.923485,311.02502,163.60281,2.94731,2.5604086,0.051540066,0.9993177,0.18187381,99.624344,0.31754014,6.9497946e-07,2.3034943e-06,0.009173273,4.565412e-08
273,0.06753663,0.09766118228435516,0.09757072478532791,0.0,-0.005726055,0.5290074,0.04298284,99.859,699.459,164.387,3.0319302,1.7423704,0.8891161,0.99999136,0.18501242,142.53632,0.2393763,4.33389e-07,1.7595865e-07,0.009092826,4.114111e-08
274,0.06337042,0.09517761319875717,0.09541915357112885,0.0,-0.005842746,0.4709941,0.04716042,99.548195,679.8732,155.14093,3.1029615,3.1740375,0.31125268,0.999968,1.1235796e-07,37.65845,0.013803847,0.006657075,1.17889684e-07,0.00038859382,0.58688414
275,0.06734007,0.09011411666870117,0.09000924229621887,0.0,-0.0055856127,0.53298736,0.045253664,99.97845,415.70285,165.19829,2.9435904,1.8971369,0.68053645,0.99991304,0.17450725,20.976665,0.76004165,3.4658225e-07,7.6659495e-07,0.009299189,1.0512467e-08
276,0.065552555,0.09333308786153793,0.09316839277744293,0.0,-0.005615426,0.5448578,0.042592727,99.99468,696.59033,164.78947,2.9959972,2.2536507,0.35641629,0.9995815,0.17962354,99.69693,0.9180778,2.029589e-06,1.4222472e-06,0.008994552,1.6070237e-08
277,0.06554387,0.09641704708337784,0.09583944082260132,0.0,-0.005597368,0.5065409,0.046047363,99.89012,698.8599,162.8999,3.0544505,1.9760283,0.6032718,0.99878734,0.17733033,92.2861,0.17728369,9.10096e-08,4.153724e-07,0.009171802,2.6782404e-08
278,0.06829788,0.0895031988620758,0.08840429782867432,0.0,-0.0058508688,0.55237633,0.04527112,99.796295,547.8832,166.11124,2.7512112,1.6778277,0.812514,0.9993922,0.17493917,65.99652,0.6363365,6.8730674e-07,2.1340984e-06,0.009106781,1.7535821e-07
279,0.067190655,0.09442176669836044,0.09358645975589752,0.0,-0.0069112564,0.57113224,0.040082056,99.98787,692.0755,162.921,3.0046535,1.7373512,0.82496816,0.9999832,0.1792973,59.654358,0.7491188,5.9125676e-07,7.538842e-07,0.009030717,3.8964448e-08
280,0.06652156,0.09205667674541473,0.09175840020179749,0.0,-0.0059383083,0.5381577,0.044525728,99.95638,587.4644,165.87932,2.899195,1.6281877,0.9224824,0.9999193,0.1787403,188.76215,0.65453964,2.5396847e-07,5.2699517e-07,0.009022976,1.5966087e-07
281,0.062140953,0.09376759827136993,0.09359053522348404,0.0,-0.0055155507,0.5449336,0.04294174,99.92883,368.3795,162.10095,3.0035,1.8496354,0.7581074,0.9995991,0.18020569,181.02321,0.67985624,4.6468526e-07,4.4700364e-06,0.009113665,9.3914096e-08
282,0.06638077,0.09136798977851868,0.09117674827575684,0.0,-0.0055223177,0.5133288,0.048389476,99.997894,668.1952,167.45398,2.8725326,1.5687046,1.0324702,0.9998423,0.17751521,106.054405,0.34874076,2.6740568e-07,8.810937e-07,0.009245925,1.1338327e-08
283,0.06722001,0.09292426705360413,0.09446902573108673,0.0,0.08847503,0.6302267,0.033988535,99.96779,698.8106,161.3518,3.0012505,1.6677985,0.92426157,0.99946153,0.18200311,167.78348,0.84329957,5.393548e-07,9.632371e-07,0.00880361,6.927709e-09
284,0.06549664,0.09330872446298599,0.09281648695468903,0.0,-0.005462851,0.5022841,0.046792228,99.9349,402.8449,164.7781,3.0030692,2.0231314,0.5308359,0.9998381,0.18022108,154.14864,0.8161725,2.3975687e-07,1.949897e-07,0.009319336,7.2736865e-09
285,0.06473612,0.09101299941539764,0.09094499796628952,0.0,-0.005633031,0.51471835,0.04758995,99.99093,686.39166,164.87447,2.9217777,1.8401564,0.7044058,0.99998,0.1768765,128.90631,0.9557412,3.7685062e-08,5.4380543e-08,0.009288168,3.153402e-08
286,0.065374814,0.09420005977153778,0.0933322161436081,0.0,-0.00576632,0.5625807,0.04159513,99.99677,699.4783,165.60164,2.8638139,1.6679254,0.9760335,0.9997777,0.18101504,176.31189,0.45048943,2.4962313e-07,3.5261422e-07,0.008942291,5.1921536e-08
287,0.06646092,0.09420257806777954,0.09393510222434998,0.0,-0.00564471,0.48746428,0.053318057,99.97221,399.6011,163.62976,3.0609572,1.96693,0.6045629,0.9996591,0.17774907,116.90474,0.8445796,1.18717026e-07,1.1659645e-07,0.009245903,4.128165e-08
288,0.06515585,0.09542865306138992,0.09521694481372833,0.0,-0.005603024,0.49910256,0.052313767,99.848114,692.0893,165.15477,3.0285754,1.9154403,0.67156,0.99886227,0.18446314,149.27818,0.7163082,1.0422216e-06,1.8858149e-06,0.00934584,2.2454526e-07
289,0.065890685,0.095011405646801,0.09616218507289886,0.0,0.088562444,0.63223153,0.0341389,99.93386,699.65405,163.17348,2.9625344,1.7744135,0.8626543,0.999736,0.1843528,107.69488,0.6221179,2.146295e-07,5.694705e-07,0.008722353,8.121944e-08
290,0.0654757,0.09574036300182343,0.09555105865001678,0.0,-0.0055934577,0.5138539,0.04506398,99.9524,607.60675,165.24367,2.9972053,1.8781974,0.7687965,0.99994737,0.17995341,151.50491,0.6949244,4.1863365e-07,9.0456215e-06,0.0092025045,5.7267002e-08
291,0.065456726,0.0938805565237999,0.09381154179573059,0.0,-0.00550997,0.53712827,0.041810654,99.9942,686.0403,164.4489,3.075746,1.8107473,0.69383764,0.9980835,0.17394817,50.875366,0.24043053,2.9721855e-07,1.3380438e-06,0.009160364,2.6035667e-07
292,0.0647469,0.09424890577793121,0.09417952597141266,0.0,-0.005519274,0.514983,0.047755424,99.9677,425.9488,163.874,2.9528158,1.76154,0.78924054,0.99992335,0.18505765,96.54295,0.3296988,2.676403e-07,6.251737e-07,0.009125207,1.5022366e-08
293,0.06494975,0.08942911773920059,0.08923356980085373,0.0,-0.0055079833,0.5390973,0.045405332,99.958855,692.9602,165.59297,2.9121559,1.5883296,0.96533096,0.9999603,0.17762868,49.94513,0.1452382,8.8602974e-07,1.0610472e-06,0.009216836,1.8926936e-08
294,0.06491274,0.08933814615011215,0.08906129747629166,0.0,-0.0067161745,0.5162345,0.043997373,99.98155,694.1716,165.4641,2.989568,1.7867913,0.7975591,0.99995303,0.17429361,166.85432,0.8857928,6.4349507e-07,1.3131312e-07,0.009198573,1.1575093e-08
295,0.06452753,0.09361515194177628,0.09355606138706207,0.0,-0.006527777,0.5357795,0.043762974,99.85198,685.299,164.4074,2.949194,1.7445343,0.9557599,0.9982369,0.17703198,162.64548,0.23642722,1.2274206e-06,9.721483e-06,0.00907096,4.6964595e-07
296,0.0663893,0.09202535450458527,0.0853147953748703,0.0,-0.0062307995,0.4786371,0.04067677,69.7132,520.0963,129.85307,2.3453264,3.2493808,0.0001903398,0.9885465,0.006858073,36.776802,0.010313515,0.00023627174,1.21446155e-05,0.17373908,1.2400708e-05
297,0.06545883,0.09504521638154984,0.09479975700378418,0.0,-0.005549527,0.49246725,0.052049845,99.97497,686.79126,164.46971,3.0111637,1.7978983,0.83203596,0.9997213,0.18323131,142.75548,0.5944168,5.3826227e-07,2.8687841e-06,0.009298015,8.281898e-09
298,0.0668304,0.09482944011688232,0.09429936110973358,0.0,-0.0072572865,0.57474935,0.03676195,99.72456,686.8728,164.39806,2.9232912,2.420861,0.21785755,0.99975675,0.17270502,66.83955,0.484271,3.23632e-07,5.586445e-07,0.008954829,5.6704806e-08
299,0.066690095,0.09015533328056335,0.08996894955635071,0.0,-0.0059174527,0.5313844,0.046877988,99.95671,697.1783,166.26495,2.8916292,1.7749677,0.78782684,0.9997381,0.17513995,95.432976,0.5147107,3.985958e-07,2.4549485e-07,0.009189338,2.6769895e-08
300,0.06397551,0.09353066235780716,0.09350249916315079,0.0,-0.005939178,0.5375713,0.04209943,99.94692,697.96765,164.92577,2.9250808,1.8018503,0.79101026,0.999477,0.17558071,86.01079,0.74698234,7.6725804e-08,2.6694664e-07,0.0092174765,1.8450326e-08
301,0.06740963,0.09353252500295639,0.09336917847394943,0.0,-0.0072925957,0.54348,0.04278824,99.99262,688.90436,163.29546,3.0394483,1.8000972,0.79215705,0.9998905,0.17436165,182.91835,0.18612641,3.542557e-08,4.933483e-07,0.009024825,2.4750987e-08
302,0.06599877,0.08989360928535461,0.09005749970674515,0.0,-0.0074373903,0.46187273,0.05201875,99.967316,621.88513,156.13939,3.104857,2.7529547,0.00697075,0.99603885,0.00024958226,36.919315,0.01395516,0.0064699156,1.0544466e-06,0.15809056,0.0023940443
303,0.065640055,0.09466594457626343,0.09437786042690277,0.0,-0.005582878,0.552512,0.042272337,99.942,696.9118,163.14485,2.9518614,1.843787,0.77498364,0.9998368,0.17623843,51.641296,0.07956764,2.3228799e-07,7.3426156e-07,0.00905687,2.6793983e-09
304,0.0676768,0.09029850363731384,0.08995337039232254,0.0,-0.0066821263,0.5369592,0.044011477,99.963394,696.4346,164.76913,2.784409,1.5447239,1.0033779,0.9999716,0.1740925,120.471016,0.36633867,1.4355216e-07,2.8132857e-07,0.009049175,5.789703e-09
305,0.06304792,0.09650551527738571,0.09632716327905655,0.0,-0.0054918346,0.50505906,0.04935343,99.999,699.25055,164.79019,2.95342,1.6747482,0.9385399,0.9999321,0.17998607,99.965965,0.36273462,5.135441e-08,2.4060127e-09,0.009045515,2.8111444e-08
306,0.067446776,0.09290602058172226,0.09276828169822693,0.0,-0.0070178206,0.5448927,0.041560728,99.96044,697.93933,164.24818,2.905149,1.962099,0.6441543,0.99979633,0.18115601,31.451418,0.012748237,5.923576e-07,5.04522e-07,0.009080383,4.1978485e-08
307,0.06493057,0.0891035795211792,0.08900643140077591,0.0,-0.0070995283,0.5308685,0.04553476,99.85223,652.54016,166.34744,2.8642366,1.7226909,0.8164891,0.99980766,0.17247914,68.34762,0.10714473,5.535681e-07,2.0864325e-06,0.009251824,1.910434e-07
308,0.06666816,0.09118417650461197,0.09075842052698135,0.0,-0.006260952,0.56532174,0.039934162,99.99536,698.8723,164.4476,2.9338164,1.564571,0.9666499,0.99976176,0.17557582,155.08253,0.530067,3.979332e-07,7.791768e-07,0.009192394,1.0824383e-08
309,0.0675742,0.09041925519704819,0.09036651998758316,0.0,-0.00553624,0.51676726,0.046657432,99.9661,685.93414,165.07039,2.9496157,1.9110289,0.7104836,0.9999186,0.17739722,21.902071,0.6330852,4.1788869e-07,8.017839e-07,0.0091522215,2.9225687e-08
310,0.06552416,0.08923353254795074,0.08897928148508072,0.0,-0.007412656,0.5499627,0.04157767,99.90698,699.88513,166.5557,2.8452313,1.680049,0.84788513,0.99992836,0.1728032,102.588036,0.59919536,1.5737176e-07,1.7906771e-07,0.00918124,2.740684e-08
311,0.06421515,0.09144044667482376,0.09122294932603836,0.0,-0.006606141,0.52363867,0.046154615,99.95156,692.4609,164.20659,2.8079028,1.3806027,1.1374817,0.99995196,0.17687656,118.3829,0.22187392,2.229361e-07,3.3085806e-07,0.009069254,4.345333e-09
312,0.06630814,0.09259417653083801,0.09235027432441711,0.0,-0.0056371693,0.5202595,0.045480203,99.947975,623.1253,164.07738,2.8210115,1.6063064,1.0153395,0.9999506,0.17584302,191.56082,0.765518,1.8415406e-07,1.4546718e-07,0.009069121,8.2534575e-09
313,0.06577915,0.09270010143518448,0.09265781193971634,0.0,-0.0057206717,0.5349801,0.043046217,99.954056,698.13,165.16862,3.032666,1.9374251,0.63659185,0.9998913,0.17601688,97.82919,0.6620747,4.5966948e-07,1.6764076e-07,0.009142035,4.2144823e-08
314,0.06708165,0.09627634286880493,0.09607568383216858,0.0,-0.0058260057,0.5133171,0.045788966,99.842255,665.27563,163.18057,3.0211806,1.5866959,0.9758311,0.99977255,0.17867136,117.7903,0.41127104,2.7969386e-07,2.6304672e-06,0.009157493,1.649059e-07
315,0.06657786,0.09133490920066833,0.09029178321361542,0.0,-0.0063383705,0.5036429,0.045515254,99.7968,691.12585,168.34242,3.0422347,1.742743,0.9297484,0.999526,0.17410849,96.605644,0.27953207,2.3640152e-07,2.1851024e-06,0.009287306,3.8099753e-08
316,0.066937216,0.0914570763707161,0.09121084958314896,0.0,-0.0072357827,0.5221011,0.04255821,99.99992,697.4525,165.29875,2.9021819,0.37424156,2.226149,0.99951655,0.17537172,179.58905,0.92998683,2.1791411e-06,7.0295882e-06,0.009107989,2.0489728e-09
317,0.0659771,0.09292203187942505,0.09264880418777466,0.0,-0.0054806327,0.51456547,0.049359567,99.94397,425.10733,163.50443,2.971527,1.7176778,0.82623714,0.99995744,0.17756552,45.460026,0.49008328,5.1761795e-08,1.7975952e-07,0.009426092,8.467192e-08
318,0.06665356,0.0953027680516243,0.09460412710905075,0.0,-0.0054752794,0.5413456,0.04832513,99.94749,650.4076,164.81395,3.026248,1.5126618,1.0528615,0.999868,0.1842589,92.621765,0.72441685,5.9407995e-07,2.8931174e-06,0.00914582,1.6626439e-08
319,0.0649857,0.09593717008829117,0.09557008743286133,0.0,-0.005794071,0.5273168,0.043858826,99.87187,663.9811,164.6266,3.0011868,1.4115536,1.2373345,0.9997232,0.1781503,103.11925,0.9749177,1.0455469e-06,1.3788001e-06,0.008886246,6.6020913e-09
320,0.06593149,0.09573125839233398,0.09561159461736679,0.0,-0.005540696,0.54046506,0.043175306,99.983116,696.04974,165.23221,3.0320802,1.2413111,1.3272154,0.9989353,0.18251204,138.75468,0.77579963,8.2126326e-07,1.0783145e-07,0.009067675,2.7046585e-08
321,0.06810034,0.09333650022745132,0.09304441511631012,0.0,-0.0056533944,0.5362884,0.041852236,99.19794,603.4505,161.42029,3.1006224,1.2674181,1.2593833,0.99976975,0.17662144,74.80112,0.4640072,2.3193932e-07,8.554371e-06,0.009225644,1.8094899e-07
322,0.06792379,0.09249254316091537,0.09240638464689255,0.0,-0.00577561,0.5185492,0.045562543,99.86997,697.9204,165.61049,2.9718568,1.5898324,1.0325553,0.9998032,0.17905101,116.37348,0.5374854,1.4773236e-06,1.0886662e-06,0.0091879675,3.031311e-08
323,0.06831761,0.08907313644886017,0.08847415447235107,0.0,-0.0061317035,0.55561984,0.04335236,99.98588,680.1254,164.91292,2.9721372,1.6472284,0.91259104,0.99977267,0.17604251,26.717916,0.2539404,1.7627836e-07,2.8896966e-07,0.009311965,2.938506e-08
324,0.06716616,0.09417833387851715,0.09410981088876724,0.0,-0.005525739,0.53387254,0.04533704,99.99909,695.8214,164.95935,2.9425716,1.8081585,0.7807771,0.9999409,0.17806084,19.915066,0.8722721,1.7985543e-07,1.0300668e-06,0.009117513,2.3737433e-08
325,0.064901665,0.09349653124809265,0.09336218982934952,0.0,-0.005799888,0.5336479,0.044053394,99.86958,693.2424,165.15764,2.8984952,1.5669384,1.0762848,0.99976236,0.17813358,53.60834,0.67381877,1.9580843e-07,4.961894e-07,0.009037238,3.5655e-08
326,0.066530995,0.09138394892215729,0.09129057079553604,0.0,-0.0057663405,0.5205268,0.04790781,99.93218,665.0987,164.22476,2.919598,2.0202703,0.5341259,0.999936,0.17385446,169.43443,0.8049628,6.482619e-07,1.12191294e-07,0.009310717,8.062414e-08
327,0.06742531,0.09688810259103775,0.09673495590686798,0.0,-0.005539407,0.53775936,0.044207938,99.99954,668.9696,164.33688,2.9372828,1.7030728,0.9018383,0.9999345,0.18161428,106.7082,0.23006985,4.084285e-07,5.1807756e-08,0.009035362,2.2802533e-08
328,0.06583145,0.09249015152454376,0.09244760125875473,0.0,-0.005535012,0.52194786,0.04632541,99.87871,545.528,164.63403,2.947569,1.8524528,0.70891124,0.999882,0.17998384,167.17354,0.46652538,6.34436e-07,5.279555e-07,0.009258438,6.9447887e-09
329,0.0677317,0.09578917175531387,0.09546592831611633,0.0,-0.005455795,0.55886936,0.041283213,99.80652,696.3454,164.3469,2.990373,1.5642879,0.98605525,0.9994098,0.17705056,192.63147,0.18511839,3.8745975e-09,5.3754447e-06,0.009054341,1.8661174e-08
330,0.06660992,0.09532270580530167,0.09693695604801178,0.0,0.084938034,0.6349597,0.033538207,99.698654,698.25507,163.18924,2.958463,1.5841365,1.017853,0.99995714,0.18247615,128.51895,0.45700747,5.446302e-07,3.4193855e-07,0.008539559,3.4057543e-08
331,0.06535795,0.09420303255319595,0.09414191544055939,0.0,-0.005494079,0.5252636,0.046977922,99.987885,691.67267,163.70552,3.0071146,1.6210693,0.9922258,0.9996788,0.17746109,108.43316,0.18912989,1.4916773e-07,4.776705e-07,0.00908459,1.6284154e-08
332,0.06519747,0.09270946681499481,0.09259185940027237,0.0,-0.0055221324,0.53204936,0.044109773,99.94909,690.60785,165.68047,2.8865473,1.8073179,0.7804915,0.99998766,0.1778723,25.593002,0.372829,8.4961914e-07,1.4735257e-07,0.0090710595,1.6027889e-09
333,0.0668184,0.0952276736497879,0.09518298506736755,0.0,-0.005691572,0.5350723,0.043124497,99.96711,697.8547,163.88884,2.992688,1.8479575,0.72593546,0.99997944,0.17750587,155.77843,0.39804462,9.982912e-07,6.095676e-07,0.009068413,1.8434028e-09
334,0.06673761,0.09344665706157684,0.09311894327402115,0.0,-0.0074095465,0.55299985,0.04068291,99.97259,698.00366,163.79192,2.8722875,1.3758799,1.2201979,0.99991983,0.17660144,156.80089,0.78182954,2.855846e-07,2.1932112e-06,0.008979352,1.2152162e-08
335,0.06897736,0.0957915261387825,0.09535209089517593,0.0,-0.0054947305,0.54346544,0.04297527,99.95267,691.4909,160.72807,3.0212305,1.7579501,0.8309182,0.9998913,0.17650773,137.18135,0.8745993,2.9272164e-07,3.0122094e-06,0.009023736,1.1260599e-08
336,0.06623198,0.09061162918806076,0.0903950110077858,0.0,-0.0057381256,0.5431045,0.04351712,99.78968,683.97015,167.08969,2.842336,1.9826869,0.5835862,0.99985105,0.17228355,71.45491,0.61412966,8.920642e-07,1.0310047e-06,0.009275592,3.6561623e-08
337,0.0695244,0.09548279643058777,0.09508982300758362,0.0,-0.0068735885,0.55724525,0.038977914,99.73842,683.9725,161.26544,2.9694118,1.6502411,0.9267742,0.9999771,0.17839359,146.61337,0.9437199,8.0690273e-07,1.0957006e-06,0.00890729,1.9534986e-07
338,0.06548546,0.09182693064212799,0.09175848215818405,0.0,-0.0057657794,0.52051294,0.047158077,99.99655,629.6219,164.76695,3.0198429,1.9875687,0.6353815,0.9999164,0.1759474,87.93495,0.7194756,6.5980436e-07,9.574469e-07,0.009277797,1.31464475e-08
339,0.0671439,0.09176880121231079,0.09166518598794937,0.0,-0.0056640836,0.51960474,0.04963691,99.987526,498.4447,163.82565,2.949476,1.7677648,0.80616766,0.99995476,0.17801456,35.412224,0.37258828,9.7418365e-08,1.7318838e-08,0.00915798,3.0485182e-08
340,0.06519136,0.09311238676309586,0.09306394308805466,0.0,-0.0056956215,0.54026043,0.041325994,99.93166,693.99976,163.86403,2.9803112,1.4239845,1.1098759,0.999434,0.17836212,30.964407,0.6400991,1.1580096e-06,3.3736185e-06,0.00904114,7.041429e-08
341,0.06558358,0.09430036693811417,0.09404880553483963,0.0,-0.0056434968,0.504993,0.04860423,99.79883,681.357,163.29727,2.8840609,1.481344,1.0353765,0.9998289,0.18053742,48.464634,0.20226358,4.1362833e-07,7.727055e-08,0.009052928,5.016484e-09
342,0.066972695,0.09565259516239166,0.09541864693164825,0.0,-0.0055973665,0.52639306,0.043275137,99.87903,662.993,162.16331,3.015781,1.5578705,1.0586779,0.99998486,0.17779262,104.7553,0.5857708,1.0663168e-06,1.1491727e-06,0.009076743,2.4288559e-08
343,0.06679934,0.09094272553920746,0.09081858396530151,0.0,-0.00643807,0.5209633,0.04538957,99.94815,688.85266,163.47203,2.954822,2.06945,0.41990957,0.99979216,0.17491941,130.38692,0.36787307,4.4083444e-07,1.009499e-06,0.009256604,6.4839355e-08
344,0.06801279,0.09371565282344818,0.09356150031089783,0.0,-0.0059469906,0.521258,0.044147793,99.90634,694.81757,164.95761,3.0127044,1.721293,0.87699336,0.99975276,0.17737949,134.58714,0.8172505,1.7069706e-06,1.7461596e-06,0.009097535,4.0389644e-08
345,0.0651325,0.09396784007549286,0.09391419589519501,0.0,-0.0062921904,0.519703,0.047213774,99.8438,672.0364,165.07837,2.9598582,1.5310286,1.0533627,0.99910885,0.17957853,156.90694,0.69096816,8.721694e-07,1.852163e-06,0.009076905,1.14523154e-07
346,0.065747574,0.09085150063037872,0.09068988263607025,0.0,-0.0055695917,0.5084777,0.048870753,99.96448,487.07935,166.02994,2.9430022,2.0941694,0.5306775,0.9991364,0.17716041,105.03241,0.723746,7.4763653e-07,3.7634484e-06,0.009285944,8.2824286e-08
347,0.06702755,0.09179019182920456,0.09172932058572769,0.0,-0.005501222,0.5301326,0.045608018,99.84322,299.50626,163.10652,2.9290745,1.9503735,0.5947362,0.9990067,0.17477664,133.25749,0.060494103,1.8448233e-06,1.7615938e-06,0.009213427,6.7829724e-08
348,0.06832681,0.09127485007047653,0.0912201851606369,0.0,-0.0055910163,0.51944125,0.048035603,99.97408,590.0407,164.59703,2.8901432,1.6215607,0.9098004,0.9999848,0.17790556,135.32428,0.45822924,4.8738276e-08,6.085211e-07,0.00924524,1.0212782e-08
349,0.065235585,0.09101526439189911,0.09090201556682587,0.0,-0.005670855,0.53718615,0.04388636,99.99641,698.6575,163.81078,2.9681358,1.7375072,0.8188436,0.9995932,0.17773123,149.65791,0.4340337,9.908876e-08,5.989028e-07,0.0091999965,1.09794325e-08
350,0.066471905,0.08844514936208725,0.08839939534664154,0.0,-0.006272534,0.5183872,0.046621293,99.951065,696.77405,165.73997,2.9340131,1.8388239,0.71900755,0.99981236,0.17491572,67.28363,0.47276655,2.7165612e-07,3.5858906e-07,0.009250194,2.8270275e-08
351,0.06672564,0.09462099522352219,0.09423958510160446,0.0,-0.0056101047,0.5593896,0.040879585,99.92019,696.4001,163.89131,2.9806893,1.9268259,0.69405437,0.99998796,0.1793865,60.50861,0.40332538,5.5520576e-07,1.5724598e-06,0.008961543,9.446846e-09
352,0.067157336,0.09147627651691437,0.09135448187589645,0.0,-0.0054963753,0.50864977,0.05094258,99.98968,699.2475,166.0835,2.8432026,1.5170736,1.0347033,0.99985003,0.17552525,131.38144,0.615229,5.464136e-07,4.991733e-08,0.009256153,3.37202e-08
353,0.067937106,0.09632106125354767,0.0961928591132164,0.0,-0.007019978,0.53657883,0.040565442,99.94313,674.3022,163.91634,3.0394404,1.9252965,0.7165768,0.99942046,0.18060239,74.98332,0.8294918,6.6272705e-08,7.3899598e-09,0.008999945,1.0640795e-08
354,0.06265384,0.09553591907024384,0.09522461891174316,0.0,-0.005537406,0.5053903,0.04856752,99.927765,698.091,163.24214,3.0451024,1.8622983,0.70355064,0.9998717,0.18070862,121.37614,0.9418482,5.952398e-07,1.1760812e-06,0.009277904,3.479475e-10
355,0.0653797,0.0935702696442604,0.09572077542543411,0.0,0.08496223,0.6399983,0.03239037,99.98057,699.6688,162.67632,2.8938148,1.4668005,1.1036688,0.9998381,0.18195395,106.11297,0.2258017,5.280222e-07,5.8930084e-07,0.008659526,7.3299598e-09
356,0.06519489,0.09425008296966553,0.0940464437007904,0.0,-0.005466819,0.51717967,0.047088914,99.99575,564.7028,165.37979,3.0700026,1.883977,0.6841731,0.99977845,0.17733867,178.79515,0.9430771,6.082213e-08,1.2265775e-07,0.00932989,1.3306825e-08
357,0.068365686,0.0911383330821991,0.09080474078655243,0.0,-0.007399711,0.53568673,0.04472696,99.947495,694.4244,167.81503,2.9094596,1.7667987,0.7931893,0.9998824,0.17616223,119.11954,0.48233753,4.7304226e-07,1.0246267e-07,0.009143312,7.066346e-08
358,0.065742806,0.09437304735183716,0.09418866038322449,0.0,-0.005535497,0.53288,0.045962807,99.90523,462.04816,165.40729,2.995785,2.1670527,0.4128981,0.99944276,0.17965718,92.11483,0.20068005,5.0131305e-08,6.42562e-07,0.009105562,9.821978e-08
359,0.06594222,0.09071572124958038,0.09055675566196442,0.0,-0.0055861347,0.51560926,0.04676035,99.87218,458.2013,162.78535,2.954154,1.5162628,0.9910467,0.9999177,0.17711642,53.90486,0.43015227,1.993927e-07,2.8533457e-06,0.009303259,5.0355533e-09
360,0.06526877,0.0907757431268692,0.0907050371170044,0.0,-0.0065735104,0.5105251,0.048143033,99.927956,691.03687,165.16545,2.9250965,1.5678918,1.005146,0.9998415,0.177339,108.26986,0.25805593,6.431622e-08,8.341874e-07,0.009273941,2.155022e-08
361,0.06701375,0.09358058869838715,0.09211276471614838,0.0,-0.0058021317,0.5141446,0.043669492,97.62708,506.52295,161.6001,2.8099196,2.6712859,0.07628442,0.99878967,0.009104524,45.465305,0.015644265,1.786471e-06,1.2973247e-06,0.18104014,0.00010760796
362,0.064148076,0.09131540358066559,0.09108966588973999,0.0,-0.00586751,0.5305711,0.046437882,99.96537,691.6722,167.41342,2.9769812,2.0322597,0.61825067,0.9999312,0.17661153,176.37465,0.27446568,3.163368e-09,6.658775e-07,0.009181857,2.7340763e-08
363,0.06767263,0.09500158578157425,0.09490925818681717,0.0,-0.006028685,0.53315216,0.045399733,99.96052,698.721,163.9246,2.9962866,1.8526468,0.75195026,0.9999098,0.17777039,171.80226,0.91205806,1.221387e-06,1.1298114e-06,0.009063674,2.9737256e-08
364,0.06521035,0.0922713577747345,0.0920739695429802,0.0,-0.00668764,0.5520517,0.040352434,99.86098,645.25574,164.1748,2.8968973,1.1889918,1.4394357,0.99971855,0.17571992,90.572784,0.44607374,1.6491326e-06,9.707046e-07,0.00900211,3.3401772e-08
365,0.06574526,0.09322699159383774,0.09417339414358139,0.0,-0.005660271,0.4577634,0.0464413,99.258,697.3581,154.06126,3.11682,2.8171427,0.07715909,0.99977595,1.8617368e-07,37.239586,0.013821781,0.0067468677,3.8055887e-09,0.031577304,0.58154947
366,0.06410296,0.09123416990041733,0.09117038547992706,0.0,-0.005717902,0.5393016,0.042953875,99.601036,682.13544,164.83664,2.8985968,0.25724128,2.26743,0.9999992,0.17508845,183.03964,0.55534095,1.9994678e-07,8.8593976e-07,0.009099006,3.0208096e-08
367,0.064396754,0.09270694106817245,0.09263470023870468,0.0,-0.006465421,0.52671146,0.046443388,99.793144,695.31805,165.4353,2.8763032,2.0019836,0.62970656,0.99808896,0.17784667,120.214264,0.19995336,1.3899369e-06,5.4243555e-06,0.009156992,2.6793733e-08
368,0.06598593,0.0920281782746315,0.09188984334468842,0.0,-0.0058639175,0.51845175,0.04815407,99.99916,679.94366,167.31078,2.9532077,1.8699875,0.72512746,0.9998467,0.17777994,81.248024,0.5623134,2.247948e-07,3.1647775e-07,0.009271817,5.4575535e-09
369,0.067547396,0.09024574607610703,0.08995325863361359,0.0,-0.006777374,0.5350764,0.04426211,99.93772,696.4303,165.75569,2.789295,1.7506269,0.8098224,0.9985892,0.17188519,152.74374,0.8514469,1.0988587e-06,6.432888e-06,0.009105778,9.120659e-08
370,0.06726871,0.09271839261054993,0.0924568846821785,0.0,-0.0064237337,0.5295902,0.048179723,99.9884,617.99384,164.64026,2.94808,1.7532179,0.7410079,0.9997184,0.1755046,154.16411,0.6278138,2.1777502e-07,7.3725585e-07,0.009312639,3.9772665e-08
371,0.06702986,0.0943760946393013,0.09435369074344635,0.0,-0.0062984643,0.51981324,0.04559621,99.504265,697.7611,163.8038,2.959434,2.0215275,0.6050308,0.99995863,0.18088748,36.789143,0.49330613,2.5253612e-06,9.546221e-06,0.009145489,7.3878863e-07
372,0.06490432,0.09178923815488815,0.09154544770717621,0.0,-0.006398379,0.5377721,0.042779353,99.97971,673.9844,162.03041,3.0236723,0.8907009,1.5417345,0.99740076,0.1761152,133.07294,0.16118348,6.302885e-06,3.3534511e-06,0.009165552,7.934619e-08
373,0.06493797,0.09182890504598618,0.091713085770607,0.0,-0.0068287137,0.532679,0.043670766,99.9998,699.5366,164.47276,2.8967576,1.7102362,0.8624474,0.9999859,0.17695734,49.44681,0.3256291,3.2122395e-07,8.23867e-07,0.009043542,5.7539054e-09
374,0.06877947,0.09320994466543198,0.09297914803028107,0.0,-0.0055824914,0.5159323,0.045273636,99.89698,560.4161,165.00746,2.8879395,1.8869693,0.66527313,0.99995816,0.17796609,150.161,0.57897395,6.0990243e-07,4.175244e-06,0.00908174,1.33366065e-08
375,0.06822284,0.09490332752466202,0.09485688805580139,0.0,-0.0054656784,0.5202572,0.046907455,99.997375,585.40546,164.14651,2.967468,1.7631146,0.82342815,0.99950546,0.17831881,79.090355,0.40053305,8.272348e-08,4.4920648e-07,0.009222655,8.606505e-08
376,0.06784061,0.09188790619373322,0.0934843122959137,0.0,0.089375824,0.6214821,0.036352094,99.855515,699.9167,164.0819,2.9563618,2.0290203,0.5885537,0.9998173,0.1872327,38.276413,0.9917822,5.911754e-07,9.755451e-08,0.008917525,2.0703455e-08
377,0.06651016,0.09369611740112305,0.0932585746049881,0.0,-0.0067199985,0.51387066,0.04818849,99.97028,619.78906,162.80663,3.0712225,1.2549778,1.3718203,0.9989535,0.18289016,107.58247,0.7540031,3.6434116e-07,1.3682225e-06,0.00938011,9.1560416e-08
378,0.06627268,0.09212830662727356,0.09206078201532364,0.0,-0.00545592,0.5214137,0.044985678,99.99738,697.24225,165.2377,2.9969492,2.0116088,0.52911043,0.9999463,0.17758177,134.00964,0.6108752,7.75078e-08,1.6098488e-08,0.009171443,4.435822e-08
379,0.06166059,0.09409879893064499,0.09389913827180862,0.0,-0.005694973,0.53739405,0.04276,99.98689,698.8918,162.26688,2.9774008,1.6865407,0.9161112,0.99943113,0.1758998,63.520752,0.9851227,9.3416315e-09,4.4413042e-07,0.009035907,2.1810285e-08
380,0.067431875,0.09360905736684799,0.09354935586452484,0.0,-0.0061529134,0.5358821,0.044171795,99.93642,699.35657,164.04662,3.0136585,1.6814015,0.9077046,0.9999265,0.17894737,45.77492,0.39190957,3.909166e-07,4.5251227e-07,0.009128348,2.7786513e-08
381,0.06373317,0.09447634965181351,0.09426997601985931,0.0,-0.005576445,0.54549676,0.042921267,99.93166,413.7696,163.69545,2.948585,1.7216648,0.8230304,0.99979544,0.17758231,142.61157,0.48792332,1.008039e-08,1.01753706e-07,0.009022348,4.0434434e-10
382,0.06672266,0.09279318153858185,0.09268827736377716,0.0,-0.005499623,0.51244557,0.047759075,99.98343,644.522,164.1373,2.9681833,1.5223686,0.98421735,0.9999565,0.1745126,108.97423,0.124732904,1.2801485e-07,1.0786081e-06,0.009254454,1.1263955e-07
383,0.067098565,0.09171707928180695,0.09170463681221008,0.0,-0.0058712796,0.5259639,0.045484535,99.95806,630.17505,165.423,2.9074044,1.8399891,0.71025616,0.9995972,0.17503865,158.84598,0.6337634,3.2280255e-07,5.5934447e-06,0.009219112,3.442617e-07
384,0.06761886,0.09009096026420593,0.08962054550647736,0.0,-0.0073917937,0.5433353,0.04210091,99.96218,697.83514,167.15588,2.8615918,1.8880181,0.72419703,0.9999688,0.17320146,86.62315,0.95269793,1.7973035e-08,1.0394987e-06,0.008996965,3.3520273e-09
385,0.06637753,0.09551235288381577,0.09542286396026611,0.0,-0.0057407813,0.52836007,0.04455446,99.95353,380.91452,163.61711,3.0554514,2.120578,0.56232834,0.99982446,0.17505372,146.33871,0.56752187,4.836907e-07,2.5148456e-06,0.009086323,4.900389e-08
386,0.06428332,0.09241098910570145,0.09209327399730682,0.0,-0.005482112,0.53335327,0.046468746,99.96413,698.84644,167.0161,2.8942945,1.6763467,0.94836175,0.9999666,0.17928053,73.35214,0.6606183,3.7859255e-08,4.054516e-07,0.009121571,2.2282103e-08
387,0.06526436,0.09088066965341568,0.0908014252781868,0.0,-0.0055129626,0.54104686,0.04308471,99.94763,692.81836,166.02939,2.9695559,1.8187057,0.77725285,0.99982214,0.1726943,21.161604,0.6440558,6.445074e-08,2.6549537e-07,0.009151202,6.658154e-09
388,0.06496267,0.093805231153965,0.09357932209968567,0.0,-0.0059493203,0.5387364,0.043869127,99.96586,696.2587,164.56268,2.8446875,1.7390902,0.81730056,0.9996211,0.17617704,22.889296,0.78237915,2.358852e-09,1.8576077e-07,0.009041396,6.431937e-08
389,0.06702459,0.09261715412139893,0.09255596250295639,0.0,-0.005741191,0.5321814,0.04497048,99.957886,361.23465,162.95337,2.9679842,1.8438826,0.70662487,0.9998425,0.17799933,80.66911,0.49458477,8.348133e-08,3.8983083e-07,0.009132874,1.3772071e-08
390,0.06556153,0.0903974249958992,0.0903114527463913,0.0,-0.0055899457,0.5184996,0.048894845,99.86348,600.6986,166.10776,2.9209607,1.6715719,0.9060266,0.99981433,0.17691366,180.89505,0.29015896,6.59313e-07,5.008475e-07,0.0092837615,1.2614535e-08
391,0.06428613,0.09564163535833359,0.09543726593255997,0.0,-0.005569951,0.531894,0.046087258,99.930786,694.7369,163.42592,3.0666292,1.6751218,0.97194976,0.9997382,0.1793732,100.759056,0.2530889,6.797016e-07,3.3311667e-07,0.009220323,8.728695e-09
392,0.06640114,0.09185174852609634,0.09167740494012833,0.0,-0.0058499794,0.5331397,0.044601474,99.911316,694.1667,165.84818,2.9087903,1.7531449,0.8695204,0.99994,0.1780337,99.9224,0.70383835,5.25695e-07,1.3186335e-06,0.00904617,2.505266e-09
393,0.06829479,0.09079331159591675,0.09041905403137207,0.0,-0.006823246,0.5072414,0.044156194,99.411415,119.04807,156.46396,3.0010233,1.8013954,0.73171496,0.9995926,0.17500572,121.93322,0.5889164,2.312007e-06,1.0941973e-06,0.009158037,7.87996e-08
394,0.06568481,0.09368608891963959,0.09336425364017487,0.0,-0.0057786345,0.5189301,0.04537484,99.894745,686.4084,165.2889,3.1172507,1.545119,1.0405136,0.99997556,0.17849116,84.41403,0.7134953,6.1544233e-07,8.7665336e-07,0.009330806,2.998053e-08
395,0.06474544,0.09061737358570099,0.09044086188077927,0.0,-0.0057488685,0.5293929,0.044160984,99.98456,698.81,166.94987,2.9140928,1.538553,1.0441294,0.9999386,0.17682464,126.631325,0.74725056,3.3571976e-07,1.041504e-07,0.009116078,3.2244079e-09
396,0.06496869,0.09570919722318649,0.09735061973333359,0.0,-0.0057628895,0.46829155,0.047135267,97.615234,668.1859,152.28444,3.088882,3.046834,0.0031491339,0.9993366,7.6294214e-07,38.0345,0.013560605,0.006673214,2.6777974e-07,0.37223917,0.42788833
397,0.06776826,0.09268499910831451,0.09244690090417862,0.0,-0.005860645,0.5315715,0.043712873,99.88271,638.0068,162.76912,2.9853575,1.6554554,0.9323061,0.99952596,0.17779991,29.265488,0.4532696,6.2451164e-07,1.6858378e-07,0.009292979,2.8470344e-08
398,0.06967401,0.09098084270954132,0.09046011418104172,0.0,-0.0057058316,0.4888165,0.051862065,99.88683,663.59,167.31868,2.9355807,1.891088,0.6856856,0.9999848,0.17694727,87.937355,0.2686197,1.2534467e-06,5.2037325e-07,0.009295518,4.4179456e-09
399,0.064658456,0.09170909970998764,0.09153316915035248,0.0,-0.005469002,0.55140746,0.04155763,99.89545,669.20447,166.33699,2.9769769,1.721955,0.8947464,0.99973553,0.17534138,80.82554,0.59807765,4.1687247e-07,3.1440593e-06,0.009210464,1.4938469e-07
400,0.06491572,0.09226600080728531,0.09207800775766373,0.0,-0.0055088927,0.54266214,0.042776678,99.95877,698.1484,165.83879,3.1018643,1.6358517,0.9926696,0.9999821,0.17828049,37.90524,0.60917217,4.521213e-07,1.6449121e-06,0.009182549,2.8233163e-08
401,0.06613475,0.09439491480588913,0.09394102543592453,0.0,-0.007300077,0.52506405,0.04233585,99.87007,689.8624,164.20042,2.8956575,1.6416967,0.99522483,0.9999325,0.18031222,115.482315,0.03820267,3.9456862e-07,1.594015e-06,0.008901256,1.8193727e-07
402,0.06621323,0.09205538779497147,0.09192712604999542,0.0,-0.0055651236,0.5197387,0.047383856,99.982445,646.03674,163.59949,2.911496,1.4515119,1.0790677,0.9999704,0.17506482,75.138275,0.31970987,9.095338e-07,1.3957416e-06,0.00930143,2.6570588e-08
403,0.066354096,0.0910407155752182,0.0906982272863388,0.0,-0.0060690697,0.51432526,0.05132869,99.99011,687.88983,168.05896,2.959084,1.8847809,0.7517233,0.9998307,0.17681332,93.66724,0.4299587,2.6090794e-07,2.9928149e-06,0.0091915885,3.242181e-07
404,0.06683235,0.09057808667421341,0.09049375355243683,0.0,-0.006982763,0.52516776,0.04688881,99.98089,694.2492,166.45515,2.953951,1.9056228,0.6755092,0.99968964,0.1771258,30.401281,0.33913997,5.2364715e-07,9.688679e-07,0.009230558,2.8009877e-08
405,0.06754191,0.09085669368505478,0.09072956442832947,0.0,-0.0072924206,0.5251798,0.04556318,99.94242,671.8611,166.0809,2.9185627,1.4407156,1.0730067,0.9999227,0.17171244,113.95913,0.22231308,5.5717413e-07,3.1375626e-07,0.009092411,2.109569e-09
406,0.06982177,0.09162800759077072,0.091463103890419,0.0,-0.006842617,0.5255857,0.0444016,99.9643,687.3457,162.62721,3.0369885,1.2969487,1.2852248,0.99997836,0.17244253,85.94688,0.06559957,3.3507132e-07,6.7280905e-07,0.009109127,3.7483098e-08
407,0.068298995,0.09300824254751205,0.09263749420642853,0.0,-0.005651176,0.5656709,0.03814123,99.911896,696.7353,163.0821,2.9738982,1.1758126,1.4002013,0.9997949,0.17865315,159.95422,0.4483003,7.183354e-07,1.9828392e-06,0.008963009,1.0864445e-07
408,0.066697724,0.09216244518756866,0.09184641391038895,0.0,-0.0055028093,0.53452826,0.04672491,99.99793,586.973,165.84973,2.91117,1.5362681,0.99422485,0.999719,0.18105693,138.61377,0.7048151,1.0784076e-07,1.7188135e-07,0.009300119,1.7208913e-09
409,0.06574707,0.09181870520114899,0.0917070284485817,0.0,-0.005549523,0.52875096,0.046111315,99.97728,589.83356,165.19339,3.0043635,1.731531,0.8168163,0.99863553,0.17655964,96.652695,0.6097866,4.0774952e-07,4.84334e-08,0.009310404,1.8254022e-08
410,0.06799046,0.0917525365948677,0.0915827751159668,0.0,-0.0064273584,0.5352136,0.045200724,99.88084,674.32135,166.67072,2.8939667,1.770309,0.7869579,0.99907804,0.17521119,129.99689,0.4317353,7.129917e-07,2.0455652e-06,0.009162479,8.870917e-08
411,0.064805254,0.09075935930013657,0.09022567421197891,0.0,-0.0066597187,0.54764146,0.042548887,99.74107,696.5699,166.38441,2.8196287,1.6852403,0.9405946,0.99945307,0.17465936,95.22142,0.6094284,2.688519e-07,1.2009266e-06,0.009010218,1.09336966e-07
412,0.067905344,0.0917452871799469,0.0913769081234932,0.0,-0.006906933,0.5508512,0.041863907,99.65162,598.8627,166.83678,2.8813548,1.8876138,0.8809028,0.99945295,0.17165229,76.83763,0.14740664,1.4178022e-06,7.973123e-06,0.009146698,3.2205273e-07
413,0.066721275,0.09363993257284164,0.09359146654605865,0.0,-0.0056449506,0.5255277,0.043478027,99.8599,116.58016,154.02184,3.024385,1.5595937,0.99442804,0.9995339,0.1790252,89.000916,0.20373507,3.7152793e-06,6.967501e-06,0.009095195,1.3172308e-07
414,0.06648833,0.08946295082569122,0.08924341946840286,0.0,-0.006743886,0.53745496,0.045356795,99.72598,675.36346,163.26642,2.89812,1.6981434,0.74076694,0.9995596,0.17686096,177.25008,0.2706145,4.9739e-06,6.6440793e-07,0.009210153,4.091164e-08
415,0.06645161,0.09539689123630524,0.09533925354480743,0.0,-0.0054902984,0.5325871,0.04500612,99.99535,688.3557,165.26903,3.0162704,1.8744248,0.5929553,0.99118394,0.18278694,93.27742,0.47576225,1.7643106e-06,3.6617832e-06,0.009178722,4.645691e-07
416,0.0701106,0.09426793456077576,0.0936499834060669,0.0,-0.0060154703,0.5155426,0.045296606,99.97797,577.07434,161.05507,3.0595887,1.4593389,0.9617039,0.9993602,0.18014239,23.053095,0.28528005,4.6990385e-07,7.1869545e-06,0.009268679,9.035082e-08
417,0.06841988,0.09061898291110992,0.09043273329734802,0.0,-0.005830064,0.53993297,0.0413939,99.97988,640.95715,163.56284,3.020513,1.6588483,0.8760943,0.9999218,0.17527556,155.53137,0.18850526,5.355318e-07,7.8120536e-07,0.009265597,3.2584772e-08
418,0.06393487,0.09087325632572174,0.08989330381155014,0.0,-0.005464793,0.5398332,0.04748408,99.429306,609.6708,166.985,2.734395,1.0968261,1.4019703,0.9990859,0.17806341,128.69916,0.8907825,1.1736303e-07,1.27894355e-05,0.009150138,3.743044e-07
419,0.06485863,0.09403081238269806,0.09400974959135056,0.0,-0.0056650885,0.51444584,0.047373004,99.80293,691.5396,164.6958,2.9259963,1.7166008,0.76088756,0.99968565,0.18071681,157.46786,0.5216764,1.8691877e-06,8.106203e-06,0.009163236,3.6966757e-08
420,0.06710929,0.09252794086933136,0.09239621460437775,0.0,-0.0055195293,0.53786755,0.04362113,99.95142,694.72296,162.9114,3.0445073,1.3804882,1.221961,0.99998367,0.17491537,121.79636,0.30158803,3.1829336e-07,2.7168915e-07,0.009118777,1.9965041e-08
421,0.066019684,0.09161698073148727,0.09145379066467285,0.0,-0.0061827684,0.53005403,0.04488847,99.727196,430.54706,164.23892,2.9243479,1.7732588,0.8390092,0.9996957,0.17854531,123.2202,0.38999712,1.0241581e-07,2.0412935e-07,0.00903843,4.0977543e-08
422,0.06623245,0.09394396096467972,0.09390205144882202,0.0,-0.005488356,0.51894873,0.046314612,99.90201,687.5699,164.76627,2.9772005,1.9208088,0.71170044,0.9998922,0.17783073,77.2444,0.25783974,4.3833052e-07,9.3507595e-07,0.009212562,2.6689286e-09
423,0.0649528,0.09339830279350281,0.09250614047050476,0.0,-0.0066307564,0.5822687,0.03749244,99.951126,698.31714,164.55666,2.9431596,1.3559269,1.1538445,0.999214,0.17740989,174.05211,0.042788617,3.273561e-07,2.2803656e-06,0.0089786425,2.465075e-08
424,0.0675824,0.09237701445817947,0.09198977798223495,0.0,-0.0057267123,0.5162566,0.04406981,99.97729,628.68475,166.14305,2.8968081,1.3231809,1.2761647,0.9993431,0.17629308,79.26184,0.5534141,6.5652296e-07,5.7433823e-07,0.009069061,5.1226806e-08
425,0.06551012,0.09279290586709976,0.09219317138195038,0.0,-0.006372405,0.53793955,0.03834931,99.686874,698.68506,164.07365,2.840834,1.529955,1.0451889,0.9999817,0.17448422,60.285732,0.13965857,9.1853474e-07,2.8755614e-06,0.008880847,1.8413232e-07
426,0.06601364,0.09023287892341614,0.09009755402803421,0.0,-0.005574068,0.516133,0.047886264,99.962105,420.41562,165.81554,2.9700449,1.5723002,0.8773076,0.9996829,0.17565946,72.6617,0.67495394,6.228266e-08,2.20984e-06,0.009274346,2.3484837e-08
427,0.06676362,0.09177172929048538,0.09351832419633865,0.0,0.08495878,0.62624955,0.033179067,99.90675,696.84937,164.21893,2.7828813,1.8183821,0.73137534,0.9999896,0.17997074,127.73844,0.53748214,1.4947607e-07,1.5640151e-06,0.00860386,2.2813317e-08
428,0.06471705,0.08958400040864944,0.08916402608156204,0.0,-0.0058163,0.5582138,0.041463375,99.83166,675.8958,164.75319,2.9385846,1.8505579,0.6953549,0.9998229,0.17300653,93.39456,0.28682676,4.5985726e-07,6.564844e-07,0.009311589,1.4477963e-07
429,0.066754475,0.09383218735456467,0.09329535812139511,0.0,-0.0055149547,0.49631813,0.04883049,99.96597,688.68896,166.13776,2.8723192,1.5402834,1.0524734,0.99995005,0.1795006,108.172905,0.74828374,1.9119209e-07,4.769725e-07,0.009113487,3.4174052e-10
430,0.06598773,0.08999884128570557,0.08975110203027725,0.0,-0.0055850935,0.5157509,0.049841326,99.97188,637.29297,167.41771,2.8668025,1.5733796,0.9780085,0.99997514,0.17564669,167.74165,0.27015665,4.8307186e-08,2.0586218e-07,0.009212611,5.6075415e-08
431,0.06605886,0.08896937966346741,0.08889950811862946,0.0,-0.005606836,0.5393682,0.04286148,99.960106,699.7149,165.5176,2.982899,1.8478296,0.697501,0.9997488,0.17445242,164.17859,0.6316753,3.0190872e-08,7.91361e-07,0.009274912,3.7030432e-09
432,0.06488994,0.09175550937652588,0.09152489900588989,0.0,-0.005624054,0.5147888,0.05003813,99.97679,698.9247,167.65662,2.8852239,1.741503,0.82626384,0.9997063,0.17875078,51.866627,0.2714731,9.2870675e-07,5.314517e-07,0.0092162425,3.2316706e-08
433,0.06709314,0.09199804067611694,0.09162019193172455,0.0,-0.0055005476,0.504114,0.046466734,99.960266,694.59015,164.68727,2.9730241,1.5253239,1.049781,0.9999855,0.17998908,80.315315,0.9365765,9.69702e-08,1.4959416e-07,0.00922816,2.1313392e-08
434,0.06415371,0.09087717533111572,0.09068963676691055,0.0,-0.0056525497,0.5350238,0.04627335,99.92171,699.7755,164.49107,2.9835198,1.8742648,0.7319755,0.9997834,0.17604353,20.763203,0.35970756,1.1839879e-07,2.291366e-07,0.009246438,6.9301733e-09
435,0.06415595,0.08899065107107162,0.08863484859466553,0.0,-0.0065885996,0.5190486,0.046673007,99.9399,463.97388,166.84456,2.8139331,1.9800686,0.6122457,0.9995204,0.17284818,117.8674,0.33095142,7.484291e-07,1.8189243e-07,0.009171665,1.0036317e-07
436,0.06793973,0.09261305630207062,0.09256641566753387,0.0,-0.005487384,0.52430034,0.04654536,99.94842,683.768,165.73024,2.9096632,2.0480103,0.51366985,0.9996917,0.17780843,93.9067,0.27812293,7.322821e-08,1.2828378e-06,0.009157036,4.6517217e-09
437,0.06643342,0.09372685849666595,0.09341179579496384,0.0,-0.0073580374,0.5210577,0.04568774,99.841,648.94965,166.69058,3.0017197,1.9630243,0.62065184,0.99984616,0.17691468,90.51679,0.39125788,5.157784e-07,2.0108853e-06,0.009044705,8.258944e-09
438,0.066697754,0.0905957743525505,0.09051144123077393,0.0,-0.005527264,0.53391546,0.04484095,99.92089,640.08655,165.14108,2.859171,1.5774617,0.98365414,0.99993265,0.17566055,164.77443,0.26508152,6.494612e-08,1.795095e-06,0.009246569,1.5361005e-07
439,0.066016205,0.0919262021780014,0.09184793382883072,0.0,-0.0054693245,0.51964843,0.04560407,99.99986,698.9607,165.64885,2.9637222,1.7673081,0.8131769,0.99999547,0.17843284,36.787262,0.3652075,1.5381299e-07,2.2066374e-07,0.009221686,4.5492086e-09
440,0.06522329,0.08852333575487137,0.08825816959142685,0.0,-0.005703819,0.5089814,0.053156048,99.845406,690.9547,166.61299,2.833748,1.6117249,0.9297314,0.99914676,0.17645347,70.59072,0.1149917,2.461027e-07,3.8280946e-06,0.009318164,2.5718245e-07
441,0.06724061,0.09317720681428909,0.09265302866697311,0.0,-0.0055008708,0.50753176,0.048736986,99.99802,605.4867,163.23529,3.0754635,1.6701605,0.868611,0.9999489,0.17379978,87.813896,0.67895824,1.4510884e-07,6.790272e-08,0.009421047,1.7607922e-08
442,0.06501782,0.09221939742565155,0.09211423248052597,0.0,-0.005858543,0.516307,0.049162917,99.89522,474.24115,164.02576,3.0212703,1.8455583,0.7709619,0.99995565,0.18053707,194.7305,0.42140478,2.401614e-07,2.0545851e-06,0.009265367,1.2775644e-07
443,0.0677992,0.09711925685405731,0.09684641659259796,0.0,-0.0062726503,0.51686513,0.044837076,99.9953,532.24316,163.23903,2.9009933,1.8024669,0.78570247,0.9995372,0.182652,103.23667,0.033860397,1.9956226e-06,3.5112155e-08,0.009023196,2.0909857e-08
444,0.06567914,0.09146279841661453,0.09142784774303436,0.0,-0.006222388,0.5280052,0.044312302,99.978386,699.39703,165.04178,2.9769382,2.0889766,0.5363596,0.9998924,0.17659435,83.21507,0.92742616,1.7044225e-07,1.1662082e-06,0.0091001,2.6928669e-08
445,0.06632886,0.09170956164598465,0.09123802185058594,0.0,-0.005480496,0.5007971,0.047361124,99.89384,699.68823,166.25983,2.9198854,1.6986086,0.8807937,0.99996847,0.17650472,136.4378,0.7617348,7.174236e-07,3.427617e-07,0.009237453,2.769749e-08
446,0.06551065,0.09289953857660294,0.0926906019449234,0.0,-0.005513695,0.5157523,0.04863764,99.868225,691.81085,164.01985,2.960729,1.6981637,0.8862594,0.9997702,0.17733577,37.025402,0.5545022,4.022109e-07,6.855622e-07,0.009371193,8.976657e-09
447,0.06781607,0.09260410815477371,0.09241694957017899,0.0,-0.0054716533,0.52289957,0.04488142,99.99841,694.5285,166.70578,2.9002378,1.5500659,1.0499294,0.9997019,0.1805601,129.20795,0.05862599,2.574491e-07,2.1374493e-07,0.009103703,3.3319566e-08
448,0.06711215,0.0906130000948906,0.09047732502222061,0.0,-0.0074110543,0.5290431,0.04349804,99.74353,572.6546,163.90918,3.0239208,1.8753598,0.7137109,0.9993295,0.17481442,116.263695,0.4376814,1.8676369e-06,3.2070747e-07,0.009298243,1.3455941e-07
449,0.06720988,0.09367985278367996,0.09346839040517807,0.0,-0.0055553517,0.5237833,0.04802299,99.99398,428.58746,164.56276,2.9758646,1.7447025,0.8396054,0.9994397,0.18029915,168.6645,0.9873405,2.777821e-07,8.086421e-07,0.009327452,7.6113e-08
450,0.068019554,0.09240759164094925,0.09205220639705658,0.0,-0.0058367224,0.55745196,0.040803157,99.9629,697.023,166.22963,2.8940623,1.6813221,0.85199356,0.9999009,0.17479552,100.06619,0.4303632,1.0713704e-07,7.83272e-07,0.009090337,7.6118045e-09
451,0.07004016,0.08940836787223816,0.08907340466976166,0.0,-0.005552437,0.50224537,0.048546225,99.975426,698.95276,166.78017,2.828092,1.8159581,0.75738823,0.999961,0.17774469,73.426956,0.8349317,4.4628723e-07,8.657101e-08,0.009266079,9.861191e-09
452,0.06501533,0.09082040190696716,0.08999206870794296,0.0,-0.0072312425,0.5572805,0.04183178,99.966064,697.3789,167.16599,2.8025212,1.6392672,0.9703578,0.9999213,0.17484061,143.86496,0.30468866,2.1380481e-07,2.2505578e-06,0.009053909,1.2940048e-07
453,0.062777296,0.09291085600852966,0.0927228257060051,0.0,-0.006562061,0.5048513,0.05125999,99.779816,696.8868,166.54544,2.93244,1.6301386,0.9352848,0.99969643,0.17926174,87.668274,0.4147393,1.814007e-07,5.943098e-07,0.009393277,2.7350653e-08
454,0.06604254,0.0926111564040184,0.09251256287097931,0.0,-0.0058015464,0.5245772,0.047576033,99.96875,690.78406,166.71706,2.9069953,1.8463641,0.6951759,0.99905556,0.17527372,68.10502,0.60791975,8.120913e-07,5.2436707e-07,0.009236157,4.9747523e-08
455,0.06529016,0.09259387850761414,0.09221760928630829,0.0,-0.0056713917,0.5316061,0.04624397,99.90557,692.9747,167.83171,2.9021945,2.0758314,0.5507718,0.9996964,0.17928766,47.120117,0.40769416,4.571104e-09,2.4234708e-07,0.009132883,1.704809e-08
456,0.06573578,0.09699950367212296,0.09621584415435791,0.0,-0.0054967236,0.49665383,0.047642704,99.981705,692.0517,164.75706,2.9581976,1.5263511,1.0504181,0.99982965,0.18400852,41.861683,0.811453,4.669332e-07,2.1974738e-06,0.008923392,1.2809447e-08
457,0.06541522,0.09324956685304642,0.09297368675470352,0.0,-0.0066875215,0.5563553,0.040613715,99.81278,424.67322,162.83723,2.9394367,1.5118296,1.0171285,0.999969,0.17572315,172.7306,0.81887275,1.6693622e-07,2.8025959e-06,0.009151539,2.102546e-07
458,0.06454372,0.09445132315158844,0.09434019774198532,0.0,-0.0055839345,0.52756184,0.04383178,99.98429,636.40985,164.65985,3.0889914,1.6181782,1.0128018,0.99957526,0.17506854,130.42493,0.26744753,5.99348e-07,2.882478e-07,0.00910555,3.101281e-08
459,0.06643595,0.09208497405052185,0.0915069729089737,0.0,-0.0059666834,0.5734811,0.037894268,99.99377,699.34015,163.69388,2.9426107,1.5782149,0.940655,0.9999539,0.17786668,110.660095,0.48012367,1.691569e-07,1.3276754e-06,0.009139736,1.2738275e-08
460,0.069733016,0.09163695573806763,0.0915975272655487,0.0,-0.0055537815,0.51013637,0.0492557,99.78032,659.6786,164.7468,2.9819713,1.4439261,1.0561719,0.9995169,0.17966893,96.5414,0.09004044,4.3382215e-07,1.7732444e-06,0.00920912,2.6045157e-08
461,0.06680146,0.08844863623380661,0.08833988010883331,0.0,-0.007089596,0.5327251,0.045051455,99.899895,691.10974,165.8682,2.8430734,1.4846691,1.1112769,0.9998059,0.17643674,169.39459,0.09893716,6.464245e-07,7.25082e-07,0.0092363935,9.107884e-09
462,0.06581325,0.0901334285736084,0.0893339067697525,0.0,-0.005725768,0.5481897,0.046327602,99.98001,563.60364,162.94505,2.964933,1.7859238,0.73467773,0.99993885,0.17298183,160.99464,0.8448943,1.280738e-07,3.2844426e-07,0.009306853,7.413947e-09
463,0.06420744,0.09295523911714554,0.0928984135389328,0.0,-0.005615675,0.52250636,0.04702108,99.97774,689.135,164.87337,2.931775,1.5854459,0.97288775,0.99986345,0.1794861,129.51717,0.30536395,7.4274425e-08,1.7960155e-06,0.009097416,6.889986e-09
464,0.06739503,0.09290345013141632,0.09242302924394608,0.0,-0.005951159,0.5477017,0.04491444,99.92615,686.4288,166.83817,2.8880806,1.7538904,0.7794189,0.9995202,0.17757344,117.230965,0.15401359,6.165915e-07,3.75981e-06,0.009188189,2.216626e-08
465,0.06626314,0.09224217385053635,0.09202335774898529,0.0,-0.0059695286,0.51302296,0.04545666,99.595505,617.39996,165.12453,2.9390447,1.741065,0.80868334,0.99830097,0.1774646,61.459446,0.65278363,1.4711393e-06,6.585177e-08,0.009217465,9.269138e-08
466,0.06482734,0.09095067530870438,0.0907704159617424,0.0,-0.005569627,0.53741294,0.045601834,99.98378,694.9715,164.94513,2.8938365,1.7269248,0.8319107,0.9999883,0.17868908,68.73133,0.83207417,8.312183e-08,1.933188e-07,0.009182713,2.084666e-08
467,0.064073615,0.09160766750574112,0.09092111140489578,0.0,-0.005945035,0.5650651,0.04168688,99.91536,696.9681,165.83302,2.9622576,1.9947232,0.58259916,0.9998355,0.17486842,98.823746,0.7315318,3.6411353e-07,5.318862e-07,0.009200233,1.3766555e-08
468,0.06627581,0.09560085833072662,0.09679660946130753,0.0,0.08922337,0.6150098,0.03466411,99.974785,699.20184,164.10823,2.8737838,1.8481874,0.771379,0.99986154,0.18712923,73.17691,0.28017002,1.9186709e-07,1.3643198e-07,0.008825661,2.3270696e-09
469,0.064254574,0.09191816300153732,0.09177596122026443,0.0,-0.007413721,0.51987493,0.04540797,99.9641,696.37897,163.4931,3.0273738,1.4114803,1.1978265,0.9998261,0.17874277,26.2911,0.8002822,2.6030247e-07,5.15824e-07,0.009206332,1.7381955e-08
470,0.06558115,0.09259754419326782,0.0923457145690918,0.0,-0.005621358,0.50101835,0.053433567,99.995605,356.38986,164.03572,2.8933084,1.7657968,0.8128094,0.99965906,0.1819807,80.10772,0.25178906,4.4832532e-07,1.1850088e-06,0.009127831,8.5169685e-09
471,0.06493639,0.09077288210391998,0.09025286883115768,0.0,-0.0058540106,0.5467793,0.043142136,99.97272,690.49097,168.0317,2.8295305,1.7422789,0.7786956,0.9998799,0.17814183,37.884907,0.49979913,4.2083644e-07,4.431918e-07,0.009138885,8.519899e-08
472,0.06242009,0.09378796815872192,0.09362117201089859,0.0,-0.0055145742,0.54933256,0.039564304,99.9725,693.0063,162.82602,3.0114222,1.864613,0.74435365,0.9997141,0.17484747,131.26987,0.7308454,5.7926982e-08,3.145504e-08,0.009100116,3.636846e-08
473,0.06615627,0.093693807721138,0.09485036879777908,0.0,-0.0058388067,0.47053882,0.04943832,97.638435,686.4743,155.09575,3.0817597,3.1152065,8.241226,0.9983162,2.4999864e-07,36.157562,0.013599872,0.00682715,7.319046e-08,0.00016732072,2.4754531e-06
474,0.06623134,0.08958535641431808,0.09139522165060043,0.0,0.08521715,0.628269,0.034254182,99.9267,698.8064,164.36298,2.7385962,1.5098256,1.0554109,0.99997354,0.1765791,22.0521,0.5496927,8.227148e-08,2.7149542e-06,0.008835938,1.2411112e-07
475,0.064894095,0.09278960525989532,0.09265930950641632,0.0,-0.0054955226,0.51858604,0.04760089,99.99166,481.41092,165.73595,2.89498,1.7252821,0.8816419,0.9996627,0.17737564,135.71704,0.38473663,1.1961649e-07,9.65793e-07,0.009156363,2.498355e-08
476,0.06481227,0.0940123051404953,0.09344310313463211,0.0,-0.0055400864,0.55417913,0.043815717,99.97989,676.523,163.54227,2.949123,1.8817946,0.704631,0.9999598,0.17590602,143.54828,0.7757615,5.0258603e-07,4.1600822e-07,0.009240986,2.0330613e-09
477,0.06308839,0.0936528667807579,0.09337624162435532,0.0,-0.005741709,0.5114514,0.046259217,99.82865,516.3885,162.49242,3.0285914,1.6162384,0.9881886,0.9997091,0.1788204,103.70844,0.8726872,1.5579695e-07,2.2229106e-06,0.009199724,9.875034e-10
478,0.06506611,0.0915088802576065,0.09140855818986893,0.0,-0.005581345,0.5261682,0.048152115,99.92938,687.86487,165.60556,2.9334223,1.7560977,0.8514744,0.9998058,0.17464098,149.5913,0.32748905,2.8014543e-07,1.1143439e-07,0.009238874,2.4308038e-08
479,0.065554865,0.09297660738229752,0.09282243996858597,0.0,-0.006127678,0.5366698,0.04491447,99.9126,492.3111,163.66472,3.0243266,1.7640558,0.8753707,0.9998682,0.17880504,111.34882,0.13695592,1.8628074e-07,2.7943903e-08,0.009020803,4.67109e-08
480,0.06620368,0.0929117500782013,0.09269117563962936,0.0,-0.005972461,0.53725064,0.04266466,99.83859,534.9818,161.76321,2.892683,1.6269407,0.9350788,0.99980646,0.18113062,73.03466,0.37253368,5.4868127e-07,7.1839804e-07,0.009013055,1.9433369e-08
481,0.062981665,0.09119841456413269,0.09094582498073578,0.0,-0.0071938927,0.54577404,0.042065654,99.97682,684.68854,163.18883,2.871484,1.4424294,1.0625789,0.99981856,0.17587596,151.4544,0.15295734,2.6546152e-07,1.2014706e-06,0.009028981,1.2779769e-07
482,0.06486604,0.09181007742881775,0.09175935387611389,0.0,-0.0054597287,0.55326617,0.03981918,99.37018,689.216,164.27403,2.9722896,2.5393,0.017791858,0.99859375,0.009130201,54.979454,0.6733076,3.2664313e-06,9.73669e-08,0.17571802,7.3505994e-06
483,0.06466972,0.09092684835195541,0.0908442884683609,0.0,-0.006215549,0.5231772,0.04673809,99.97431,678.3862,166.64459,2.9720707,1.7011337,0.9282286,0.9998594,0.17791562,185.99123,0.63095933,1.0648196e-06,2.1228223e-07,0.009184006,1.1561988e-08
484,0.06474889,0.09344486147165298,0.09321210533380508,0.0,-0.005582835,0.5259856,0.04341385,99.88122,698.84503,164.03888,3.057755,1.8865931,0.7034997,0.9994558,0.17726539,108.87337,0.4234463,6.5828215e-07,4.702113e-08,0.009271811,4.4101167e-08
485,0.067976445,0.09655917435884476,0.0964566171169281,0.0,-0.0055809463,0.5231097,0.04651149,99.92849,401.35675,163.59338,2.9993784,1.5051359,1.0734459,0.9999588,0.1827156,69.65741,0.53988576,2.4232278e-07,3.4698556e-07,0.009042283,1.1252518e-08
486,0.06493764,0.09194602072238922,0.09184818714857101,0.0,-0.0058034565,0.527203,0.047044322,99.94219,698.4029,164.82681,2.978815,1.5619358,1.048125,0.9995917,0.18014744,56.92777,0.8417745,8.9710664e-07,1.3547625e-06,0.009221866,6.390186e-09
487,0.06665848,0.09412848204374313,0.09402165561914444,0.0,-0.005471963,0.51160485,0.048010554,99.92726,352.12195,162.78702,2.9949963,2.0461962,0.58343494,0.99964416,0.18128555,79.26157,0.150412,1.7837579e-07,3.8175173e-07,0.009184972,5.0291593e-09
488,0.0659164,0.09118106961250305,0.09111183136701584,0.0,-0.005627892,0.5199088,0.045764122,99.98203,698.8073,165.08685,2.9298332,1.7558304,0.85383993,0.9999427,0.17725104,146.90257,0.6004003,9.60575e-08,6.0177683e-07,0.009119212,5.2587097e-08
489,0.065690435,0.09274572879076004,0.09265830367803574,0.0,-0.005518003,0.51928747,0.045186788,99.99467,695.3969,164.81808,2.9708502,1.4381689,1.1280828,0.9997235,0.17785826,185.99887,0.25546637,1.0946566e-06,3.6184616e-07,0.0091686025,1.1742743e-08
490,0.068529956,0.09195851534605026,0.09146737307310104,0.0,-0.00741311,0.5444164,0.04129703,99.85302,699.9223,165.60818,2.8101792,1.622871,0.91771406,0.9997661,0.17484476,68.18314,0.08048292,1.0946807e-07,2.1315915e-07,0.008957846,5.647797e-09
491,0.06418041,0.09394025057554245,0.0937936007976532,0.0,-0.005831323,0.52454257,0.045593563,99.90477,687.5186,163.76707,3.0201318,1.8979552,0.6407512,0.9992045,0.18065646,70.04286,0.048132166,2.0064465e-07,8.499963e-07,0.009265569,1.43399586e-08
492,0.06502285,0.09475979208946228,0.09451601654291153,0.0,-0.0055646338,0.4975526,0.05012441,99.93724,680.3283,165.98657,2.9768322,1.473286,1.0755978,0.99994934,0.17948239,139.03836,0.6846553,1.7957706e-08,9.74381e-07,0.009290727,4.045205e-08
493,0.06727307,0.09200798720121384,0.09158271551132202,0.0,-0.0062819133,0.52034503,0.042003218,99.88016,697.94073,166.04875,2.9496913,1.3551848,1.1863621,0.99963814,0.1778275,174.38026,0.26814902,1.1411485e-07,1.6653509e-06,0.0091049485,8.631285e-09
494,0.06656632,0.09115403145551682,0.0918036475777626,0.0,-0.006091742,0.46638605,0.047893584,99.57958,648.3867,157.66528,3.0779588,3.1738353,0.009322651,0.9984563,1.0903764e-06,37.82304,0.013569949,0.006616224,7.32709e-07,0.35621226,0.08450345
495,0.06545841,0.09506470710039139,0.09501474350690842,0.0,-0.00546859,0.524439,0.046464607,99.92339,421.88675,164.32945,2.9651806,1.652322,0.9783858,0.99968475,0.18121293,58.83422,0.389074,8.361741e-07,2.6885598e-06,0.009202201,5.0713265e-08
496,0.06664701,0.09298773854970932,0.09294023364782333,0.0,-0.0071514733,0.5357146,0.041990917,99.95603,391.07355,162.84972,2.9891891,2.4142506,0.14798523,0.99990827,0.17355429,59.564022,0.18983415,3.3628427e-07,2.5501453e-07,0.00915102,6.590363e-09
497,0.065183304,0.09490146487951279,0.09429389983415604,0.0,-0.0056162947,0.5623843,0.039274264,99.99646,695.35187,161.0978,2.9809875,2.1809397,0.42010447,0.99935824,0.1797634,122.59258,0.098356865,2.3449924e-07,5.8765175e-07,0.009033151,4.5443667e-08
498,0.06492896,0.09168042987585068,0.09164256602525711,0.0,-0.0058947676,0.5273337,0.04620365,99.84672,664.8187,165.60838,2.954246,0.5920125,1.9723207,0.99899215,0.1802347,34.991283,0.4297632,3.5590335e-06,7.5143936e-07,0.009230743,1.1838928e-07
499,0.06572474,0.09604194760322571,0.09553436934947968,0.0,-0.0054787467,0.49733692,0.05095369,99.95284,687.0453,165.21425,3.0622475,1.9318336,0.68045086,0.99998635,0.18126522,140.09552,0.2318818,1.2471061e-07,6.3044973e-07,0.009436812,4.315325e-08
500,0.06355606,0.09245393425226212,0.09125626087188721,0.0,-0.006163626,0.51767063,0.040680684,96.37616,679.3399,164.1985,2.849902,2.399722,0.051054478,0.9771984,0.008923411,45.906364,0.01278142,9.06004e-08,1.5783643e-06,0.18066335,2.0792113e-05
501,0.06477739,0.09143825620412827,0.09107689559459686,0.0,-0.0073768874,0.54477215,0.044784542,99.99112,696.1653,165.36818,2.897181,1.5955722,0.95966107,0.9997904,0.1754002,42.37324,0.70896643,8.220071e-08,2.7090996e-07,0.009127593,3.3329936e-08
502,0.06644317,0.08790797740221024,0.0878080427646637,0.0,-0.0061565563,0.53383523,0.042988487,99.80153,510.78275,164.28496,2.8546624,1.398819,1.1303812,0.9999747,0.1697,101.773865,0.647327,9.3663743e-07,5.4508523e-06,0.009327079,1.9767369e-07
503,0.06666423,0.09492436796426773,0.09433702379465103,0.0,-0.0063127684,0.51955825,0.04453438,99.853134,696.35724,160.5375,3.0951421,1.8368195,0.7477542,0.999374,0.18027322,73.0615,0.33043143,7.282769e-07,1.3203263e-06,0.009099537,1.2912605e-08
504,0.064713635,0.0931343361735344,0.09290312230587006,0.0,-0.005803446,0.54324496,0.044698894,99.96408,382.50504,162.60506,2.9815187,1.9916341,0.64071476,0.9999262,0.17554294,140.36417,0.8988997,5.3619047e-08,1.6856036e-06,0.009071537,2.6249195e-08
505,0.06831123,0.09001059085130692,0.08995109051465988,0.0,-0.006328144,0.5207204,0.045733403,99.83489,525.8488,165.25772,2.9374027,2.3187194,0.22906817,0.9995571,0.1758078,116.534424,0.894981,5.4879994e-08,6.6786264e-08,0.009194245,4.9938087e-08
506,0.06439123,0.09291145950555801,0.08556431531906128,0.0,-0.0064984467,0.51163626,0.03352696,93.56605,520.40924,155.2132,2.8379326,3.3442879,0.013014824,0.9961569,0.006813767,38.23544,0.010035899,0.00019547342,8.9083846e-07,0.16817328,4.237278e-05
507,0.06639223,0.0908680409193039,0.09018930047750473,0.0,-0.0069899755,0.5375042,0.047520414,99.922485,688.0698,168.33174,2.9503334,1.935324,0.655411,0.99944353,0.17471293,52.127728,0.7196465,1.8011866e-07,1.0452318e-06,0.009187648,9.566693e-09
508,0.066173784,0.09171721339225769,0.09138982743024826,0.0,-0.0070643486,0.5496362,0.0394587,99.98598,697.93854,163.78107,2.8554628,1.3762294,1.1584077,0.99984413,0.17673299,49.61493,0.25731474,3.703133e-07,1.89275e-06,0.008930702,1.0880549e-08
509,0.06640433,0.09322581440210342,0.09302090108394623,0.0,-0.005646454,0.5042431,0.05057161,99.95836,687.3833,166.93407,2.9210265,1.6715983,0.95092565,0.9998699,0.177983,42.574142,0.22817816,8.713368e-07,6.481046e-07,0.0091390805,3.2549457e-07
510,0.06579278,0.08866928517818451,0.08854540437459946,0.0,-0.006005876,0.5048212,0.049423657,99.96964,623.8132,165.40207,2.8948972,1.5708671,0.9543805,0.99989897,0.17511728,70.890755,0.52038574,3.5701245e-07,3.4542998e-07,0.009333503,3.1269314e-09
511,0.06688919,0.0949917808175087,0.09484860301017761,0.0,-0.005756303,0.5424214,0.043235578,99.98583,695.412,163.46176,3.0178108,1.5179057,1.0579883,0.99992067,0.17797598,49.781384,0.5140884,1.2602305e-07,1.4008302e-06,0.009110886,3.3764906e-08
512,0.06722368,0.09470140188932419,0.09411873668432236,0.0,-0.0059649856,0.5298676,0.045045808,99.91932,671.5657,166.05946,2.8860354,1.747565,0.9008633,0.9995345,0.18239142,84.365746,0.44218487,2.3607681e-06,1.8476538e-06,0.0088971965,1.3509643e-07
513,0.06528391,0.09548784047365189,0.09533035010099411,0.0,-0.005530729,0.5403591,0.043958858,99.990944,681.3719,163.78947,2.9426181,1.7042816,0.90236324,0.9999939,0.18040119,159.83485,0.52293557,8.658356e-08,3.1821813e-07,0.009021126,4.042052e-08
514,0.06637647,0.08939553052186966,0.08919484913349152,0.0,-0.0062537063,0.5155451,0.045572747,99.79127,675.29126,165.6776,2.830903,1.9149078,0.6081364,0.9997211,0.16929021,102.178925,0.64098305,2.7471428e-06,1.2471745e-06,0.0092652,4.411408e-08
515,0.06441929,0.08836932480335236,0.087837815284729,0.0,-0.007318916,0.53668416,0.04497885,99.93846,699.38153,166.07841,2.7262185,1.3571448,1.1967365,0.9999955,0.17360418,36.77531,0.216843,4.2386074e-07,5.917958e-07,0.009088631,3.1062132e-08
516,0.06651121,0.09409182518720627,0.09388532489538193,0.0,-0.0066698263,0.5412407,0.044438574,99.75584,573.8029,163.24162,2.9064565,1.1405152,1.4808687,0.9994608,0.17961936,111.744514,0.51454306,6.3996265e-07,8.540368e-07,0.0091006365,4.0599442e-08
517,0.062841505,0.0931868627667427,0.0929979458451271,0.0,-0.0072507076,0.52888507,0.045909587,99.773186,689.7489,164.54802,3.0897365,1.8377802,0.7974184,0.9997335,0.17870682,191.41794,0.49172178,1.936386e-06,4.7039043e-06,0.009261267,2.9214542e-08
518,0.06756435,0.09160134941339493,0.09141772240400314,0.0,-0.0060747275,0.5459256,0.042182922,99.94037,698.889,164.49062,2.8970473,1.4939517,0.99818194,0.9995702,0.180003,170.26018,0.7883482,8.0336406e-07,8.560491e-07,0.009052094,2.8629191e-08
519,0.0668094,0.09345278888940811,0.0931624323129654,0.0,-0.006194885,0.5013696,0.04838589,99.89763,621.27435,163.19063,3.0217886,1.7679108,0.82519555,0.999956,0.1762928,166.26277,0.8872728,9.213497e-07,1.8906079e-06,0.009148725,2.6573838e-07
520,0.064781666,0.0925740972161293,0.09221602231264114,0.0,-0.0059127365,0.5497071,0.04349468,99.991615,696.4618,164.96603,2.873996,1.5639397,0.9828561,0.99976534,0.17468889,103.971344,0.44364643,1.7621007e-07,1.0745027e-06,0.009099584,4.067355e-08
521,0.06583627,0.09329748153686523,0.09314088523387909,0.0,-0.0055322577,0.5162032,0.04951853,99.95584,696.74866,163.99463,3.0078096,1.8604379,0.6442536,0.9998956,0.18045905,147.49103,0.36397368,2.701299e-07,1.1031802e-06,0.00927883,2.2434744e-08
522,0.06558722,0.08950057625770569,0.08915121108293533,0.0,-0.006230461,0.5221725,0.050699618,99.803085,688.47205,164.92554,2.876164,1.5475422,0.95290816,0.999852,0.17771557,183.48239,0.98348004,2.1529694e-07,1.2991006e-06,0.009309044,1.1935357e-07
523,0.066974685,0.09120616316795349,0.0907939076423645,0.0,-0.005455764,0.52332836,0.04680549,99.96621,686.77606,167.15538,2.8439474,1.8127043,0.839524,0.9992978,0.173627,190.63507,0.8006956,2.99925e-07,1.309215e-06,0.009052425,5.119506e-08
524,0.06739081,0.09097028523683548,0.09064783155918121,0.0,-0.006592086,0.5361448,0.046872478,99.96734,661.3732,164.85495,2.83742,1.704181,0.83923775,0.9999811,0.17467602,115.182236,0.75591654,1.5938744e-07,3.0632137e-07,0.009140966,1.008731e-07
525,0.0643798,0.093232162296772,0.09317001700401306,0.0,-0.0057570087,0.51904273,0.048512183,99.814644,680.0458,165.28867,2.9411538,1.7942623,0.8119558,0.9995964,0.17695948,75.929436,0.59458107,1.4494584e-06,2.4329706e-08,0.00912114,2.4243096e-07
526,0.068110004,0.09303281456232071,0.09286800771951675,0.0,-0.0056340885,0.5411739,0.041702934,99.9801,308.80185,163.78313,3.0675893,2.1274781,0.43668768,0.99995434,0.17894112,20.606607,0.3112306,3.8938254e-07,4.6789748e-07,0.009193999,2.0443016e-09
527,0.0654707,0.09476248174905777,0.09471055120229721,0.0,-0.0057043037,0.52014583,0.047316156,99.99402,638.98804,165.525,3.0024848,1.7209982,0.8843804,0.99963427,0.17832603,131.5701,0.6592129,3.4096962e-07,3.2905734e-06,0.009280074,1.786084e-07
528,0.06807764,0.09444773942232132,0.09441135823726654,0.0,-0.006419142,0.52913237,0.044841558,99.91343,628.50287,163.92839,3.0035973,1.8888311,0.679777,0.99937457,0.17823574,147.27623,0.08195923,1.1267414e-06,2.5224412e-07,0.009062552,2.7820446e-08
529,0.06749059,0.09190939366817474,0.09169280529022217,0.0,-0.0058260695,0.5338792,0.044220522,99.836266,677.08356,162.42735,2.9574268,1.438504,1.0356225,0.9994216,0.18026759,98.66675,0.16085504,2.9081841e-06,8.3008035e-06,0.009220068,2.6321517e-08
530,0.06422545,0.08899093419313431,0.08878350257873535,0.0,-0.006783224,0.53711396,0.046037484,99.86525,695.4817,165.62894,2.886373,1.4773693,1.0036632,0.9995627,0.1703749,122.3216,0.63838834,6.8427676e-07,2.870945e-06,0.009310088,9.249888e-08
531,0.06449203,0.09089303016662598,0.0907604843378067,0.0,-0.0058349906,0.5121673,0.04845203,99.983635,695.83765,166.08829,2.837546,1.8458731,0.6885936,0.99981505,0.17832768,160.53735,0.92062783,1.8239747e-07,1.0885846e-06,0.0092031155,1.0407199e-08
532,0.06550085,0.0905165746808052,0.09049400687217712,0.0,-0.005665698,0.52362704,0.04505094,99.54428,697.92267,164.61491,2.9225879,1.8704035,0.7110208,0.9994321,0.17672932,124.239876,0.8780166,1.4790318e-06,3.0136427e-08,0.0091838,9.2690584e-08
533,0.066269584,0.09461095929145813,0.09452106803655624,0.0,-0.0055508236,0.5175167,0.045393776,99.76918,692.8458,164.68369,2.9579864,1.6294543,1.0154165,0.9999982,0.1816301,69.076225,0.43006495,2.8931703e-07,5.721699e-07,0.009107572,1.0736627e-08
534,0.068241164,0.09046691656112671,0.09028901904821396,0.0,-0.005539753,0.505712,0.048470423,99.98173,611.3966,165.23311,2.8843935,1.6789858,0.85612005,0.9999212,0.17615986,106.21938,0.6265351,1.2312748e-07,1.2232817e-07,0.009298887,2.4264967e-08
535,0.06667786,0.09574630111455917,0.09524799138307571,0.0,-0.0057455157,0.5297858,0.042730127,99.98939,410.0936,160.85432,3.1598432,1.5466586,1.0544218,0.999986,0.17673637,84.482254,0.93357354,8.631939e-08,9.0268617e-07,0.009225335,1.888413e-08
536,0.06769752,0.09288838505744934,0.09281661361455917,0.0,-0.0057250457,0.53017145,0.045524932,99.9333,682.7454,165.28802,2.9488087,0.5118471,2.0456965,0.9989634,0.17612228,22.30966,0.5981314,1.405286e-06,2.8147417e-06,0.00910071,4.2443483e-07
537,0.066816814,0.09296493977308273,0.09259435534477234,0.0,-0.006059987,0.53517175,0.048072547,99.560844,686.59314,165.3049,2.987303,1.5116618,1.1163789,0.9999643,0.17497934,119.91321,0.08449712,3.1807367e-06,3.4644993e-06,0.009075227,7.036678e-08
538,0.06424279,0.0899432897567749,0.08976258337497711,0.0,-0.005517953,0.522196,0.044512257,99.973755,362.9735,163.09488,2.9936957,1.729032,0.8264537,0.99981517,0.17578976,51.01264,0.6252079,1.8039055e-08,9.4841184e-08,0.009320828,2.5961606e-08
539,0.06521154,0.09256216883659363,0.09234566241502762,0.0,-0.0057835127,0.53824365,0.044353135,99.96823,316.51514,164.53099,2.9480517,1.9010768,0.67191833,0.99990976,0.17547715,42.07215,0.1912851,3.6238074e-08,4.4991546e-07,0.009179328,3.3501586e-08
540,0.06779002,0.08937564492225647,0.08930710703134537,0.0,-0.005496371,0.525762,0.045197275,99.94214,692.89874,164.76375,2.8702,1.6811947,0.9369663,0.9997815,0.1732859,27.003914,0.34327576,2.012176e-06,7.4127e-07,0.009273483,2.8859468e-08
541,0.06543987,0.0927538275718689,0.09261666983366013,0.0,-0.0055234856,0.5075889,0.050170075,99.86609,469.92923,165.69371,2.973334,1.370474,1.1290197,0.99985236,0.1789922,36.205215,0.68553394,3.29749e-07,1.7604779e-07,0.009292839,6.701424e-09
542,0.064341605,0.09237848222255707,0.09175290167331696,0.0,-0.005686384,0.5543769,0.044082675,99.99902,694.587,164.94388,2.8779612,1.5193398,1.0649129,0.9999863,0.17597175,61.733273,0.4490302,5.968921e-08,3.6327324e-07,0.009085257,1.8529587e-08
543,0.06864831,0.09106989204883575,0.09102245420217514,0.0,-0.007049516,0.52515376,0.045168716,99.21096,660.22235,164.64687,2.9480956,2.3746104,0.2554611,0.99977756,0.17678452,42.071095,0.572699,7.7578255e-07,2.1868447e-05,0.009055264,1.3397072e-07
544,0.06707574,0.09081152081489563,0.09012454003095627,0.0,-0.005664371,0.55221355,0.044683613,99.97562,696.1129,164.27051,2.957174,1.7598699,0.8124905,0.9993474,0.17700171,41.311787,0.76365805,1.1867402e-06,5.135034e-07,0.009279473,3.3784776e-08
545,0.06735973,0.09370961785316467,0.0936504527926445,0.0,-0.0056560617,0.52498,0.045513425,99.12102,690.7763,165.49669,2.9417639,1.4952666,1.0468644,0.9999777,0.17528972,85.94442,0.85148793,1.4838922e-06,1.9823308e-06,0.009281174,1.7470605e-07
546,0.06538978,0.09254064410924911,0.0924079641699791,0.0,-0.0055214143,0.522791,0.04813528,99.99679,511.57242,164.30026,2.9756088,1.6273654,0.9290783,0.99997354,0.17824864,41.07259,0.074648514,1.6200089e-07,1.4590994e-07,0.009308425,3.7011908e-08
547,0.0670515,0.0943111777305603,0.09407265484333038,0.0,-0.0060423804,0.51509655,0.045751553,99.85177,292.20453,161.40338,3.0246916,1.588164,0.9747561,0.99958545,0.17444828,112.1842,0.90666753,2.2563052e-06,5.8863106e-06,0.009186635,1.6902241e-07
548,0.067193106,0.09340062737464905,0.09321153163909912,0.0,-0.0056072376,0.5340886,0.045614064,99.977066,424.74628,164.31322,2.8841753,1.6760695,0.9036217,0.9997121,0.1825734,70.83855,0.74254143,3.775381e-09,2.074132e-06,0.009123212,9.3561155e-08
549,0.06682054,0.09337786585092545,0.09287368506193161,0.0,-0.0056586033,0.49129584,0.049637396,99.55171,470.2584,163.97954,3.0063999,1.6775713,0.94855124,0.9995116,0.17784171,110.85998,0.5692145,9.766114e-07,5.5236646e-06,0.009264085,1.9595307e-08
550,0.06674251,0.09349284321069717,0.09345854818820953,0.0,-0.005987415,0.5246035,0.04588731,99.9802,697.7504,163.80893,2.993094,1.8548214,0.7556555,0.9996492,0.17936617,76.82325,0.75311786,5.866844e-07,3.9332267e-07,0.009112166,1.7985975e-08
551,0.062158808,0.09281982481479645,0.09270818531513214,0.0,-0.005637114,0.5340682,0.04385938,99.94684,686.3972,165.37274,2.858326,1.3948562,1.1892365,0.99989694,0.17623876,90.63115,0.32139015,1.2147234e-06,7.0261586e-07,0.009110609,5.0860034e-08
552,0.063476056,0.09211908280849457,0.0917871743440628,0.0,-0.00684736,0.50241,0.047252923,99.970184,456.90875,163.75105,2.9927082,1.5795028,0.9972946,0.9999083,0.17694633,39.27464,0.3627515,6.2596905e-07,5.267211e-07,0.009175785,3.5927457e-08
553,0.06630778,0.09411554783582687,0.09359093010425568,0.0,-0.005502343,0.5446857,0.044343118,99.75835,121.81819,157.96956,3.0422812,1.6076902,0.93458664,0.9996923,0.17847969,49.634678,0.39219064,7.385238e-07,1.8714538e-06,0.009259175,3.4714592e-08
554,0.06689001,0.09337496012449265,0.09316886961460114,0.0,-0.007434779,0.5552691,0.03938493,99.97358,699.59424,164.4227,2.919665,1.5800625,0.954632,0.9999082,0.17587356,28.604986,0.9170953,3.6489247e-08,3.3112195e-07,0.0090002585,6.0054814e-09
555,0.066272095,0.09463297575712204,0.09447884559631348,0.0,-0.0054850965,0.49361297,0.052832738,99.98557,606.812,165.39566,2.9881866,2.0395374,0.5528543,0.99993247,0.18263508,91.88591,0.695967,3.14415e-08,2.8489006e-07,0.009260725,2.9588403e-08
556,0.0646333,0.090538389980793,0.09046830236911774,0.0,-0.006556407,0.5153762,0.046822228,99.94641,563.0519,164.01817,2.9634242,1.9239619,0.6483718,0.99983656,0.17591628,121.38531,0.46745488,1.5735132e-08,1.5813704e-06,0.009117778,7.1068584e-08
557,0.06417021,0.09004315733909607,0.08992055058479309,0.0,-0.0057761557,0.5419033,0.043579318,99.9555,696.6964,166.3369,2.9214816,1.8341644,0.751088,0.9996638,0.17475186,36.197994,0.16866264,6.882783e-07,6.158683e-07,0.009281355,2.854488e-07
558,0.065292835,0.09474903345108032,0.09430382400751114,0.0,-0.0057196505,0.512512,0.044360727,99.988976,691.158,163.53401,3.0512385,1.9013608,0.63698363,0.9998253,0.17834607,106.404274,0.6982498,7.2391956e-08,1.1689531e-08,0.009194612,2.8787335e-08
559,0.066371165,0.09218372404575348,0.09194391220808029,0.0,-0.005519622,0.5065493,0.051937282,99.99885,489.41666,165.14934,2.9764633,2.047999,0.4662928,0.9995307,0.1798646,93.99861,0.9594552,9.6613e-07,5.705154e-08,0.009412128,2.2383094e-08
560,0.06714204,0.09290735423564911,0.09267514199018478,0.0,-0.006627599,0.5223523,0.048119456,99.90853,693.74536,164.25142,2.9896736,1.5156165,1.0245495,0.9999096,0.17859165,150.83261,0.676326,1.2517219e-06,3.3701713e-06,0.009344838,3.9285098e-08
561,0.0653188,0.09313745051622391,0.09363416582345963,0.0,0.08552215,0.6191359,0.03210014,95.92386,691.4368,158.76634,2.7897604,2.0395622,0.06284535,0.996926,0.008290456,49.46472,0.010642685,9.984532e-06,3.9170013e-07,0.18050228,4.472599e-05
562,0.06646207,0.08996479958295822,0.08967295289039612,0.0,-0.006125235,0.51650935,0.044947952,99.96952,698.92816,165.51785,2.8909252,1.8982338,0.65335745,0.9999648,0.17135285,99.315674,0.6264075,9.626653e-08,2.1292797e-07,0.009100078,7.721053e-09
563,0.06636997,0.09199465811252594,0.09190895408391953,0.0,-0.006478287,0.5310331,0.044218067,99.66748,668.60925,163.63504,2.8901925,1.5475036,0.9781755,0.99987185,0.17468731,101.55267,0.18549715,5.0870545e-07,3.026731e-06,0.00910842,5.256451e-07
564,0.06631653,0.09491308778524399,0.09468390047550201,0.0,-0.0061217397,0.529566,0.04247948,99.857414,698.6501,163.19765,3.0675335,1.4311745,1.2241513,0.99955237,0.17573002,159.25159,0.3473438,1.6083974e-06,5.9771594e-08,0.008986081,6.1003995e-08
565,0.064104214,0.09384125471115112,0.09331394731998444,0.0,-0.0054601566,0.4858065,0.051611494,99.9717,695.99554,165.72145,3.0092437,1.5446963,1.0810667,0.9999853,0.18276656,93.11769,0.6028413,1.6769421e-08,9.597258e-07,0.009314101,1.4106973e-08
566,0.067052014,0.09251970052719116,0.09219101816415787,0.0,-0.0054818825,0.53957593,0.04520358,99.99154,508.20203,163.48123,2.9279637,1.7009903,0.81356245,0.9998663,0.17957462,54.626846,0.25743243,3.0975553e-07,4.2616327e-07,0.009294587,1.6900485e-08
567,0.065072976,0.0930764302611351,0.09294670075178146,0.0,-0.005465847,0.5369724,0.04166538,99.97886,684.6419,163.23904,3.0582955,1.5823712,0.9648741,0.9998915,0.17547269,22.144373,0.59158903,3.7823433e-08,2.2738806e-07,0.009125163,1.4601436e-08
568,0.06460212,0.09222160279750824,0.09188765287399292,0.0,-0.0055712587,0.5236483,0.050252147,99.98244,685.7876,165.51186,2.9286852,1.9523417,0.6415604,0.9999443,0.18143925,93.537674,0.3632108,4.081947e-07,8.408535e-07,0.00933737,2.2077035e-08
569,0.06666015,0.09444183111190796,0.09404914826154709,0.0,-0.007009124,0.55204475,0.04203245,99.99764,697.47076,162.40811,2.9486756,1.501799,1.0994887,0.99972284,0.17883223,101.98572,0.43334338,1.5304136e-07,4.44711e-07,0.008977768,2.782425e-08
570,0.0661028,0.09058728814125061,0.09040287882089615,0.0,-0.0060316664,0.5381719,0.043692514,99.95612,698.66376,164.44585,2.8379447,1.3922477,1.1002307,0.99990773,0.17755112,152.60307,0.6657573,5.99143e-07,1.6399553e-06,0.009082643,3.7284433e-08
571,0.065629795,0.09386126697063446,0.09383811801671982,0.0,-0.0059690587,0.5149013,0.04851819,99.930145,467.35287,163.50684,2.9313192,1.7866558,0.73651516,0.9985496,0.17871995,146.89601,0.22996724,1.9941623e-07,3.037994e-06,0.00919175,5.3398384e-08
572,0.06774224,0.09229860454797745,0.0922444760799408,0.0,-0.006018814,0.5459224,0.04126803,99.94582,682.2218,164.62035,2.9710488,1.7217333,0.8748148,0.99975926,0.1746821,66.23753,0.49552813,1.3505386e-06,3.4915902e-06,0.009093285,4.230497e-08
573,0.06886978,0.09313328564167023,0.09237253665924072,0.0,-0.0055136653,0.49074417,0.04962198,99.98323,669.34143,167.53026,2.9553387,1.761301,0.82648456,0.99998504,0.17877454,100.61852,0.11991927,1.8141046e-08,1.3248528e-07,0.009316401,8.135909e-09
574,0.06690567,0.09411485493183136,0.09378183633089066,0.0,-0.00559104,0.55287373,0.041430395,99.95756,698.9417,166.47623,2.9431055,2.0026746,0.5941665,0.99984705,0.17715459,119.5578,0.40997353,1.1986587e-06,9.647978e-07,0.009022217,2.8982325e-07
575,0.0684453,0.09318017959594727,0.09290707856416702,0.0,-0.0059476183,0.5364331,0.04645181,99.9374,685.71,166.21097,3.0003064,1.7835698,0.80333376,0.9998476,0.18004914,150.86058,0.086670265,1.7454628e-06,4.9994975e-07,0.009185453,1.4502361e-08
576,0.06989825,0.0930374339222908,0.09262289106845856,0.0,-0.0055440688,0.50362974,0.046756387,99.98091,696.16693,164.55235,2.940676,1.8887582,0.6825546,0.9999659,0.17884728,113.693054,0.22635724,4.598286e-07,8.69958e-07,0.009131139,2.1557636e-08
577,0.06810696,0.09501251578330994,0.09487342834472656,0.0,-0.0057339654,0.54636157,0.040240396,99.92778,697.6308,163.47209,3.070593,1.5478399,1.0543901,0.99990785,0.17888589,113.258446,0.32057187,1.1779977e-07,9.164406e-07,0.008989312,5.1189346e-09
578,0.06597741,0.09316090494394302,0.09289348870515823,0.0,-0.0055040023,0.5229125,0.04748002,99.85837,698.9505,162.90576,2.9754114,1.6624556,0.9181368,0.99978244,0.17844312,111.10619,0.8131376,1.5240743e-06,1.2561256e-06,0.0092934575,2.9509607e-08
579,0.06429274,0.09181047230958939,0.09180248528718948,0.0,-0.0055821757,0.53051066,0.044685338,99.79892,694.43634,165.18083,2.9372232,1.3233833,1.2093499,0.99946254,0.17508923,187.50996,0.67407113,5.533229e-08,2.6378845e-07,0.009189178,1.3455055e-07
580,0.06742116,0.09417817741632462,0.09381169825792313,0.0,-0.005486112,0.5082519,0.04677663,99.93286,697.67487,164.76457,3.0675137,1.8576583,0.7004286,0.99942863,0.17811799,108.1458,0.2488188,4.845925e-07,2.121591e-06,0.009294788,3.552079e-09
581,0.06817389,0.09203127026557922,0.09192289412021637,0.0,-0.0055381153,0.5366721,0.043366794,99.780655,637.02356,163.27275,2.8877003,1.4597667,1.0622699,0.99976516,0.17674552,117.31673,0.8971161,4.7551174e-07,2.0496298e-06,0.009177234,2.1694566e-08
582,0.06868639,0.09182648360729218,0.09169473499059677,0.0,-0.005582722,0.52936536,0.047459126,99.97499,699.619,165.6183,2.9564474,1.4030079,1.1238827,0.99993086,0.17679496,162.31944,0.5073166,1.1119743e-06,2.670447e-06,0.009173794,1.0073677e-09
583,0.06534953,0.09608585387468338,0.09661865234375,0.0,0.08939248,0.6237643,0.03410396,99.99341,693.42834,162.23427,3.0167577,1.6639643,0.95073664,0.99970895,0.1837499,134.97067,0.29864773,8.846527e-07,2.2604702e-07,0.008892416,1.5103222e-08
584,0.064965576,0.09233105927705765,0.09345628321170807,0.0,0.08474172,0.63799495,0.0343095,99.92236,699.4699,164.9419,2.8728878,1.7670739,0.820882,0.9996981,0.18179992,58.709225,0.28345728,2.5155595e-07,2.4810681e-06,0.008688022,3.5906567e-08
585,0.06607033,0.0923202633857727,0.0922582745552063,0.0,-0.005644108,0.52727646,0.046354286,99.795715,423.5906,164.30447,2.9385064,2.074871,0.5794965,0.9992266,0.1788015,92.089874,0.77043366,3.5639806e-07,8.8396433e-07,0.009165536,4.3939547e-08
586,0.064244255,0.09294790029525757,0.09258291870355606,0.0,-0.0055384114,0.5611836,0.040095743,99.96648,697.66187,164.70343,3.0446067,1.7057164,0.89388174,0.99992645,0.17524399,168.96951,0.18880434,2.1564944e-07,1.3195684e-07,0.009233527,4.32072e-08
587,0.067726105,0.09292439371347427,0.09232789278030396,0.0,-0.005461733,0.49179092,0.051963627,99.99185,697.4472,164.93356,3.075356,1.3955504,1.0975082,0.99980724,0.17875655,54.016922,0.49469158,5.20427e-08,2.0617772e-06,0.009465414,3.2780832e-08
588,0.06454861,0.09116382151842117,0.09066981822252274,0.0,-0.0071603144,0.53473556,0.038892157,99.624886,697.2039,161.50949,3.0101829,1.4833795,1.0795909,0.9998601,0.17287828,86.942345,0.48832136,8.9838085e-07,3.3273201e-07,0.009055859,1.11570394e-07
589,0.06625043,0.09443014860153198,0.0943186804652214,0.0,-0.005817109,0.53494614,0.04622324,99.853836,662.97815,164.74396,2.9723892,1.4890155,1.1440094,0.999177,0.17433405,154.88039,0.18723975,5.964854e-07,1.6800974e-06,0.009189903,6.644227e-08
590,0.067960866,0.09163863956928253,0.09160421788692474,0.0,-0.0055018016,0.52125096,0.04646519,99.9453,453.40863,164.24397,2.967005,1.9754667,0.61332065,0.99965596,0.17880602,49.693226,0.5088192,1.8411324e-09,1.828197e-07,0.009140395,1.3069372e-08
591,0.06413836,0.09109216183423996,0.09106873720884323,0.0,-0.0060647605,0.5349573,0.04278111,99.95082,497.03464,163.47047,2.9607608,1.6308223,0.9073677,0.9999836,0.17664717,62.451218,0.7571416,1.0665294e-06,1.2525688e-06,0.009157306,6.841581e-08
592,0.06640117,0.0899677723646164,0.089630126953125,0.0,-0.0055210846,0.53264076,0.046626374,99.875565,447.26364,165.36436,2.9698384,1.4573017,1.005924,0.9997935,0.17485063,98.59641,0.093281746,7.9432897e-07,1.7435781e-07,0.009440317,1.6864014e-08
593,0.06570372,0.09199756383895874,0.09168171137571335,0.0,-0.005709832,0.52789783,0.04800361,99.98389,522.3074,164.91937,2.8463807,1.8205361,0.7494274,0.9999158,0.17847727,55.205173,0.16402587,4.185825e-07,4.2584356e-06,0.009101453,4.137928e-08
594,0.06636633,0.09395311027765274,0.0871739387512207,0.0,-0.0068615684,0.53887874,0.02468626,99.77789,573.2764,156.56157,3.0792363,3.8595073,0.12470115,0.99618846,0.0068183807,37.765835,0.010021744,8.510228e-05,8.596694e-06,0.16123098,3.890466e-05
595,0.06689047,0.09388565272092819,0.09380495548248291,0.0,-0.0054551,0.5361228,0.04375114,99.92485,516.6771,164.74005,2.946374,1.8428895,0.71295184,0.99984,0.17983311,87.938675,0.5811005,2.923764e-07,1.3754579e-06,0.009252126,4.176032e-08
596,0.067582786,0.09034737199544907,0.09014199674129486,0.0,-0.0055633765,0.52125454,0.047659166,99.84415,697.18555,164.79889,2.954007,1.5382546,0.91497576,0.9999471,0.17642878,58.374496,0.6834477,2.1903136e-06,1.1003694e-06,0.009392812,1.0231055e-08
597,0.0651503,0.09279979765415192,0.09260547161102295,0.0,-0.005534668,0.52049565,0.047531344,99.95041,553.37866,163.47554,2.9770157,1.5550896,1.0341315,0.99976,0.1785003,22.868765,0.7287028,1.5897984e-07,4.3300153e-07,0.009331424,2.917873e-08
598,0.06446464,0.0953974649310112,0.09533224254846573,0.0,-0.005560174,0.52748036,0.04552847,99.96109,661.8825,163.53764,3.010388,1.8661954,0.7397606,0.9999016,0.18032762,114.780685,0.8192296,2.3112652e-07,1.6412444e-07,0.0091612125,3.59913e-09
599,0.0641166,0.09223905205726624,0.09219235181808472,0.0,-0.0054795123,0.52837324,0.044929326,99.93122,698.4999,164.63725,2.9300091,1.5154389,0.95852166,0.99960667,0.175732,172.88773,0.2960733,4.741357e-07,5.6266657e-07,0.009264509,7.884441e-08
600,0.06678568,0.09491480886936188,0.09462395310401917,0.0,-0.005602852,0.5167336,0.04491733,99.78178,673.9968,162.48987,3.0577111,1.6810443,0.8146247,0.99961215,0.17697933,87.49688,0.44647995,1.9072432e-07,4.1505727e-06,0.009144614,2.6066894e-08
601,0.06601378,0.09228295832872391,0.09221162647008896,0.0,-0.005804728,0.51732033,0.047140643,99.73828,694.779,166.5668,2.9345627,1.6023127,1.0035957,0.99981606,0.17863671,97.01301,0.63818043,1.1591493e-06,3.8227095e-06,0.009233548,1.0296988e-08
602,0.06741468,0.09383286535739899,0.09329849481582642,0.0,-0.005473722,0.48542178,0.05283593,99.84504,455.4913,165.99257,2.98715,1.8966765,0.6573415,0.9994322,0.1808745,19.90789,0.47376245,1.6048232e-07,7.541815e-07,0.009390284,1.13319665e-08
603,0.06603894,0.09317123889923096,0.09268009662628174,0.0,-0.006085629,0.55061007,0.042159934,99.74486,669.7488,166.31926,2.8434455,1.7127087,0.8157341,0.9980541,0.18150687,79.46095,0.32123172,1.2197505e-06,5.999785e-06,0.009011093,1.1356041e-07
604,0.06659172,0.09456252306699753,0.09442635625600815,0.0,-0.005755006,0.5266084,0.043767117,99.95326,602.89874,163.15904,3.0180671,1.6669708,0.91283554,0.9996952,0.18293849,114.468025,0.21288599,4.7025847e-07,8.1889357e-07,0.008964592,1.3349885e-08
605,0.06584298,0.0910964161157608,0.09075046330690384,0.0,-0.0074291704,0.5188551,0.045726974,99.98757,695.05084,165.58191,2.793846,1.738766,0.8550206,0.9999703,0.17394778,23.629679,0.11401287,6.8993266e-08,4.83576e-07,0.009068681,1.4772051e-08
606,0.065573946,0.09360210597515106,0.0932864397764206,0.0,-0.0055284076,0.54910016,0.043891992,99.99678,614.1951,165.25464,3.0258563,1.9189612,0.6837039,0.9999653,0.17711681,171.79799,0.40926757,4.661832e-08,5.597296e-07,0.009233854,3.5242416e-09
607,0.06698293,0.09196363389492035,0.09155578911304474,0.0,-0.005501348,0.4851073,0.057191517,99.805504,403.8054,166.2237,2.9162722,1.9457489,0.62826544,0.99945307,0.17718059,109.34873,0.40501282,2.2964655e-07,1.0070638e-06,0.009448544,3.1990027e-08
608,0.06826345,0.09159407764673233,0.09136537462472916,0.0,-0.0062798783,0.527916,0.042630956,99.95971,635.34344,164.66853,2.8916845,1.6756536,0.9299737,0.9997326,0.17429575,39.53658,0.74558467,1.7323015e-07,3.3356294e-08,0.009018219,8.846943e-08
609,0.0684047,0.09207301586866379,0.09178109467029572,0.0,-0.0056696828,0.520137,0.045916397,99.6175,513.11273,162.83463,3.0108798,1.5412483,0.9911975,0.99971414,0.17870122,47.63558,0.42732495,5.706241e-07,8.699419e-07,0.009359475,6.320349e-08
610,0.068432525,0.09429706633090973,0.0942101925611496,0.0,-0.0056118043,0.5364768,0.043853067,99.97467,690.6985,164.26303,3.0780032,2.034217,0.65554017,0.9995726,0.1769554,100.31923,0.8537868,1.8466372e-06,1.025428e-06,0.009155741,1.5164831e-07
611,0.06665407,0.09476365149021149,0.09468510001897812,0.0,-0.0055555045,0.5006918,0.05206493,99.970695,692.0176,165.9082,2.959582,1.9880388,0.6630598,0.999846,0.1828085,88.49524,0.5048441,1.2331836e-07,6.932788e-07,0.009232411,1.4316684e-08
612,0.066299684,0.09123384952545166,0.09109518676996231,0.0,-0.0073425723,0.5314207,0.045192413,99.99878,695.2705,165.73505,2.8527486,1.3304179,1.232471,0.9998918,0.1753353,23.16776,0.2784184,4.9612953e-07,3.6139215e-06,0.0091218725,2.9301972e-08
613,0.06696364,0.09289925545454025,0.09282325953245163,0.0,-0.005551586,0.5293101,0.044697035,99.98089,679.81604,164.08617,2.9529908,1.6647773,0.8910199,0.9999385,0.17617297,27.495245,0.19179752,4.9582578e-08,4.382385e-07,0.009260021,7.798021e-09
614,0.065482244,0.08967073261737823,0.089624784886837,0.0,-0.0055790236,0.5263364,0.04533295,99.94271,694.83923,165.13121,2.8644955,1.7995354,0.70957327,0.9999154,0.17595923,41.631157,0.31172746,5.8063625e-07,1.1727413e-06,0.009209805,4.5088598e-08
615,0.06507671,0.0913032591342926,0.09099575132131577,0.0,-0.0067917025,0.54994494,0.04251834,99.79658,699.6557,164.78928,2.9190648,1.6140935,0.9696882,0.99940026,0.1743466,68.19706,0.89571965,6.272094e-07,5.0310623e-06,0.009002465,9.3098286e-08
616,0.065545924,0.09118746966123581,0.09101478010416031,0.0,-0.0065087676,0.5546046,0.037633676,99.91652,681.23004,163.015,3.0742648,2.5874145,0.008036414,0.9990346,0.009164667,53.91702,0.078358054,1.1920187e-06,5.835505e-08,0.17361577,9.519273e-06
617,0.064146966,0.09162981808185577,0.09093549847602844,0.0,-0.0072797076,0.5358191,0.046082605,99.92676,689.7646,166.43585,2.8126802,1.5814917,1.0136317,0.99920774,0.17510831,157.65933,0.45687684,8.702349e-07,6.1069886e-07,0.008976887,1.2251077e-07
618,0.06582375,0.09289301186800003,0.09265866130590439,0.0,-0.0054637357,0.53302217,0.044839367,99.99983,536.9476,162.00967,3.0620666,1.6780591,0.87749237,0.99985886,0.17556785,162.20793,0.88279355,2.9616348e-07,8.898954e-08,0.00919751,2.649593e-08
619,0.066796765,0.09444951266050339,0.0943702980875969,0.0,-0.0057123727,0.52965707,0.04327523,99.983574,697.2737,164.57893,3.0412064,1.723898,0.8274287,0.9996023,0.18103223,109.32424,0.13860427,1.9078461e-06,5.119495e-06,0.009183609,1.0562575e-07
620,0.06832483,0.09450168907642365,0.0943613275885582,0.0,-0.00553912,0.5296241,0.046622105,99.894485,547.3539,164.73492,3.0644877,1.7720386,0.86464345,0.9999974,0.17978738,31.243746,0.34997058,1.3819604e-06,3.0993374e-07,0.009243276,3.9563385e-08
621,0.06614618,0.09393191337585449,0.0938333123922348,0.0,-0.0055247205,0.5329595,0.044544343,99.969505,699.97156,163.81596,2.8829927,1.6716636,0.94910115,0.9998158,0.17646499,69.18601,0.5488677,2.076101e-07,4.532088e-09,0.009119903,1.5812656e-08
622,0.06663448,0.09302312880754471,0.09285026788711548,0.0,-0.005468625,0.5290872,0.048185073,99.68754,689.24304,163.39444,2.9510937,2.2486403,0.38774276,0.99880034,0.17934184,47.089245,0.30344477,3.4471016e-06,5.9659817e-07,0.009183608,3.4415475e-08
623,0.06775851,0.09291455149650574,0.09254847466945648,0.0,-0.0054679723,0.5315062,0.046269994,99.95682,695.3088,166.72359,2.9065814,1.8140864,0.81683236,0.99980533,0.17595375,113.68295,0.4446298,5.8675255e-07,1.5383298e-06,0.009016882,3.525379e-08
624,0.067056365,0.0939774289727211,0.09529154747724533,0.0,0.0893384,0.62530917,0.03434661,99.99872,697.81976,163.95042,2.9441152,1.6727513,0.9732597,0.99999607,0.18198928,72.00169,0.6323234,5.6219216e-09,4.3621176e-07,0.008803758,1.4147468e-08
625,0.06419419,0.09324269741773605,0.09295624494552612,0.0,-0.0054781167,0.5573667,0.041152477,99.95819,692.0544,165.388,3.0398974,1.8139979,0.8171082,0.99986756,0.17702277,97.9826,0.6799007,5.721427e-09,6.747358e-07,0.009229807,1.9852651e-08
626,0.06498107,0.09505430608987808,0.096346415579319,0.0,-0.0067563816,0.46871343,0.045912404,96.75031,549.0034,152.07529,3.3444443,3.135945,0.003752829,0.9997131,6.0841203e-06,37.60093,0.013446692,0.006788747,5.7575894e-06,0.3670539,0.0044371905
627,0.06616013,0.09133143723011017,0.09111254662275314,0.0,-0.006033435,0.51655734,0.05013025,99.844536,624.3614,167.23306,2.9026678,1.5898906,1.0225918,0.9997718,0.17672531,96.514366,0.5593274,3.632195e-07,1.9113456e-06,0.009344704,2.0823954e-08
628,0.067371055,0.09029804170131683,0.0902627483010292,0.0,-0.0068398435,0.53723514,0.043159794,99.97974,696.8217,164.90793,3.031087,1.7385702,0.8781217,0.9999214,0.17495419,80.409325,0.21313159,3.4544076e-08,1.5321647e-06,0.009108776,1.875435e-08
629,0.06927045,0.09141317009925842,0.09134526550769806,0.0,-0.006204099,0.5112218,0.0483171,99.87223,696.52545,165.00995,2.972467,2.0078483,0.60126287,0.9993421,0.17681432,165.36227,0.3621864,1.9571041e-06,1.9321128e-06,0.009296712,2.0224988e-07
630,0.06418219,0.09177066385746002,0.09133739024400711,0.0,-0.0056470865,0.54210746,0.04625626,99.91292,399.3664,165.41714,3.0064673,1.8345635,0.7666902,0.99984103,0.17622831,18.622086,0.30764925,4.500159e-07,1.3077948e-06,0.009296183,3.5382513e-08
631,0.06463518,0.0915154218673706,0.09126049280166626,0.0,-0.005886573,0.5160216,0.045983452,99.92198,679.65875,163.60022,2.8972843,1.7605581,0.66827774,0.9996826,0.17746103,123.75593,0.7001949,1.101323e-07,1.1828923e-06,0.009329215,6.908751e-08
632,0.06626087,0.09339897334575653,0.09324479848146439,0.0,-0.0062623937,0.53130126,0.04412253,99.62161,644.00916,165.09383,2.9244184,1.9470931,0.6936618,0.999318,0.17592815,49.518425,0.27602652,1.448742e-06,5.347051e-06,0.009019788,2.266976e-08
633,0.06806376,0.09340597689151764,0.09240469336509705,0.0,-0.007038271,0.55831426,0.04384343,99.61424,454.73544,163.89229,2.8314908,1.6863812,0.9710079,0.9987623,0.17795178,83.57707,0.29436556,7.686088e-07,2.8834688e-06,0.009054679,2.1256412e-07
634,0.06558923,0.09202864021062851,0.09177596122026443,0.0,-0.0054619755,0.5153507,0.046992917,99.989296,699.0156,165.57016,2.8691657,1.6573024,0.92674017,0.9999908,0.17774917,86.28564,0.3487536,1.9348859e-08,4.3679412e-07,0.009035344,1.47007375e-08
635,0.06473605,0.09133032709360123,0.09108822792768478,0.0,-0.0064913444,0.5369753,0.044769146,99.98541,693.01117,165.1245,2.8571033,1.6678973,0.8948007,0.9999961,0.17669141,188.26984,0.28106207,1.7534576e-08,6.6323383e-07,0.009043243,6.737851e-10
636,0.0674401,0.09179127961397171,0.09150956571102142,0.0,-0.0059072133,0.50613034,0.047847558,99.967255,615.1837,163.19641,2.951671,1.7458309,0.82056093,0.99995494,0.17651439,103.42704,0.3908712,3.6152807e-07,3.725433e-07,0.009255392,3.9617547e-08
637,0.06725422,0.09209317713975906,0.09192409366369247,0.0,-0.006799054,0.5406828,0.04342619,99.9609,386.35358,162.31502,2.972259,1.6242036,0.9159779,0.99917173,0.17831828,155.50735,0.0234035,4.2745611e-07,1.7104533e-06,0.009177948,1.0738893e-07
638,0.06707513,0.0918673723936081,0.09182374179363251,0.0,-0.0055538057,0.5325924,0.04478673,99.966866,692.5814,165.88904,2.927028,1.4580828,1.119556,0.999985,0.17524949,78.78594,0.2531008,1.1638499e-07,9.286293e-07,0.009236945,1.9124533e-07
639,0.0648743,0.09322415292263031,0.09285495430231094,0.0,-0.0074533485,0.5583157,0.04017408,99.988144,698.0095,162.95073,2.921156,1.6370809,0.9257048,0.999695,0.17327808,71.64144,0.22764184,1.4450693e-07,1.9786465e-07,0.0089876605,2.2277847e-08
640,0.06630337,0.09067240357398987,0.09040984511375427,0.0,-0.0057204887,0.51206714,0.04675058,99.88559,693.8705,166.14058,3.024245,1.680704,0.9941946,0.99905944,0.17641117,84.208984,0.116789326,5.1097146e-07,3.5414923e-06,0.009305483,4.3953396e-08
641,0.065782346,0.09079575538635254,0.0906219556927681,0.0,-0.0056412723,0.50294137,0.05131889,99.923,660.4996,165.80829,3.0094523,1.7660488,0.7903837,0.99985045,0.17539275,154.57748,0.90936583,1.7715644e-07,4.8266463e-07,0.009364009,2.2354507e-09
642,0.06719126,0.09030283987522125,0.0899677574634552,0.0,-0.005699413,0.5330087,0.04680694,99.98744,315.58258,163.66292,2.8870342,1.5349195,0.91862094,0.9997596,0.17776063,37.611275,0.781852,4.918698e-08,2.7030327e-07,0.009314959,3.2085502e-08
643,0.06833566,0.09770513325929642,0.09736684709787369,0.0,-0.005462438,0.5407673,0.04006797,99.98219,588.89606,162.8698,2.910493,1.7367778,0.8487141,0.9998223,0.18015325,66.40224,0.4870583,2.1408495e-07,8.01616e-08,0.008876764,1.6874779e-08
644,0.0671902,0.0940624549984932,0.09393502026796341,0.0,-0.005531125,0.5179107,0.046184264,99.95751,694.5331,164.37646,2.9018922,1.6453949,0.8719375,0.9996546,0.18375237,39.791233,0.31910095,3.1066642e-07,4.5665126e-07,0.009057306,3.222342e-08
645,0.065637626,0.09404356777667999,0.09363078325986862,0.0,-0.0055828583,0.54828596,0.044405684,99.95502,690.8646,164.66183,2.9827628,1.9511148,0.65736306,0.9999299,0.18004806,43.76763,0.52170163,8.1964934e-08,3.7888714e-07,0.009265907,1.6917424e-08
646,0.06817859,0.09289292246103287,0.09277807921171188,0.0,-0.0071277064,0.5269166,0.04376667,99.99462,698.71375,164.50963,3.0087729,1.9176283,0.7191559,0.99969137,0.17577189,57.98365,0.12125408,9.517493e-08,5.086928e-07,0.009033193,1.9615904e-09
647,0.06482862,0.09399398416280746,0.09393370151519775,0.0,-0.005947055,0.53848743,0.043058764,99.93634,698.0248,163.96973,2.968927,1.621906,0.93102175,0.9999691,0.178184,47.25159,0.45687315,1.4093665e-07,1.3024937e-06,0.009069276,1.3900227e-08
648,0.06730781,0.09646505862474442,0.09617569297552109,0.0,-0.005458266,0.5385826,0.043962304,99.95456,681.7192,163.60695,3.08003,1.5639873,0.9892501,0.9998906,0.18312381,138.49481,0.29782164,4.7258803e-07,5.544884e-07,0.009216737,8.580997e-08
649,0.0644081,0.09165581315755844,0.09103401005268097,0.0,-0.005866659,0.5685406,0.04005928,99.86052,699.3268,164.1889,2.9052665,1.5355791,1.0106838,0.9999898,0.17423707,174.76924,0.36266786,1.5920976e-07,1.2583762e-07,0.009176511,1.9661124e-08
650,0.06734504,0.08980219811201096,0.08964230865240097,0.0,-0.006414509,0.5264292,0.044054333,99.7863,696.32074,163.2721,2.8608851,1.2942655,1.2272273,0.99986345,0.17408347,124.31619,0.89602864,7.9124376e-08,1.0686848e-07,0.00920194,1.23982815e-08
651,0.06557207,0.09182436764240265,0.09136763215065002,0.0,-0.0057386695,0.52480006,0.050046925,99.806755,690.178,166.3467,3.014822,2.090728,0.44944605,0.999765,0.17569041,88.82383,0.26213184,3.5604296e-07,1.0321577e-06,0.009398629,1.2422522e-08
652,0.06562607,0.0918404832482338,0.09179122000932693,0.0,-0.0062812124,0.5495965,0.039927304,99.73726,665.38995,163.6396,2.9536848,1.7626823,0.8605589,0.99764067,0.17609803,70.95033,0.9274757,8.9330433e-07,1.3403e-06,0.009069284,3.463187e-08
653,0.06551472,0.08832769095897675,0.08828554302453995,0.0,-0.0055660335,0.51987267,0.048403334,99.987915,698.7627,165.52316,2.9120119,1.8131548,0.793383,0.9997562,0.17205195,119.92534,0.1764096,3.41497e-07,1.0205434e-06,0.009270354,2.4387553e-08
654,0.06638647,0.09210247546434402,0.09161698073148727,0.0,-0.005597915,0.55695814,0.04269047,99.850975,692.1844,163.56238,2.9124303,1.7828429,0.758573,0.99917823,0.1764395,48.672756,0.73934716,6.6576956e-07,5.4965953e-06,0.009133564,5.446341e-08
655,0.06509522,0.09411073476076126,0.09484028071165085,0.0,0.08937864,0.6215698,0.03523012,99.99582,699.5514,161.54729,2.9619863,1.7101321,0.881731,0.9999663,0.18632506,160.90443,0.8828608,8.664151e-08,3.0204103e-07,0.008809497,2.60454e-08
656,0.06504125,0.0950043722987175,0.09480725973844528,0.0,-0.00550698,0.52526724,0.045492362,99.94177,557.2899,161.92378,3.0797353,1.2992203,1.3112259,0.9999147,0.17773846,80.313354,0.37116754,9.175447e-07,1.3924629e-06,0.009146099,9.3052606e-08
657,0.06621013,0.09152678400278091,0.0912448987364769,0.0,-0.0055355756,0.5119998,0.048509907,99.907555,345.55438,165.75888,2.9560273,1.5476407,1.0821555,0.9999003,0.17726626,68.85285,0.12610698,7.296727e-08,6.006061e-07,0.009247445,4.0398394e-08
658,0.06469498,0.09380443394184113,0.09366945177316666,0.0,-0.0057768645,0.53171736,0.04735047,99.93046,680.8639,164.88373,2.9877138,1.5589612,0.9460084,0.99981785,0.17805927,60.063206,0.96897036,3.9123557e-07,7.321288e-07,0.009197598,1.874549e-09
659,0.06602957,0.09185702353715897,0.09168491512537003,0.0,-0.0054697846,0.5311186,0.04779458,99.90191,689.423,165.12769,2.9591248,1.736688,0.8129168,0.9997142,0.1743361,89.70248,0.60560995,1.4718572e-07,2.9741318e-07,0.00915567,2.1110404e-08
660,0.066125475,0.09256372600793839,0.09075497835874557,0.0,-0.006177924,0.52490973,0.033431754,99.65462,443.26376,163.8656,2.9755373,2.5054648,0.0270781,0.9958463,0.008525796,42.62221,0.011531096,1.7438437e-05,1.4153098e-06,0.18207417,6.1596893e-06
661,0.066603534,0.09334106743335724,0.09529151022434235,0.0,0.085503444,0.63647586,0.03370966,99.931755,696.93024,163.25826,2.911473,1.7270744,0.8964117,0.99992436,0.18199311,164.12183,0.59969944,9.579608e-08,4.4868577e-07,0.008691147,2.0146198e-08
662,0.0658741,0.0953676775097847,0.09520559012889862,0.0,-0.0061627035,0.51327336,0.04685997,99.78652,416.9968,162.25648,3.072119,1.694452,0.90547156,0.99904376,0.17713626,142.23517,0.4887909,3.8063465e-07,5.796646e-06,0.009180072,2.7929374e-07
663,0.067367844,0.09436305612325668,0.09419089555740356,0.0,-0.005680063,0.5357448,0.042982165,99.95397,694.1915,163.62581,3.0921063,1.7547125,0.858863,0.9999939,0.17698629,34.867863,0.08163441,6.1285554e-08,1.7679693e-06,0.00920321,2.764177e-08
664,0.06726716,0.0934014767408371,0.09290257841348648,0.0,-0.005481032,0.5160227,0.051888645,99.99334,696.6062,167.39081,2.825521,1.7398379,0.8349436,0.99993813,0.18162142,139.25955,0.46111086,2.8973782e-08,3.0266347e-07,0.009188417,1.17385595e-08
665,0.06473847,0.09137099981307983,0.09118907898664474,0.0,-0.0059777834,0.54289335,0.044499073,99.99421,679.44275,165.52435,2.9614162,1.6793482,0.86436903,0.99989396,0.17455602,43.701363,0.66709536,2.604992e-07,5.0113428e-08,0.009195663,4.3862244e-08
666,0.06422579,0.0911412313580513,0.09085625410079956,0.0,-0.0074718334,0.55257756,0.041270148,99.854996,697.75446,164.15343,2.8485248,1.5826503,0.9214821,0.9997629,0.17652252,174.06526,0.9951401,8.4789536e-07,1.9053267e-07,0.0090661105,2.8909282e-08
667,0.06710695,0.09412001073360443,0.09385444968938828,0.0,-0.0062582735,0.5280248,0.042012334,99.96861,653.66797,163.39136,3.054573,1.4939536,1.1768433,0.9995711,0.17618218,106.84881,0.62482554,2.729311e-07,1.1560193e-06,0.009193549,4.6552245e-08
668,0.06711602,0.09202965348958969,0.09197834134101868,0.0,-0.005512058,0.54425997,0.041323636,99.875175,698.09625,165.55014,2.945943,1.8118873,0.76441854,0.9995199,0.1791717,144.12936,0.51551235,1.3516298e-07,6.2759506e-07,0.009178572,5.214536e-08
669,0.06546658,0.0912197083234787,0.09070467203855515,0.0,-0.0054818466,0.49780318,0.04850806,99.98849,685.46826,164.84789,2.9742298,1.7422706,0.87425494,0.9998559,0.17486152,79.87154,0.82870775,2.6537663e-07,1.8896891e-06,0.009311918,2.5492845e-08
670,0.06363565,0.09262363612651825,0.08633874356746674,0.0,-0.0069835368,0.51692325,0.03214014,69.682816,430.07504,130.44705,2.3585894,3.5290048,0.0062372885,0.98881215,0.0066927066,37.884148,0.0101734055,0.00033931993,6.154622e-06,0.16288228,3.9808518e-05
671,0.06875844,0.09098713845014572,0.09091883152723312,0.0,-0.005859272,0.5301184,0.045758866,99.91877,699.5223,165.05763,2.9068336,1.8614228,0.7417535,0.9994643,0.179225,123.17598,0.76345503,2.3386663e-07,1.548347e-08,0.009129705,9.167215e-08
672,0.068827055,0.09644213318824768,0.09595946967601776,0.0,-0.0055045714,0.52317506,0.04214953,99.9722,670.15216,161.4983,3.0168087,1.8759627,0.7208207,0.999951,0.1808337,73.96701,0.24521269,1.285247e-07,3.2654157e-07,0.009038587,1.0947694e-08
673,0.06618949,0.09272956103086472,0.09266847372055054,0.0,-0.007231421,0.5380762,0.042905238,99.93851,698.5059,163.67577,2.996239,1.9657384,0.6161666,0.9991456,0.1764912,111.52711,0.8224698,1.2641967e-06,1.0915929e-06,0.009167412,6.230196e-08
674,0.06713278,0.09058013558387756,0.09051202237606049,0.0,-0.0056863045,0.53178716,0.04398818,99.948654,666.06006,164.56783,2.8811965,1.5277554,1.0056529,0.99884075,0.17427759,158.85544,0.53052694,3.3870094e-07,2.0896064e-06,0.009119667,2.1067667e-08
675,0.0670451,0.09194158017635345,0.09172768890857697,0.0,-0.0065030972,0.5265152,0.04475151,99.9636,680.9147,165.66199,2.9096177,1.5852368,1.0007681,0.99986243,0.17597966,81.27061,0.58812743,7.986688e-07,2.1552707e-06,0.009018538,1.510363e-08
676,0.065485515,0.09555266052484512,0.09614429622888565,0.0,-0.005948529,0.4686441,0.048606057,99.10483,666.3706,156.718,3.2434514,3.2448332,0.0013709876,0.9996076,5.1955674e-05,36.632313,0.013848361,0.0067746215,5.7171526e-08,0.1412248,0.0018541705
677,0.06552708,0.09233362227678299,0.09223736077547073,0.0,-0.0056976774,0.5021469,0.051898517,99.935745,423.8504,164.89265,2.9344122,1.72343,0.81797135,0.99920136,0.1771429,46.05632,0.17202228,2.0081244e-07,1.7283616e-06,0.009297964,6.619782e-08
678,0.065099455,0.09297370165586472,0.09258000552654266,0.0,-0.006339607,0.50535923,0.045881294,99.96692,695.5836,164.43462,2.928349,1.7081187,0.8065766,0.99954164,0.17772296,88.892944,0.62755966,1.6962798e-07,1.3110529e-06,0.009140226,1.440345e-07
679,0.06763104,0.09405773133039474,0.09317174553871155,0.0,-0.0073026125,0.56163913,0.04170895,99.96471,698.2689,165.42137,2.8219907,2.166149,0.38692325,0.9999616,0.17658684,50.11671,0.52178025,4.5094782e-07,9.507885e-07,0.00897,3.001437e-08
680,0.06540812,0.09286138415336609,0.09281278401613235,0.0,-0.0057352534,0.53247297,0.0427029,99.964645,690.24664,164.30771,2.9525301,1.1539866,1.4141936,0.99958175,0.17780967,172.8297,0.88439554,2.394141e-07,3.6990792e-07,0.009221487,7.928793e-08
681,0.064984865,0.09150592237710953,0.0913429781794548,0.0,-0.005913375,0.5411398,0.044522393,99.89031,685.0235,163.53815,2.967969,1.8361422,0.77055496,0.99714637,0.17000039,44.296455,0.17981276,1.861242e-06,3.5602188e-06,0.0091845235,3.8395834e-07
682,0.06485757,0.09106151014566422,0.09094066917896271,0.0,-0.005611562,0.5445174,0.043242663,99.73853,672.47156,164.99005,2.9797556,1.5925316,0.84190834,0.9984232,0.17233872,160.48157,0.8153689,5.3226213e-06,4.5643765e-06,0.009252031,4.609462e-08
683,0.06740203,0.09201522171497345,0.09198661893606186,0.0,-0.005978947,0.53150153,0.043473,99.73814,615.36163,163.86003,3.0055819,1.4425751,1.0758618,0.9999844,0.17940499,69.919495,0.8044228,1.923979e-07,2.536368e-07,0.00912976,2.0050503e-08
684,0.066210955,0.09297487139701843,0.09220246970653534,0.0,-0.0054866034,0.54816175,0.0452039,99.9372,682.73645,165.5756,2.9456158,1.843717,0.7216922,0.9998513,0.17842221,35.20641,0.9891819,6.0993455e-07,1.1778344e-06,0.0094167115,8.5918316e-08
685,0.06770021,0.0921347513794899,0.09206793457269669,0.0,-0.006065851,0.51836383,0.046784636,99.891464,533.2308,164.89896,2.8957648,1.4497601,1.1437749,0.9999282,0.1741481,121.8585,0.38368773,1.4305252e-07,3.473262e-06,0.009245677,6.969897e-08
686,0.06616386,0.09221635013818741,0.09207359701395035,0.0,-0.007298804,0.5486986,0.04058325,99.971245,698.2211,164.8621,2.9931476,1.585332,1.0168364,0.9999887,0.17643598,103.082306,0.72491074,1.2026057e-07,6.107002e-07,0.009000081,2.6876421e-08
687,0.06531589,0.09330584853887558,0.09315163642168045,0.0,-0.005455771,0.5114195,0.050673243,99.99144,699.8251,166.613,3.0157814,1.7432351,0.8170035,0.9999745,0.17681976,143.37532,0.78582716,8.3071455e-08,2.1439115e-07,0.0092913,2.4830915e-09
688,0.06642352,0.0923568457365036,0.09228698164224625,0.0,-0.005512234,0.520579,0.045564856,99.93864,570.5128,163.55165,3.0113697,1.4826111,1.1178154,0.9998567,0.17415659,102.533295,0.66852754,8.1044726e-07,1.7687083e-07,0.009161311,1.9987428e-07
689,0.06748107,0.09375761449337006,0.09511566907167435,0.0,0.08628601,0.6423317,0.032040287,99.999565,699.0468,164.9898,2.8044426,1.6507082,0.9734333,0.99978876,0.18246335,128.34811,0.6627678,1.3425808e-06,9.207579e-08,0.008611286,4.4810953e-08
690,0.065517515,0.0931657925248146,0.0928601324558258,0.0,-0.005474035,0.53633875,0.04632422,99.99402,678.7694,164.10178,2.9903998,2.101058,0.43791842,0.99950516,0.17806247,126.431725,0.47518247,7.1003416e-07,1.4747327e-06,0.009280369,1.24665505e-08
691,0.06939341,0.09365425258874893,0.09339598566293716,0.0,-0.0063434374,0.53728056,0.0447309,99.99193,694.6149,162.73613,2.905896,1.7442503,0.8129429,0.9998581,0.17491686,104.16573,0.8405746,6.7528276e-08,5.630983e-07,0.009035903,7.671872e-09
692,0.0662994,0.0932968333363533,0.09315711259841919,0.0,-0.005525056,0.5478309,0.041485067,99.98761,698.8934,165.60364,3.0664809,2.3203206,0.34779084,0.999984,0.17721125,46.53479,0.37398085,1.2105039e-07,3.4439314e-08,0.009203814,5.7873727e-08
693,0.065111734,0.09008567035198212,0.08952832221984863,0.0,-0.005800492,0.5555357,0.04268495,99.97225,699.56055,164.92625,2.8188314,1.5874565,0.91625047,0.99962986,0.17505193,143.98091,0.46648145,2.960897e-07,1.2635049e-06,0.009143195,2.3653365e-07
694,0.06623908,0.09524136781692505,0.0950361043214798,0.0,-0.0058087194,0.5287807,0.043652903,99.95303,696.36993,165.25323,3.04113,1.9428979,0.6720635,0.99936813,0.18177709,162.07466,0.52477026,3.1924412e-07,1.1735056e-06,0.008962697,3.5719886e-08
695,0.067176886,0.09044011682271957,0.09020762890577316,0.0,-0.0066405064,0.53120154,0.04554159,99.912186,554.83075,165.70152,2.7888842,1.9141101,0.61820096,0.9997737,0.17540279,149.30632,0.77374077,5.871625e-07,1.8782507e-06,0.009184489,2.8011289e-09
696,0.06435174,0.08996033668518066,0.08848311007022858,0.0,-0.006088322,0.50600225,0.043939125,95.29632,627.5711,163.06392,2.9085732,2.2291956,0.050712045,0.98757297,0.009118295,46.11661,0.020165885,3.5860467e-05,3.9001085e-07,0.17979906,2.7053266e-05
697,0.065805204,0.09134868532419205,0.09118428081274033,0.0,-0.0056603714,0.5084238,0.04808192,99.85109,566.053,165.95903,2.9438968,1.5910264,0.9639242,0.99940044,0.17713393,83.05982,0.5528657,5.8575708e-08,4.858568e-07,0.009294826,4.288691e-08
698,0.06677232,0.09221335500478745,0.09211290627717972,0.0,-0.0057607857,0.5186713,0.04934656,99.9854,693.6569,165.76111,2.995828,1.798917,0.76927775,0.9999275,0.17945157,119.76768,0.32006353,1.241908e-07,1.6044427e-07,0.009257985,1.34503715e-08
699,0.06877222,0.08902804553508759,0.08900944888591766,0.0,-0.0067249346,0.5229223,0.045686856,99.88111,696.57733,164.71016,2.9189353,1.5121657,1.0582376,0.9986245,0.17823847,65.245575,0.06990174,3.535457e-07,5.5558203e-06,0.009183709,3.8856673e-08
700,0.06450463,0.09596145898103714,0.09518469125032425,0.0,-0.005460544,0.50188875,0.044809207,99.99947,695.53174,164.79152,3.0646136,1.9105572,0.7080629,0.99957556,0.18238969,87.0581,0.364546,1.8811225e-07,8.275331e-07,0.009136248,1.4405186e-08
701,0.067389384,0.09044123440980911,0.09028515964746475,0.0,-0.007148944,0.5400537,0.043511376,99.92343,695.00714,163.52826,2.8895948,1.2383834,1.1701705,0.9994497,0.17288083,96.36556,0.7277885,9.997985e-08,1.594043e-06,0.009200208,5.235654e-09
702,0.065260746,0.09020927548408508,0.08997395634651184,0.0,-0.005637391,0.5181739,0.044906057,99.97996,333.55063,164.3911,2.97017,1.6583314,0.91792876,0.9999949,0.17408156,104.29169,0.45218927,5.914136e-07,8.510907e-07,0.00927312,7.165347e-09
703,0.06585878,0.0930379331111908,0.09226442128419876,0.0,-0.0073608235,0.5052183,0.045631655,99.8743,691.70636,165.58394,2.8357086,2.3379343,0.33853164,0.9996761,0.17561834,179.55087,0.4581527,1.1872218e-06,1.828824e-06,0.008999741,6.152944e-08
704,0.06771237,0.09264681488275528,0.09231511503458023,0.0,-0.005594831,0.4961514,0.049606986,99.980354,675.55524,166.33218,2.9271615,1.4424942,1.0957313,0.99995613,0.18103488,36.526134,0.54384047,2.486577e-07,2.037991e-07,0.009318664,2.8864521e-08
705,0.06334987,0.09539452195167542,0.09531671553850174,0.0,-0.006074789,0.53817576,0.043415416,99.92671,672.8979,164.85248,2.9744916,1.8505424,0.80322665,0.9999455,0.17591883,115.00354,0.4927921,4.1033053e-07,1.8801395e-06,0.00905487,3.867542e-08
706,0.06785547,0.0947333425283432,0.09397658705711365,0.0,-0.005979663,0.57124764,0.03995667,99.93979,688.5037,162.05183,2.9489276,1.9518025,0.458414,0.99992085,0.17563932,62.27789,0.91231096,5.688271e-06,4.3042837e-06,0.009083012,3.65196e-07
707,0.068460666,0.09140424430370331,0.08632033318281174,0.0,-0.0067580277,0.48484048,0.042223793,98.771515,299.2824,151.99535,3.1894176,2.2859166,0.021484442,0.990215,0.004936912,36.99202,0.01015942,0.0019511767,8.091351e-06,0.13867393,0.00013047562
708,0.06491079,0.09220165014266968,0.09212001413106918,0.0,-0.007282296,0.5432912,0.042142898,99.84522,698.2933,163.7414,3.0177367,1.8737469,0.69996375,0.99998313,0.1748988,86.88234,0.64702356,1.04517305e-07,8.3536975e-08,0.0090766335,4.003537e-08
709,0.066483386,0.09342767298221588,0.09328782558441162,0.0,-0.00548087,0.5164047,0.046943966,99.93834,677.94116,165.19238,2.9982004,1.868924,0.6895547,0.9997687,0.18042886,160.45596,0.6061631,2.1448916e-06,2.0608736e-06,0.009310141,1.8074854e-08
710,0.066461846,0.09463047236204147,0.0945533886551857,0.0,-0.0068904567,0.5293466,0.04467201,99.79315,357.74548,161.32365,3.0057566,1.9374065,0.64371645,0.9996482,0.17795368,177.4189,0.30272552,1.5818936e-06,4.011892e-06,0.009047267,9.634865e-08
711,0.06684786,0.09372337907552719,0.09330928325653076,0.0,-0.0056559425,0.52545345,0.04727219,99.9245,647.3096,165.60146,3.0933433,1.5455894,0.9588811,0.99999636,0.17944859,184.68431,0.51424545,4.4366104e-07,1.8020818e-07,0.009426769,3.289422e-08
712,0.06611584,0.09192592650651932,0.09179700165987015,0.0,-0.005528923,0.5457776,0.042608734,99.98143,699.72375,165.11195,3.0363984,1.8777294,0.70966595,0.9998572,0.17533225,51.74333,0.40898177,2.0392142e-07,1.0811011e-06,0.009077391,3.0718876e-08
713,0.06735519,0.09582509100437164,0.09574879705905914,0.0,-0.0054656784,0.53267133,0.04422371,99.87384,671.7963,163.44331,3.020931,2.1535633,0.5134212,0.99977,0.1803533,133.74707,0.15648133,7.581433e-07,9.413244e-07,0.009022568,1.1023118e-08
714,0.06827611,0.0970633253455162,0.09609349817037582,0.0,-0.0054882597,0.57571894,0.036855567,99.8171,692.4208,161.27547,3.0765414,1.8885683,0.68663234,0.9998089,0.18024999,25.125196,0.1791989,1.1925766e-06,3.45226e-07,0.009165004,2.7991057e-08
715,0.0653176,0.08857370913028717,0.0882866382598877,0.0,-0.0062775975,0.5367965,0.04677362,99.95572,692.423,165.83896,2.862985,1.4436008,1.0813698,0.9998353,0.16992812,92.925285,0.036445774,1.5976083e-07,7.7685837e-07,0.009279118,2.3501956e-08
716,0.06520568,0.09199773520231247,0.09304193407297134,0.0,-0.007128876,0.45191777,0.049215905,91.930176,623.9857,148.06998,2.8675401,3.0770695,2.586811,0.99974066,6.686574e-07,37.370014,0.013740416,0.0067109345,5.6297944e-07,0.0026404287,0.62158287
717,0.06751847,0.09451223909854889,0.09441357851028442,0.0,-0.0057154484,0.51024145,0.048474386,99.88379,554.3244,163.01558,2.982414,1.6593536,0.85317767,0.99992967,0.17773077,106.82418,0.399778,5.818342e-07,2.0797023e-07,0.009188216,1.3585833e-07
718,0.06612994,0.09296585619449615,0.09281859546899796,0.0,-0.0063635525,0.5521628,0.041078597,99.95063,698.9197,165.24065,2.9701807,1.5392457,1.0586851,0.99892795,0.17524669,125.51404,0.2863234,9.109927e-07,5.2830135e-08,0.009098616,1.8668474e-07
719,0.06653211,0.09313120692968369,0.09301014244556427,0.0,-0.0054708384,0.5110144,0.051873583,99.98708,694.1269,165.76796,2.9631917,1.648924,0.8933039,0.99983305,0.18017513,84.16817,0.1656165,7.7641675e-07,1.0397708e-06,0.009282684,2.780354e-08
720,0.06532699,0.09125631302595139,0.09114014357328415,0.0,-0.005833359,0.5312606,0.04381147,99.91339,699.3772,164.18123,2.971348,1.5707878,0.9579106,0.9997098,0.17218642,141.16467,0.8775052,7.987183e-07,4.1634613e-07,0.009300494,4.0628997e-08
721,0.065613806,0.09061644971370697,0.09044046700000763,0.0,-0.005564365,0.52447385,0.047636986,99.985016,632.79224,166.35246,2.872944,1.6468124,0.8781767,0.99990726,0.17345095,48.45589,0.45767003,9.691102e-08,1.4427887e-06,0.00939358,1.8218545e-08
722,0.06622682,0.09598879516124725,0.09584598988294601,0.0,-0.005539401,0.54550934,0.04061347,99.95182,634.22144,163.84196,2.8875442,1.6977712,0.9275956,0.9992019,0.17894062,36.143253,0.14359121,5.861204e-07,2.03236e-06,0.009010087,7.2145625e-08
723,0.06445471,0.0918031632900238,0.09176743030548096,0.0,-0.0062635317,0.53594476,0.043480102,99.992165,444.73825,163.73329,2.969702,1.7759191,0.8539995,0.99933654,0.18005276,81.46203,0.28892764,6.0511326e-07,1.5059056e-06,0.009164391,8.7364835e-09
724,0.06874486,0.09340502321720123,0.09317325055599213,0.0,-0.005490139,0.5361946,0.045940794,99.99145,457.88223,164.46092,3.040343,1.9341334,0.6693904,0.9999511,0.17865697,184.62288,0.12980694,1.4877858e-07,1.4063605e-06,0.009272269,1.9123163e-08
725,0.06572635,0.0923624336719513,0.09221882373094559,0.0,-0.005508308,0.50998604,0.048291903,99.980736,698.3238,166.21419,2.9455705,1.6625668,0.86617595,0.99964845,0.17835152,169.99911,0.49111402,2.6250848e-07,1.6001408e-07,0.009156678,3.3254326e-09
726,0.067476735,0.08871010690927505,0.08848583698272705,0.0,-0.0060583754,0.50693166,0.048660416,99.95146,669.9202,165.1167,2.87778,1.583801,0.972195,0.9996043,0.17182916,29.511045,0.8535952,1.7782565e-06,2.9452113e-07,0.009396736,6.0774e-08
727,0.064999625,0.09315712749958038,0.09298674762248993,0.0,-0.00567541,0.5364217,0.045963597,99.95774,698.67145,164.24855,2.9382546,1.577104,0.99344534,0.99989015,0.176516,130.93907,0.1029113,4.437723e-07,1.4753469e-07,0.009131241,2.3321283e-08
728,0.06511645,0.0959063172340393,0.09569010883569717,0.0,-0.0056411712,0.5579027,0.039781205,99.9985,420.1571,162.30461,2.992072,1.6434011,0.928918,0.9999779,0.17697598,120.0761,0.66808146,8.424354e-08,6.108534e-08,0.00903744,2.5682583e-08
729,0.067525156,0.0904741883277893,0.09033910185098648,0.0,-0.0064416737,0.49631202,0.053898703,99.80991,671.06,165.14766,2.838406,1.6477252,0.8481935,0.9996759,0.18193977,21.263279,0.0716746,3.749841e-06,5.1797792e-06,0.009210441,2.1721819e-07
730,0.065821804,0.0947687178850174,0.09462866932153702,0.0,-0.0057645724,0.51570946,0.0467763,99.91702,695.03937,164.57234,2.8894417,1.4986813,1.0904335,0.9997883,0.17934051,183.25966,0.46683514,4.944667e-08,1.3399152e-07,0.009059454,2.21069e-07
731,0.067518815,0.09035522490739822,0.09004530310630798,0.0,-0.005464117,0.5196019,0.04739918,99.99046,688.4209,167.91687,2.8854182,1.8082811,0.78656673,0.999998,0.17485651,132.83905,0.79694635,2.1811387e-07,1.85844e-07,0.009158142,2.3271753e-08
732,0.06509412,0.09160540252923965,0.09143293648958206,0.0,-0.0071447412,0.53084826,0.0411812,99.9929,697.83484,165.82594,2.9157376,1.5712993,0.9916531,0.99989873,0.17801955,130.64275,0.44880027,4.464698e-07,1.5706212e-07,0.009088426,2.0196614e-08
733,0.06446942,0.0933542475104332,0.09318787604570389,0.0,-0.006104082,0.544503,0.03974737,99.54076,695.9975,163.82921,2.9337983,1.6566783,0.99389285,0.9993459,0.18069369,119.45182,0.950358,2.3030434e-06,3.454029e-07,0.008939741,4.4042338e-07
734,0.06735596,0.09130382537841797,0.09083177149295807,0.0,-0.005907424,0.5534008,0.043746173,99.53802,693.7048,164.1893,2.9206462,1.8774649,0.71886003,0.9996385,0.17543195,165.73514,0.583692,2.9537393e-06,1.8830353e-06,0.009202563,5.5177875e-08
735,0.06480781,0.09407855570316315,0.09378048777580261,0.0,-0.0060683032,0.41806635,0.0563431,98.68279,522.64557,156.58592,3.07977,2.475777,0.0007309396,0.99996346,0.00028532135,37.017574,0.013713817,0.0066049513,1.5520983e-06,0.17991325,0.009273146
736,0.06759668,0.09181679785251617,0.09175051748752594,0.0,-0.0054807384,0.5220991,0.047632217,99.90291,695.35297,165.75137,2.9624596,1.62232,0.8952171,0.99975985,0.17665207,173.21149,0.47470215,2.195891e-07,1.2543049e-07,0.009290282,2.146881e-08
737,0.06450843,0.09332134574651718,0.09308906644582748,0.0,-0.00551962,0.50725526,0.04893352,99.9177,471.81,162.35846,2.9830372,1.8465366,0.7513793,0.9997015,0.17770283,34.626698,0.7313149,2.667913e-07,3.6509582e-06,0.009286449,2.2942656e-08
738,0.07041921,0.0927136018872261,0.09261468797922134,0.0,-0.006000072,0.5246646,0.045139756,99.95014,697.51807,163.29308,3.0353303,1.6708544,0.91708505,0.99998504,0.17967513,59.880474,0.18332534,9.1662955e-08,9.08685e-07,0.009143233,1.5658127e-08
739,0.06416939,0.09300655871629715,0.09265026450157166,0.0,-0.005653362,0.5441594,0.044063665,99.97947,690.09955,166.78647,2.8949318,1.6586801,0.9709924,0.9997367,0.17995802,129.36154,0.46120915,1.1319898e-06,4.338703e-07,0.0090834275,2.8367952e-08
740,0.067606315,0.0935065969824791,0.09335378557443619,0.0,-0.005518394,0.53379816,0.044776257,99.832825,397.85446,165.16837,2.993736,1.8088675,0.836225,0.9997681,0.18034215,149.86742,0.015348163,6.861688e-07,4.060924e-06,0.009226798,2.3694863e-08
741,0.06909334,0.0947100967168808,0.09454895555973053,0.0,-0.0057245,0.5222688,0.04413126,99.97215,695.8644,163.91742,3.0146503,1.7652549,0.7987405,0.9996384,0.18300544,74.79248,0.84845656,1.5237126e-07,8.4883084e-07,0.0092247,1.016707e-08
742,0.06786467,0.09116758406162262,0.0911017432808876,0.0,-0.007290895,0.52013546,0.04687158,99.9984,526.098,165.62527,2.9835374,1.8605503,0.7910161,0.99995226,0.17934847,102.4227,0.63317996,1.8897013e-06,3.3487358e-06,0.009263641,2.2695492e-08
743,0.06589743,0.09135348349809647,0.09130330383777618,0.0,-0.007304301,0.5353244,0.043387324,99.987236,698.5813,164.50034,3.0488062,2.008511,0.62699366,0.9998879,0.1794483,150.64795,0.40672278,3.2076957e-07,1.6369601e-09,0.009142042,1.9963618e-08
744,0.06432463,0.09229676425457001,0.09222246706485748,0.0,-0.005651167,0.52742696,0.04443954,99.89926,691.2274,164.47691,2.869256,1.6381909,0.87189347,0.9999367,0.17307074,87.54807,0.65880376,1.2819365e-07,5.569113e-07,0.0092397025,1.5461492e-08
745,0.06843721,0.09486941993236542,0.09626741707324982,0.0,0.08462454,0.63913673,0.032840453,99.85164,698.6094,161.10231,2.9460034,1.3973068,1.2182409,0.9993584,0.18376824,134.38483,0.5309281,5.5535116e-07,2.3881304e-07,0.008575855,5.4869925e-08
746,0.065597184,0.09433236718177795,0.09417895972728729,0.0,-0.006029382,0.5135559,0.046221554,99.971146,618.92267,165.56238,2.978276,1.9967959,0.5856607,0.9998622,0.18083109,100.37391,0.54952556,4.1868952e-07,2.0032448e-06,0.009107986,7.246579e-08
747,0.06619674,0.0915948748588562,0.09110147505998611,0.0,-0.005607308,0.5119201,0.05373216,99.96457,444.048,165.4242,2.8249495,1.9239348,0.6752075,0.9999075,0.1789686,118.87782,0.22911337,2.5486455e-07,1.009368e-06,0.009261144,3.6755825e-08
748,0.0679896,0.09056930989027023,0.09052589535713196,0.0,-0.0059968852,0.5177481,0.047260568,99.447174,675.8423,163.55968,2.9763048,1.8215828,0.7431394,0.9996421,0.17606513,63.46221,0.54924583,9.72224e-07,2.5219472e-06,0.009224138,3.4103095e-08
749,0.06780119,0.09187128394842148,0.09153491258621216,0.0,-0.0058982316,0.5467229,0.04394326,99.969864,698.4761,163.93806,2.871902,1.6282225,0.92766804,0.9997765,0.17754215,165.17784,0.62464726,1.3271149e-07,1.8598566e-06,0.009118634,8.495457e-09
750,0.06576942,0.09508760273456573,0.09452991187572479,0.0,-0.0069819875,0.5334942,0.037108295,99.08611,92.83373,153.15753,3.131572,1.3413895,1.1845253,0.9974389,0.177889,78.564926,0.484997,4.782808e-07,1.7862311e-06,0.009239531,3.013181e-07
751,0.065898694,0.0930280089378357,0.09277182072401047,0.0,-0.0073071076,0.5295687,0.043895517,99.16862,681.0941,161.06587,2.9822083,1.2100285,1.2038128,0.99876016,0.17254212,66.39417,0.45902354,7.9744893e-07,4.6481855e-06,0.009187296,3.6267913e-08
752,0.06639155,0.09527410566806793,0.09516970813274384,0.0,-0.0055221845,0.5253774,0.045187194,99.91996,412.22186,163.50343,3.014123,1.7304763,0.849246,0.9997884,0.18211053,43.020275,0.0910233,1.6316159e-07,2.8174927e-07,0.009027421,2.8977755e-08
753,0.06519266,0.09596405923366547,0.09547679871320724,0.0,-0.0054590567,0.53041303,0.045708198,99.824036,689.8946,162.04158,3.12633,1.6774038,0.90495396,0.99988383,0.17904297,91.911064,0.30234864,5.6998647e-07,5.4449276e-07,0.009242523,1.8059993e-08
754,0.06517188,0.09255155175924301,0.09249279648065567,0.0,-0.0064324397,0.54298615,0.04177885,99.99451,697.1946,163.64586,2.9884887,2.1380339,0.49886268,0.9993399,0.17717093,24.018587,0.6177102,6.057438e-07,7.705471e-08,0.009112083,4.7380297e-07
755,0.06578455,0.08935537934303284,0.08910578489303589,0.0,-0.006241626,0.53523,0.04633938,99.8579,695.1361,165.284,2.8561845,1.2347932,1.3056093,0.99970835,0.17485604,188.24612,0.39688855,8.842903e-07,8.2781526e-08,0.00923743,1.0297072e-07
756,0.06775854,0.09278903156518936,0.09269686043262482,0.0,-0.007047239,0.53165674,0.04571574,99.80302,698.0698,165.89375,3.0511248,1.4426788,1.093147,0.9990282,0.17472498,117.14972,0.17648052,4.4561358e-07,3.3074618e-06,0.009258905,8.3122515e-08
757,0.06649893,0.09025055170059204,0.08998214453458786,0.0,-0.0060721166,0.5091396,0.04938978,99.96888,482.92325,166.36165,2.889454,1.9351555,0.6694281,0.99987394,0.17715909,35.239223,0.8507531,2.56962e-07,8.245921e-07,0.009125268,6.2499224e-09
758,0.0664149,0.09174544364213943,0.09103444963693619,0.0,-0.005601849,0.49833438,0.04787189,99.98669,633.14813,166.02094,2.877004,1.9655606,0.6427526,0.99997205,0.17349726,137.79929,0.5989089,1.6651107e-07,3.0257118e-07,0.009099079,6.2381136e-09
759,0.06525356,0.09440554678440094,0.09428303688764572,0.0,-0.0054766918,0.49946192,0.051508922,99.9457,697.91534,164.67055,2.9556153,1.5979892,0.9176971,0.99988353,0.18092014,46.89228,0.14605035,1.3008334e-07,8.029734e-07,0.009288274,3.167376e-08
760,0.06528338,0.09163220226764679,0.09124169498682022,0.0,-0.007340987,0.53064734,0.045548037,99.98912,699.78735,166.50258,2.8305874,1.4844536,1.0330502,0.99990445,0.17465289,67.74974,0.86600983,9.27864e-08,1.5889341e-07,0.0090270005,1.5575088e-08
761,0.06823812,0.09255831688642502,0.09211605787277222,0.0,-0.0067580533,0.5421429,0.04490086,99.91497,396.8709,162.94118,2.8810036,1.671902,0.89380866,0.99999213,0.17594376,182.72565,0.45774218,2.635546e-07,2.4577838e-07,0.008997045,9.7375885e-09
762,0.06654662,0.09195144474506378,0.09191753715276718,0.0,-0.0056401626,0.5328902,0.04387157,99.907715,686.8191,166.13097,2.9461837,1.8968236,0.6362795,0.99946964,0.17789164,32.946365,0.8832267,8.6732814e-07,2.000734e-06,0.009222342,1.7455232e-08
763,0.06681549,0.09648752212524414,0.0958806723356247,0.0,-0.005593876,0.50635916,0.04467728,99.96101,682.85614,163.98709,3.0066864,1.7069871,0.87987113,0.9998294,0.18189764,122.208145,0.3224792,2.5567874e-07,1.0506818e-07,0.009050688,2.7741153e-08
764,0.067378,0.08938073366880417,0.09068356454372406,0.0,0.08462696,0.6440608,0.03370583,99.934906,699.4306,164.18723,2.8582401,1.886422,0.70648474,0.9997261,0.17606793,109.85144,0.46054858,1.9318239e-07,4.9943837e-06,0.008939838,1.3774711e-08
765,0.06598523,0.09359019249677658,0.09333418309688568,0.0,-0.0057749054,0.5186138,0.045319222,99.87304,429.9323,165.38545,2.9780767,1.7139447,0.9755636,0.99981594,0.17461586,50.107277,0.37823597,2.2231812e-07,1.5478673e-06,0.0091318935,6.380565e-08
766,0.06656483,0.09481573104858398,0.09478091448545456,0.0,-0.005474451,0.52380186,0.046971984,99.979805,647.9673,164.56505,2.9566967,1.3023533,1.2192683,0.9997287,0.18178187,169.38867,0.36314258,4.153953e-07,2.9275066e-06,0.009130477,5.7525695e-09
767,0.06666525,0.09348274767398834,0.09319809079170227,0.0,-0.0056617204,0.545702,0.044431902,99.8723,642.0674,163.33308,3.029957,2.021461,0.6074151,0.99969614,0.17546546,122.83399,0.18409276,5.512497e-08,2.1496005e-06,0.009158512,7.316661e-08
768,0.06532223,0.09359528869390488,0.09351281076669693,0.0,-0.005457793,0.5310319,0.0431022,99.92388,688.5907,164.47787,2.9742095,1.7115643,0.8594746,0.99979323,0.17673422,144.71397,0.010220853,2.0118601e-07,1.0036077e-06,0.009261962,2.0238122e-08
769,0.06587002,0.09057284891605377,0.09052425622940063,0.0,-0.005504962,0.5212147,0.046458002,99.99476,699.1898,165.72205,2.9646378,1.6249374,0.92281264,0.9999758,0.1763804,50.30517,0.16589068,1.8827119e-07,1.4345977e-06,0.009281187,4.030933e-08
770,0.06450424,0.09337054193019867,0.093268483877182,0.0,-0.005516122,0.53899276,0.04127305,99.748405,668.8473,162.85747,2.9088452,1.3353902,1.1329496,0.9989501,0.17944318,71.17261,0.33362913,3.723839e-06,4.7760027e-06,0.009122064,2.8899694e-07
771,0.06706738,0.09351267665624619,0.09309163689613342,0.0,-0.00565097,0.5171549,0.04687962,99.928444,683.24475,165.86386,2.853095,1.7258328,0.84019285,0.9995304,0.17754969,191.12999,0.35338387,4.7605067e-08,1.3684247e-06,0.008969254,1.2878856e-07
772,0.0665349,0.091829314827919,0.0916006863117218,0.0,-0.005839205,0.5550833,0.040502314,99.961685,545.1117,166.19818,2.893605,2.0953777,0.46510187,0.9989853,0.17432994,90.38516,0.037649512,3.6089418e-07,4.4541785e-06,0.00915341,4.098604e-08
773,0.06520126,0.09162593632936478,0.09148813784122467,0.0,-0.0056649405,0.5332423,0.04445983,99.94809,696.72003,162.88887,2.9209175,1.7555491,0.8423329,0.99954087,0.1755367,57.566345,0.7024898,6.3503345e-09,6.8451374e-07,0.009106309,1.5624222e-08
774,0.06654136,0.09471064060926437,0.09438580274581909,0.0,-0.0055579054,0.5053599,0.047254384,99.80476,698.2652,164.07962,3.0289931,1.771575,0.77280486,0.99957925,0.18149176,150.69655,0.31858104,1.6033019e-07,9.103452e-06,0.009276792,2.3490154e-08
775,0.064954504,0.08944984525442123,0.08919581770896912,0.0,-0.005667189,0.50987214,0.051865723,99.96983,629.42065,166.52956,2.831561,1.823643,0.68845916,0.9998126,0.17569062,118.00315,0.7092718,3.9411987e-07,1.4223103e-07,0.009394594,3.125115e-08
776,0.064931855,0.09322825074195862,0.09244507551193237,0.0,-0.005492531,0.48881483,0.049977608,99.97039,549.4212,166.87325,2.867862,1.8389219,0.7494799,0.999895,0.18192375,157.47575,0.2713711,7.6660393e-07,5.2644506e-08,0.009164633,1.7059975e-08
777,0.06600459,0.09388408809900284,0.09361180663108826,0.0,-0.0055228393,0.50574535,0.048040424,99.99007,607.7462,166.06343,2.9134865,1.7525963,0.8413668,0.9999607,0.18103631,120.09329,0.98210675,8.792093e-08,2.231704e-08,0.009144728,2.8403264e-08
778,0.06312908,0.0947808176279068,0.09467825293540955,0.0,-0.0054887054,0.5442452,0.04297012,99.92423,590.1851,164.24303,2.9980018,1.6109629,0.9886625,0.99989575,0.17855847,108.147766,0.29147154,5.6877946e-07,3.824297e-06,0.009145851,7.7547755e-09
779,0.06683293,0.09302199631929398,0.09295592457056046,0.0,-0.006764119,0.5376054,0.041355357,99.98081,698.274,164.76729,3.0120087,2.228154,0.37049574,0.99947745,0.176651,123.35787,0.4264075,4.758653e-08,1.3821522e-06,0.009070946,1.456586e-08
780,0.068349436,0.09101175516843796,0.09077012538909912,0.0,-0.005659059,0.5240842,0.047356732,99.99583,697.8227,166.95984,2.8511832,1.8008589,0.7342658,0.9998659,0.17688634,184.23174,0.33137769,3.6386094e-08,1.0436771e-06,0.009120112,4.9676885e-08
781,0.06432779,0.09232993423938751,0.09214746206998825,0.0,-0.0055129207,0.53699136,0.043087203,99.98172,695.7565,165.60991,3.0871868,1.4925712,1.0485077,0.9999924,0.1753998,134.51448,0.11393583,1.3807664e-07,2.5321538e-07,0.009291361,3.023642e-08
782,0.06518148,0.09170709550380707,0.0916127935051918,0.0,-0.0062775835,0.5163084,0.046152316,99.96608,692.7911,164.81364,2.9622412,1.5691954,1.0368761,0.99943256,0.17630301,38.26821,0.31253877,3.980765e-07,5.8035837e-08,0.009240589,6.8856626e-10
783,0.06552641,0.09285769611597061,0.09277057647705078,0.0,-0.0055915415,0.5389948,0.042278983,99.95975,595.0256,163.16028,2.9618964,1.4990586,1.0447382,0.999938,0.17880547,89.19302,0.4906415,5.183181e-07,1.8522436e-06,0.009131774,3.882273e-08
784,0.06412024,0.09325739741325378,0.09315143525600433,0.0,-0.005683571,0.5292218,0.045785803,99.97056,699.56384,163.27193,3.0031157,1.7031904,0.890387,0.9999659,0.17790596,100.839325,0.7183339,4.3785582e-07,1.9295317e-07,0.009026984,1.944943e-08
785,0.06619668,0.09110495448112488,0.09090743213891983,0.0,-0.0054820296,0.5059009,0.048033006,99.990974,585.52997,164.42139,2.974967,1.5196013,1.0315741,0.9999926,0.17607315,134.84227,0.4540808,1.6603973e-07,3.9251063e-07,0.009222278,1.541796e-09
786,0.068242684,0.09148164838552475,0.09117497503757477,0.0,-0.00558039,0.5013332,0.048999783,99.994286,695.77167,166.83379,2.93196,1.9523705,0.5801349,0.9999232,0.182617,65.856186,0.46945712,1.7095249e-07,9.422911e-07,0.009389252,2.1281675e-08
787,0.06540074,0.09234248846769333,0.09200667589902878,0.0,-0.005480157,0.49096248,0.053434376,99.9683,453.16718,163.7141,3.0296988,1.6586206,0.93349713,0.99990344,0.17724594,156.85132,0.57762045,6.966794e-08,1.7373457e-06,0.009393519,2.2121764e-08
788,0.06770934,0.0943763330578804,0.09406690299510956,0.0,-0.006586745,0.54891163,0.04102739,99.99346,695.6818,164.6186,2.93263,2.0130136,0.65357405,0.9991468,0.17783184,59.870132,0.42226455,1.4366947e-07,3.8066594e-07,0.008927371,4.8654073e-08
789,0.06704384,0.09326349943876266,0.0929979607462883,0.0,-0.0054653115,0.5171892,0.045882493,99.99754,643.4447,166.1704,2.974879,1.9046316,0.7164354,0.99979687,0.17741297,163.21251,0.39248016,7.020716e-08,4.512657e-07,0.009036792,5.3841567e-09
790,0.06745045,0.09119153022766113,0.09101661294698715,0.0,-0.00571225,0.5401239,0.04350065,99.992035,600.5879,166.79303,2.9277952,1.6961627,0.8489236,0.99989736,0.17562647,53.36304,0.46442515,3.539156e-07,2.9478878e-07,0.009154919,2.1350097e-08
791,0.06704371,0.08801209926605225,0.08777695149183273,0.0,-0.006272576,0.5368297,0.0455337,99.97363,546.234,166.05165,2.8302982,1.7351834,0.81048167,0.99984807,0.17053612,130.9591,0.0251134,1.3983074e-08,1.5037642e-06,0.009258314,1.7434107e-08
792,0.06728908,0.09293384850025177,0.09289146214723587,0.0,-0.0057772053,0.5201001,0.048164856,99.938576,399.3817,163.59708,2.9922225,1.6154557,1.0168864,0.9998155,0.17568858,83.94229,0.6077634,3.349483e-07,6.7821344e-07,0.0091592455,1.16159185e-07
793,0.06521818,0.09721694141626358,0.09671703726053238,0.0,-0.0055560633,0.5007374,0.046710957,99.983475,358.7042,162.72304,3.0096784,1.6355833,0.9304696,0.99953383,0.18288822,82.88085,0.79000103,3.4905838e-06,4.3669937e-07,0.009070232,8.4399705e-09
794,0.07007938,0.0920024886727333,0.09184601902961731,0.0,-0.0055826413,0.51186883,0.04728147,99.89117,698.9943,165.60408,3.0429518,1.9843626,0.6112531,0.99952227,0.17807047,141.20764,0.36624396,4.633957e-07,1.109446e-06,0.0092569655,3.4660225e-08
795,0.06445814,0.0919342115521431,0.09184841811656952,0.0,-0.0055693807,0.5220964,0.044193134,99.96394,647.06036,164.94803,3.011219,2.0832076,0.4555692,0.9997501,0.17884728,172.62617,0.013143872,9.183329e-07,1.3698309e-06,0.009191518,1.1100848e-07
796,0.065114275,0.09450794011354446,0.0941755548119545,0.0,-0.005740532,0.52587706,0.044938486,99.95671,683.7242,162.22755,3.0776322,1.9133927,0.63394636,0.9998805,0.17589578,151.66592,0.03273509,1.7580936e-07,6.139263e-07,0.009236188,3.1983365e-08
797,0.066615336,0.09488480538129807,0.09474979341030121,0.0,-0.005580247,0.52278644,0.044142,99.99083,668.6279,163.3848,2.99405,1.5736351,1.0240337,0.9999259,0.1798434,183.83467,0.72597194,6.523141e-08,7.5156026e-07,0.009093376,7.0707756e-08
798,0.06631038,0.09354107081890106,0.09321050345897675,0.0,-0.0061321137,0.5423121,0.04339523,99.97018,698.56647,164.30788,2.8913894,1.7310876,0.89454925,0.9999495,0.17818393,160.34836,0.5019643,1.0882672e-07,1.7269195e-07,0.008951919,3.127681e-08
799,0.06764603,0.09440335631370544,0.0935046523809433,0.0,-0.0056003444,0.49532518,0.046782102,99.96902,693.3932,164.00934,2.977421,1.7668704,0.7625634,0.9997415,0.17552897,23.584366,0.20219947,2.1615767e-06,5.4818224e-07,0.009111126,6.718158e-09
800,0.06628866,0.09201980382204056,0.09191399067640305,0.0,-0.005503829,0.5185061,0.045248073,99.98246,696.2735,165.01555,2.8956797,1.6324388,0.863859,0.9998302,0.17527783,124.32607,0.57273215,3.676179e-07,1.1505335e-06,0.009159365,3.5074695e-08
801,0.06501655,0.09378001093864441,0.0936264917254448,0.0,-0.005503449,0.5163919,0.048764903,99.95729,697.48065,164.00444,3.0853443,2.181066,0.43577376,0.9992398,0.17480552,20.202778,0.6404148,1.0489005e-06,2.1043569e-07,0.0092604775,9.558263e-08
802,0.06688747,0.0919853150844574,0.09149634093046188,0.0,-0.007326678,0.5277119,0.039506,99.57358,694.0625,162.3334,2.925838,1.7276462,0.86699635,0.9994319,0.17891449,91.73612,0.61836123,8.8243223e-07,4.9368773e-06,0.008977088,7.1438926e-09
803,0.066887036,0.0894860103726387,0.08925127238035202,0.0,-0.0059340415,0.51011306,0.047570065,99.927704,695.08307,166.70592,2.9503372,1.8065059,0.8691928,0.9993169,0.17617585,94.56805,0.11230769,1.3830819e-06,1.3836315e-06,0.009153833,3.931736e-10
804,0.067112125,0.09537214040756226,0.09655531495809555,0.0,0.084630236,0.63820106,0.031868633,99.970024,699.2081,163.6481,2.8585937,1.6561792,1.021549,0.99991155,0.18436177,46.166332,0.06820505,1.6883617e-07,3.5874134e-06,0.00851098,3.0587834e-09
805,0.06624338,0.09193621575832367,0.08800392597913742,0.0,-0.006673856,0.4858201,0.03948856,88.282364,589.82495,148.37486,2.8048425,2.5336022,0.04941627,0.9825749,0.008101015,38.16186,0.010106098,4.081726e-05,9.483721e-07,0.18541767,0.00012016201
806,0.06672334,0.09521268308162689,0.09509721398353577,0.0,-0.0054888637,0.5402911,0.044045918,99.99974,697.92236,165.02364,3.0076957,1.9003477,0.72364926,0.99998385,0.18245038,100.65812,0.52615696,1.7490039e-07,1.3509003e-07,0.009124943,3.5568275e-09
807,0.063817225,0.09095960855484009,0.09095048904418945,0.0,-0.0064205034,0.5333651,0.043889944,99.91673,121.28843,156.69661,2.995089,1.395701,1.0813973,0.9994094,0.17637184,121.83495,0.48654446,1.2317104e-06,1.9611825e-06,0.009242161,3.662651e-08
808,0.06710332,0.09540297091007233,0.09509089589118958,0.0,-0.0055883564,0.5416189,0.044427305,99.956726,278.45758,162.3985,2.950172,1.6153598,0.97119117,0.99971926,0.1809014,158.20026,0.45312384,3.6940534e-07,3.6693564e-06,0.009024175,8.620248e-09
809,0.06517595,0.09262813627719879,0.09238801896572113,0.0,-0.0054731285,0.52728635,0.044981696,99.97538,699.02313,163.02094,3.0071838,1.6390197,0.8708917,0.9999951,0.17531557,95.25244,0.743268,1.4158242e-07,2.922992e-07,0.009277441,1.8589798e-08
810,0.067320615,0.09430155903100967,0.09415458142757416,0.0,-0.005560817,0.51720834,0.04549034,99.903175,694.07477,164.29858,3.0241272,1.7180601,0.85974073,0.9999641,0.17804334,125.68563,0.94828475,3.4137156e-07,1.10705756e-07,0.0091084065,2.0326626e-08
811,0.06732732,0.09123832732439041,0.09117891639471054,0.0,-0.0059687933,0.515947,0.047007024,99.95595,698.9234,165.06493,2.983767,1.9189117,0.7182902,0.9998957,0.17378539,60.266655,0.0319953,1.3324842e-09,1.529189e-07,0.009154156,1.2624555e-08
812,0.065444514,0.09406958520412445,0.09398410469293594,0.0,-0.005502688,0.53633654,0.04456255,99.988884,556.84686,165.47777,2.985546,1.8262762,0.79301596,0.9999994,0.17605436,170.82079,0.88235456,2.1346449e-07,3.247471e-07,0.009130833,1.852177e-08
813,0.06814681,0.09290335327386856,0.09269655495882034,0.0,-0.0066798534,0.5502017,0.041928414,99.93554,622.5921,165.3017,2.9408085,1.5418531,1.0406843,0.999876,0.17674084,46.410385,0.6330784,3.1397132e-08,3.918398e-07,0.009089683,7.0043804e-08
814,0.066921115,0.09334985911846161,0.09328067302703857,0.0,-0.005491993,0.53091854,0.04523934,99.999344,697.10443,164.83043,2.9759614,1.8003875,0.7763101,0.99990624,0.18324366,67.091156,0.24548806,2.7551337e-07,7.076865e-07,0.0091002835,3.075462e-09
815,0.06549307,0.09283185750246048,0.09277434647083282,0.0,-0.0059429207,0.52234656,0.04585454,99.9923,388.84842,163.03821,2.9335358,1.764164,0.7488069,0.99989045,0.17935152,42.33199,0.9477967,9.199371e-08,6.3788974e-07,0.009112172,3.720231e-08
816,0.06635483,0.09262414276599884,0.09256020933389664,0.0,-0.005495041,0.5369204,0.04408947,97.527405,647.429,161.91248,2.8274257,1.0917053,1.4767333,0.999737,0.17558776,48.715538,0.23289408,8.784526e-06,1.2688861e-07,0.009122172,2.2865594e-07
817,0.0671583,0.0916091799736023,0.09150901436805725,0.0,-0.0054875063,0.5314449,0.04604663,99.997406,577.873,165.1925,2.8917606,2.175821,0.39096344,0.9999493,0.17895971,73.294914,0.7779357,1.7033306e-09,1.301523e-06,0.00919718,2.4449236e-08
818,0.0658944,0.09177522361278534,0.09170491248369217,0.0,-0.00569889,0.5268463,0.04463349,99.96415,681.9478,163.40993,3.0246124,1.6721469,0.85104114,0.9997803,0.17767943,135.46332,0.3524896,5.692484e-07,2.291515e-06,0.009130285,1.4344366e-08
819,0.06869537,0.0919807180762291,0.0919145792722702,0.0,-0.005636242,0.51874644,0.048278965,99.967064,649.327,166.02151,2.858597,2.068712,0.44240758,0.999929,0.17498617,50.01146,0.47748032,7.4432927e-07,4.3490068e-06,0.009257046,2.656722e-07
820,0.06660094,0.09214428067207336,0.0918058231472969,0.0,-0.0072708214,0.56802464,0.037253764,99.768616,698.1486,163.60335,2.951239,0.97945535,1.5710597,0.99896365,0.17124234,149.67024,0.29264715,5.260129e-09,4.3240857e-07,0.008995266,7.990248e-08
821,0.06542762,0.09118852764368057,0.09113697707653046,0.0,-0.007426938,0.53494877,0.044582073,99.91234,685.2117,165.92711,2.986166,1.3551066,1.2814128,0.999527,0.17550568,164.33891,0.4175267,4.5740796e-07,7.076965e-06,0.009260344,1.3254093e-07
822,0.06701343,0.09229596704244614,0.09211508184671402,0.0,-0.0056424825,0.5033291,0.049643185,99.938995,695.90814,165.27496,2.9804497,1.9229186,0.6128451,0.99988186,0.17967433,24.435848,0.59875476,1.8286114e-07,5.384703e-07,0.009351199,2.471915e-08
823,0.06618035,0.09143050760030746,0.09092336893081665,0.0,-0.0060755303,0.50716347,0.046526015,97.37753,502.53354,162.88084,2.8745627,2.8925939,0.015256882,0.9870545,0.009114058,50.40366,0.010713746,0.00012425345,1.2648477e-06,0.17831178,0.00030265155
824,0.06620138,0.09350674599409103,0.09491488337516785,0.0,0.08841241,0.64479935,0.032101095,99.82351,699.23303,163.01233,3.003149,1.5660028,1.0810157,0.9998233,0.18015972,64.429375,0.4485487,4.903774e-07,3.3006685e-07,0.008705328,1.0738587e-08
825,0.0671118,0.09685423970222473,0.0965552106499672,0.0,-0.005608495,0.53150785,0.04179812,99.929276,678.2945,163.33746,2.97091,1.7744063,0.9372964,0.9998642,0.18310903,142.39273,0.2695553,1.5591017e-06,3.4957685e-07,0.008895047,1.0450486e-07
826,0.065782286,0.09222415089607239,0.09205975383520126,0.0,-0.005477039,0.50910056,0.04953163,99.938194,696.41895,167.11368,2.866871,1.8235658,0.76146203,0.9999034,0.17998213,130.28226,0.6171212,1.8172085e-07,4.0604232e-07,0.009281817,2.2426375e-08
827,0.06807791,0.09401940554380417,0.09374945610761642,0.0,-0.005459894,0.52617735,0.047160197,99.88972,698.6189,162.21533,3.0311282,2.0427039,0.54863036,0.9999816,0.18107568,84.34857,0.7651769,7.714265e-08,1.4435857e-06,0.009196836,2.8705198e-09
828,0.06851403,0.08903197944164276,0.08891173452138901,0.0,-0.006928851,0.5268605,0.042947166,99.98428,698.973,165.66606,2.8846211,1.7290795,0.8611777,0.9998579,0.17599432,59.797047,0.43084705,2.3003396e-07,2.8499173e-08,0.00914658,8.582679e-08
829,0.06792056,0.08971934765577316,0.08956076949834824,0.0,-0.0055164983,0.53647256,0.043767948,99.93616,698.156,165.57385,2.8479133,1.5249864,1.038248,0.9999969,0.174543,143.84424,0.5713441,3.368404e-08,1.1191563e-06,0.009107814,3.9941174e-08
830,0.06357781,0.09373749047517776,0.09369941055774689,0.0,-0.0055110534,0.5257358,0.045421045,99.98593,685.40576,164.01437,3.0387046,1.8904212,0.7470545,0.9999389,0.17893276,93.1383,0.7781486,2.0658355e-08,1.748584e-07,0.009133692,1.6634043e-08
831,0.068058126,0.09119751304388046,0.09101110696792603,0.0,-0.006650322,0.53051883,0.043955974,99.86544,690.9181,163.45895,3.046548,1.9925365,0.5944659,0.999932,0.17706606,144.28227,0.7301832,1.849651e-07,3.4455427e-06,0.009263201,2.3709788e-08
832,0.06540691,0.0931258499622345,0.09307967871427536,0.0,-0.0055592745,0.53600943,0.04421109,99.999886,639.3905,165.56577,3.006681,1.5639501,1.0248638,0.9999109,0.17679155,37.714573,0.8227788,1.2819999e-07,2.3938324e-07,0.009158126,1.4130375e-08
833,0.06711184,0.09167557209730148,0.09154526889324188,0.0,-0.0057084076,0.51181877,0.051425595,99.96353,690.52686,165.22887,2.8907018,1.8791965,0.69131213,0.9999992,0.17908573,72.386444,0.5085778,2.0487842e-07,1.4596611e-06,0.009205221,1.893967e-08
834,0.066362455,0.09318379312753677,0.09306883811950684,0.0,-0.0060744733,0.5267614,0.04393555,99.87632,696.0543,163.5125,2.8960996,1.8370508,0.72956437,0.99964017,0.17642486,110.15623,0.5158219,4.2340383e-07,2.8926912e-08,0.009108487,2.990329e-08
835,0.06454788,0.09192071110010147,0.09120280295610428,0.0,-0.0073516998,0.56953007,0.038098436,99.89386,692.11835,165.86023,2.8094044,1.9870034,0.68878764,0.9992705,0.17660515,150.85411,0.70311975,1.2025303e-07,1.2873726e-06,0.009012491,4.9355087e-08
836,0.067028,0.08976911008358002,0.09098945558071136,0.0,0.08465602,0.6246869,0.03514534,99.72415,699.3521,165.17,2.878115,1.3195865,1.2864792,0.999969,0.17660353,151.03474,0.6195163,3.8360997e-07,1.3795151e-06,0.008721753,4.268127e-08
837,0.06528586,0.0901765376329422,0.09006807953119278,0.0,-0.0072318222,0.52319884,0.044567734,99.964325,699.7662,163.94168,2.9247625,1.6421312,0.9152903,0.9999195,0.1726203,35.944645,0.14896995,1.779774e-07,3.4466655e-08,0.009150138,3.392567e-08
838,0.06533952,0.09194639325141907,0.09182612597942352,0.0,-0.0054789796,0.5288716,0.04598262,99.96969,511.07993,165.71901,2.9806232,1.7421669,0.82525253,0.99996024,0.17719783,76.31639,0.3042715,1.2015344e-07,4.0705167e-08,0.0093117645,2.3848942e-08
839,0.066469416,0.09015043079853058,0.09000199288129807,0.0,-0.0059873643,0.5295511,0.045615867,99.68871,663.38776,162.89764,2.8880637,1.1814566,1.0666494,0.99746877,0.17534512,80.49302,0.32601082,2.2434044e-06,4.258878e-06,0.009262828,3.915242e-07
840,0.06530532,0.09516312927007675,0.09500376880168915,0.0,-0.005549761,0.51595193,0.04669099,99.978134,321.70746,163.13199,3.0647583,1.3538921,1.1992086,0.99979544,0.182796,26.011154,0.17369035,4.5271705e-07,3.052796e-07,0.009139913,4.221003e-08
841,0.06520889,0.09424708783626556,0.09417660534381866,0.0,-0.0061852434,0.51850975,0.046872918,99.87851,689.4929,164.5064,2.909096,1.8863227,0.6920024,0.99928707,0.17762314,38.46702,0.8483382,8.319744e-07,1.5784369e-06,0.009081303,6.4571125e-08
842,0.064828314,0.09078752994537354,0.0906975269317627,0.0,-0.00615648,0.5349444,0.044772346,99.97136,440.91522,163.21945,2.9951477,2.105094,0.4590139,0.99983776,0.17562814,45.026264,0.19523436,7.928295e-07,1.355487e-06,0.009203205,3.666762e-08
843,0.06657842,0.09207343310117722,0.09201653301715851,0.0,-0.0055742133,0.536914,0.044680107,99.90069,687.8215,165.6007,2.9582562,1.5764778,1.0028049,0.99989164,0.17316607,24.343952,0.8563754,8.944559e-08,4.506934e-06,0.009226239,9.900613e-09
844,0.06637148,0.09477919340133667,0.0934949740767479,0.0,-0.0067730458,0.5036068,0.044849053,96.96975,483.32883,159.60944,2.8995175,2.2144392,0.12467407,0.98466474,0.009121361,45.258495,0.012325253,2.0018277e-05,8.690579e-06,0.18231681,8.265696e-05
845,0.06574759,0.09195829927921295,0.09174678474664688,0.0,-0.0056444206,0.50744575,0.04858235,99.981094,699.98303,166.25223,3.05671,1.7187011,0.8785092,0.99999404,0.17591842,196.35518,0.42023447,1.05302995e-07,6.312597e-07,0.009219595,1.880391e-08
846,0.06666312,0.09243161976337433,0.09179123491048813,0.0,-0.0054911994,0.51010877,0.045507528,99.99844,693.30396,162.91653,3.0292535,1.7210782,0.83499086,0.9999397,0.17351979,88.98612,0.66238415,2.127395e-07,1.4282064e-07,0.009303099,2.0980486e-09
847,0.06449775,0.09597354382276535,0.09695170819759369,0.0,0.08636344,0.652953,0.034962066,99.965004,699.781,165.05345,2.894533,1.4094936,1.2464036,0.99962705,0.18453874,83.958405,0.2739648,7.2109606e-07,1.0070898e-06,0.008631308,9.832641e-09
848,0.066120446,0.09231584519147873,0.09208220988512039,0.0,-0.0056375517,0.5367088,0.046245117,99.98101,694.9187,165.22803,2.9107213,1.6161423,0.91288537,0.99985886,0.17320319,71.749374,0.3563999,9.823356e-08,5.122777e-07,0.009328215,2.0097199e-08
849,0.06865451,0.09108526259660721,0.09077940881252289,0.0,-0.0061711464,0.5531019,0.042424273,99.99363,651.31384,165.16206,2.9033155,1.664898,0.8855205,0.9995639,0.17695828,44.364838,0.326436,4.027088e-08,8.6763384e-07,0.009149945,9.868268e-09
850,0.06538165,0.09171026200056076,0.091258704662323,0.0,-0.0055030463,0.5374443,0.047495604,99.977165,692.1379,166.65068,2.9917173,1.7912064,0.8215278,0.9998858,0.17761466,34.095795,0.7289184,6.9878867e-09,1.7090545e-07,0.009311116,1.7789018e-08
851,0.06871622,0.09493481367826462,0.09469478577375412,0.0,-0.005601818,0.5077994,0.048862886,99.971275,420.31473,162.89488,3.0334275,1.3829914,1.1297106,0.99936384,0.17977433,160.14072,0.3124643,1.7108216e-06,5.2303176e-07,0.009326503,9.95817e-09
852,0.06390196,0.09218308329582214,0.09194598346948624,0.0,-0.00650369,0.51137906,0.046371426,99.943985,686.17236,164.44368,2.9357047,1.8603178,0.63608295,0.99976385,0.17763814,96.520515,0.22066885,7.821891e-07,2.1309438e-06,0.009074246,6.4883906e-08
853,0.067231484,0.09536993503570557,0.0950690284371376,0.0,-0.0054684975,0.55054355,0.04304629,99.86396,696.3744,163.76195,2.965571,2.08562,0.53214186,0.99870795,0.17934568,90.38053,0.9942744,7.969896e-07,3.4813338e-06,0.009022488,2.726459e-07
854,0.06524924,0.0917738676071167,0.09162808954715729,0.0,-0.0071995286,0.54290354,0.042908452,99.981476,695.2609,163.8798,3.0025387,1.5126277,1.0371526,0.99790525,0.17734537,127.58382,0.9678217,3.2738035e-06,3.577675e-06,0.009200848,5.5601504e-07
855,0.06605982,0.09161094576120377,0.09150760620832443,0.0,-0.0069305687,0.52514905,0.043759592,99.59768,698.6116,163.5905,3.0310562,1.5178647,1.0694113,0.99938405,0.17627664,148.44011,0.42031935,6.74962e-07,2.842165e-06,0.009125701,4.9530037e-08
856,0.066640116,0.0942898541688919,0.09569776058197021,0.0,0.08862381,0.61763245,0.03341685,99.8664,699.24915,162.48953,3.0035443,1.6875798,0.91963714,0.99958915,0.18117078,55.750725,0.9805163,1.7387751e-07,1.619099e-07,0.00874003,3.181893e-08
857,0.06633792,0.09232024848461151,0.09222724288702011,0.0,-0.0055375216,0.5128693,0.047481865,99.94307,551.5254,164.27194,2.9753382,1.6800709,0.8878098,0.999994,0.17867202,27.201157,0.7463679,1.9112832e-08,6.653445e-07,0.009099701,2.4401682e-08
858,0.065732874,0.09415864199399948,0.09386791288852692,0.0,-0.007350797,0.52494895,0.041830774,99.95996,693.0166,163.1312,3.0030618,1.8453988,0.7397123,0.9997498,0.18055663,51.146873,0.8985517,9.4763016e-07,9.63021e-07,0.009038099,1.10773986e-08
859,0.0676614,0.09334749728441238,0.09329983592033386,0.0,-0.0062880595,0.5324466,0.04493473,99.92238,661.96277,164.58665,3.043477,2.5223591,0.055679448,0.9993586,0.17774102,33.263702,0.11961459,4.0426445e-07,1.0010727e-06,0.00920446,3.0459024e-08
860,0.0669912,0.09334342181682587,0.09328387677669525,0.0,-0.0056988513,0.5426679,0.041532937,99.99951,681.70355,164.24205,2.9898472,1.8452212,0.69575864,0.99836594,0.17516862,79.329254,0.54810894,1.8768894e-07,1.9989598e-06,0.009046557,5.4135935e-08
861,0.065229185,0.09214446693658829,0.09203676879405975,0.0,-0.005855164,0.52848524,0.043793496,99.89597,691.9149,163.53593,2.8930922,1.8813175,0.6537793,0.9999282,0.17539443,64.75956,0.47251773,8.55836e-07,8.9211187e-07,0.0090906285,6.952408e-08
862,0.06583603,0.09567805379629135,0.0955812931060791,0.0,-0.0056576477,0.53193027,0.045141105,99.9276,404.79047,163.0211,2.9777818,1.8134352,0.7590829,0.9999316,0.18203266,95.816,0.16907653,5.749497e-07,3.2051463e-07,0.009078904,8.192549e-08
863,0.06615197,0.09107519686222076,0.09056646376848221,0.0,-0.0055214916,0.5562725,0.04111015,99.983025,696.1214,168.43063,2.982354,1.8283865,0.749629,0.9998713,0.1769511,149.26971,0.64537907,7.04355e-07,7.1986017e-07,0.009172697,5.778581e-09
864,0.06203795,0.0922631323337555,0.09212426841259003,0.0,-0.0059274677,0.55317974,0.040474053,99.76487,687.1332,163.85204,2.9423177,1.5926636,1.0530156,0.9988497,0.17714809,163.41895,0.7717111,1.260473e-06,3.7162708e-06,0.009103273,1.8594281e-07
865,0.06536436,0.09191930294036865,0.09178302437067032,0.0,-0.0056413356,0.535297,0.042610064,98.13955,100.287254,155.75887,2.900308,0.90998083,1.4875457,0.9991754,0.17863053,109.8414,0.18956167,3.5548152e-07,6.8259806e-06,0.0091433115,4.348745e-07
866,0.06695383,0.09287352859973907,0.09201876819133759,0.0,-0.0055180173,0.5625294,0.04324143,99.9502,691.56464,165.23834,2.9274702,1.6813873,0.9411955,0.99993706,0.17560725,85.43966,0.06502404,3.231457e-07,4.3605323e-07,0.009085911,3.3729273e-09
867,0.0641312,0.09271830320358276,0.09261748194694519,0.0,-0.0060134106,0.5448119,0.041867718,99.97822,699.1747,164.23848,2.9447658,1.839627,0.75610924,0.99998665,0.17527975,82.29823,0.02981246,9.0503704e-08,1.4134527e-06,0.009070667,1.4120148e-08
868,0.06486585,0.09115783870220184,0.09096328914165497,0.0,-0.0055254414,0.5042189,0.04822964,99.992874,695.1977,165.73433,2.9478784,1.6848766,0.85150987,0.9998863,0.17750472,24.214828,0.43298635,4.1570271e-07,2.2022346e-06,0.009299807,1.00181225e-07
869,0.068011545,0.09421894699335098,0.09410534799098969,0.0,-0.005558567,0.5224464,0.046370894,99.96336,678.7973,164.73766,2.951789,1.7642777,0.83399045,0.999873,0.18110156,66.69105,0.35707024,1.1797828e-06,7.866467e-07,0.009312953,3.161075e-08
870,0.06546944,0.09475096315145493,0.09443794190883636,0.0,-0.0067157126,0.5273445,0.04347076,99.88663,666.0227,163.00665,3.1307366,1.6346122,0.91986006,0.99940795,0.17955919,120.9503,0.5598766,5.6633934e-07,3.3199836e-07,0.009200507,3.4668833e-08
871,0.068298995,0.08956213295459747,0.08897515386343002,0.0,-0.0057005407,0.4910588,0.05042462,99.96925,590.2989,166.36096,2.911846,1.8777007,0.664686,0.9995872,0.17160864,82.559814,0.5323608,3.5469114e-08,9.61127e-07,0.009280195,4.027329e-09
872,0.06478953,0.09215304255485535,0.09181680530309677,0.0,-0.006099888,0.5336239,0.047161598,99.933685,655.2401,167.27106,2.9206717,1.762003,0.8461734,0.9998766,0.17568274,81.71079,0.604943,3.284519e-07,7.996261e-07,0.009180042,1.6668594e-07
873,0.065041296,0.09134061634540558,0.0910048633813858,0.0,-0.0074988464,0.5439055,0.04389158,99.81599,699.4598,162.79839,2.8853,1.8686651,0.68896055,0.99973243,0.17619011,100.545364,0.5389575,5.1191097e-07,2.9919772e-07,0.009127011,1.5201078e-07
874,0.066471785,0.09400013089179993,0.09391138702630997,0.0,-0.005479394,0.53828603,0.0440217,99.91468,698.1819,165.27382,2.9671638,1.6238937,0.99619013,0.99974775,0.17576689,56.40885,0.51592577,6.250386e-08,8.9135915e-07,0.009075582,1.853625e-08
875,0.06429729,0.08886340260505676,0.0886039063334465,0.0,-0.0072726524,0.5328663,0.044741116,99.92997,686.7441,165.9962,2.7811394,1.5823623,0.9296283,0.999903,0.17101198,42.57714,0.60683924,1.2078514e-06,1.4816624e-06,0.009154397,1.2472385e-07
876,0.06712665,0.09183590114116669,0.0916958600282669,0.0,-0.0058767283,0.5554101,0.039088324,99.91185,675.0517,164.02426,2.9443183,1.0701694,1.4877598,0.9997182,0.1738227,121.98481,0.026713068,2.085226e-07,4.4704754e-07,0.009006563,1.10963484e-07
877,0.067666985,0.09223824739456177,0.09203410148620605,0.0,-0.005651096,0.5204657,0.04605487,99.98634,455.08618,162.66988,2.9908967,1.8428348,0.6729688,0.9997677,0.17809165,130.96439,0.9004523,7.105739e-07,2.2415938e-06,0.009311786,2.7850096e-08
878,0.064764105,0.09507191181182861,0.09433318674564362,0.0,-0.005495134,0.5577142,0.042746793,99.99884,695.0278,164.20497,3.0697324,1.9323641,0.6596594,0.99992824,0.1791554,45.901176,0.25939056,2.2197626e-07,1.0701075e-06,0.009302543,2.0185638e-08
879,0.068540044,0.09363916516304016,0.09360381960868835,0.0,-0.0062322854,0.53767645,0.04233486,99.91554,671.2831,164.17308,2.9871013,1.5806906,1.0732211,0.9998427,0.17610537,174.55934,0.45511582,1.116095e-06,1.2663712e-06,0.009080976,2.5846028e-08
880,0.06607779,0.09050294011831284,0.09023483842611313,0.0,-0.005660993,0.5345174,0.047051214,99.96291,695.4536,164.41772,2.9967544,1.624796,0.9299597,0.9999347,0.17896406,122.8919,0.6249564,5.635771e-07,3.9638888e-07,0.0092063,4.3376662e-08
881,0.06705008,0.09449808299541473,0.09421365708112717,0.0,-0.0064855292,0.5186898,0.043759298,99.95015,111.667206,155.26341,3.072818,1.589463,0.83185685,0.9999428,0.17571564,146.26349,0.21489114,1.8272713e-07,4.1685853e-06,0.009204322,1.385147e-07
882,0.066901416,0.09436068683862686,0.09587693959474564,0.0,0.085142754,0.6258495,0.032534994,99.84605,699.2294,162.495,2.9916623,1.6439409,0.99326676,0.9998197,0.18308702,86.47068,0.083959386,2.449385e-07,3.7439762e-07,0.0086569665,1.18564945e-08
883,0.062959865,0.09403810650110245,0.09382954239845276,0.0,-0.0055882265,0.5409494,0.044228267,99.96907,698.77216,166.0669,2.977995,1.7132456,0.8952262,0.9995872,0.18184972,159.19629,0.22708848,1.3543082e-07,1.2506362e-06,0.009141595,2.2233634e-08
884,0.06665458,0.09191673994064331,0.09145428985357285,0.0,-0.0057464293,0.54779375,0.045099117,99.97625,698.81165,165.16853,2.9053931,1.5826039,1.0016631,0.9999271,0.17621584,121.5715,0.44489905,1.6669843e-07,1.4567406e-06,0.009265936,3.1323246e-08
885,0.0657315,0.09272439032793045,0.09262863546609879,0.0,-0.0056239436,0.52404135,0.047498424,99.88019,686.5473,164.02145,2.9347658,1.5327721,1.0433396,0.99915326,0.1776054,31.999556,0.42455837,5.1033567e-07,1.6024627e-07,0.009070441,7.364658e-08
886,0.06519319,0.09236285835504532,0.09229114651679993,0.0,-0.005495498,0.5347029,0.043564696,99.973,698.1464,165.22159,3.0367782,1.7842972,0.7739002,0.9999558,0.17543928,31.815517,0.7759222,6.4943024e-09,1.6561255e-07,0.00924529,1.0488674e-09
887,0.0660618,0.09180640429258347,0.09145094454288483,0.0,-0.0054754773,0.50547135,0.047798123,99.98196,694.5286,164.27486,2.9980462,1.7302524,0.8442479,0.9997413,0.17777868,42.27722,0.8780251,6.6472374e-08,4.6428502e-07,0.009337976,2.920016e-08
888,0.066868946,0.09106219559907913,0.09036644548177719,0.0,-0.007495643,0.5598615,0.042142384,99.89119,682.20496,166.03384,2.8278258,1.8319807,0.7900282,0.9995686,0.17431812,155.36601,0.33848608,1.4434188e-06,3.5342362e-06,0.009127325,3.9331482e-08
889,0.06702506,0.09259607642889023,0.09194467961788177,0.0,-0.005585809,0.48902217,0.05244348,99.99791,634.43304,165.5927,3.0246902,1.688212,0.83590955,0.9999052,0.17907003,112.35705,0.8529764,4.7551136e-08,9.751791e-07,0.009513399,1.843716e-08
890,0.066624135,0.09125524759292603,0.0910695493221283,0.0,-0.005617948,0.5283352,0.045550037,99.97936,698.4931,166.13141,2.8714714,1.6684611,0.90155643,0.9995193,0.1738073,92.01666,0.6682413,9.1497235e-08,8.89077e-07,0.009088657,1.7235706e-08
891,0.06664663,0.0961003378033638,0.09594735503196716,0.0,-0.005517094,0.5348566,0.044032983,99.923515,664.41077,162.8515,2.9486787,1.5514432,0.98084456,0.9999017,0.18299171,111.16151,0.014840289,1.3169573e-06,2.4624605e-06,0.009014125,1.0075997e-07
892,0.06628492,0.09146072715520859,0.09108983725309372,0.0,-0.005766492,0.51526105,0.04509225,99.95353,684.9796,162.59248,2.9418523,1.6213454,0.87659556,0.9998412,0.17380935,160.03772,0.7272655,3.2055432e-08,5.7569656e-07,0.00922272,1.6272855e-08
893,0.06784846,0.09179612994194031,0.09147460013628006,0.0,-0.0065058875,0.5530619,0.041944366,99.98429,699.0677,164.92859,2.9051452,2.2020247,0.4438084,0.9999689,0.17697328,84.682014,0.7168592,5.8370397e-08,2.2303988e-07,0.009052937,3.035854e-08
894,0.066145696,0.08952447772026062,0.0893530622124672,0.0,-0.0064626434,0.54238003,0.043277267,99.95225,685.1462,163.40414,2.921639,2.394901,0.046864484,0.99985987,0.009203737,99.90248,0.4321357,5.4544594e-06,3.4932884e-07,0.17211379,5.968811e-07
895,0.06326606,0.09281159192323685,0.09272099286317825,0.0,-0.0067791003,0.54025555,0.04070832,99.891266,697.1519,163.50099,2.980413,1.6823452,0.9674318,0.9997766,0.17863417,55.532047,0.2351169,5.5232235e-08,1.1187249e-06,0.009059706,2.3907754e-08
896,0.06742131,0.09118527173995972,0.09105793386697769,0.0,-0.0067974157,0.50875515,0.04854697,99.98437,699.101,165.05074,3.0463922,1.8830258,0.7259236,0.9999804,0.17388774,107.93186,0.57923347,3.2403143e-08,2.7390013e-07,0.009176074,3.8013688e-08
897,0.06439749,0.09307040274143219,0.09266992658376694,0.0,-0.0055762525,0.51817906,0.050596993,99.69734,694.899,167.0303,3.0083401,1.4961504,1.081019,0.99990124,0.17538679,155.79892,0.47129413,2.123317e-06,8.197553e-06,0.009424963,3.593138e-09
898,0.0672793,0.09179800003767014,0.0915079414844513,0.0,-0.005465616,0.5465363,0.04401469,99.98822,607.5143,164.44083,2.9424212,1.6030763,0.97197616,0.9999872,0.17983682,46.185726,0.30393156,4.5593322e-07,1.2313687e-07,0.00923311,2.9740287e-08
899,0.067620024,0.09467693418264389,0.0944981649518013,0.0,-0.005724902,0.5344477,0.04314683,99.860565,699.5445,163.72784,2.9790208,1.8676627,0.72905797,0.9996882,0.18059586,120.52545,0.7060515,5.6349927e-07,6.708609e-07,0.008928017,7.327578e-09
900,0.06748206,0.09289006143808365,0.09272907674312592,0.0,-0.0055321064,0.5346966,0.042109057,99.941666,697.1573,164.11594,2.8469768,1.739593,0.7843129,0.99962705,0.17609772,71.69966,0.5612259,5.518488e-07,1.8444472e-07,0.009054942,3.596106e-08
901,0.06646605,0.09761309623718262,0.09705555438995361,0.0,-0.0055821934,0.5185204,0.044698887,99.97079,680.89417,163.0727,3.194587,1.9917461,0.5799751,0.99942625,0.18395409,129.33075,0.12558822,1.0509469e-07,5.113062e-07,0.009249269,1.832271e-08
902,0.06765242,0.09310390055179596,0.0930207222700119,0.0,-0.0056610242,0.5101588,0.048421737,99.88153,646.8226,165.05202,2.9309757,1.689085,0.8532925,0.9993178,0.17976874,133.18765,0.7877748,9.817696e-07,1.5324072e-07,0.009143894,4.839735e-08
903,0.06600657,0.09146086126565933,0.09131371974945068,0.0,-0.006267185,0.5417115,0.04226227,99.84235,392.0376,161.40771,2.9502711,2.633633,0.028870417,0.9995144,0.009054844,123.04607,0.86835366,3.61722e-06,2.4353622e-07,0.17354615,1.897955e-05
904,0.06581286,0.09202726930379868,0.09104656428098679,0.0,-0.005478376,0.5053295,0.04406322,99.90049,698.4255,163.74606,3.0362132,1.8120742,0.73235744,0.9993676,0.17568935,146.24086,0.21344908,1.4514079e-06,1.3736883e-06,0.009294281,8.754378e-08
905,0.06484199,0.09250680357217789,0.09268837422132492,0.0,-0.0068442794,0.4362153,0.054609813,98.780556,501.52805,156.9848,2.9734838,3.144022,0.017096711,0.9999717,5.6388734e-07,37.563286,0.013839067,0.006693957,3.0078243e-07,0.05204264,0.28799006
906,0.066370666,0.09257017821073532,0.08575239777565002,0.0,0.08505717,0.58384925,0.028980263,75.60951,393.34,131.97813,2.4789157,3.14646,0.024925854,0.99501127,0.006492831,39.504562,0.010065226,8.6630505e-05,4.4437365e-07,0.17996982,0.00012433565
907,0.06675988,0.0912163108587265,0.09117195010185242,0.0,-0.005729419,0.51015025,0.049171705,99.891655,697.976,164.95183,2.9228683,1.7459702,0.84867793,0.9996743,0.17727195,65.750534,0.75174016,1.228317e-07,3.6637393e-06,0.009280077,4.5488786e-08
908,0.06773133,0.090567946434021,0.09049949049949646,0.0,-0.0062860413,0.5528923,0.039615933,99.87471,699.24805,165.06462,2.9455621,1.8210229,0.6265746,0.99894273,0.1698896,124.793846,0.13720395,1.6000442e-06,2.2592171e-06,0.009149583,5.8165717e-09
909,0.06670814,0.09421060979366302,0.09161420911550522,0.0,-0.006555577,0.51278436,0.028749127,99.874344,389.55026,162.46811,2.540508,2.4410915,0.08900412,0.96235675,0.008334121,38.99029,0.010152694,5.4199983e-05,3.6477124e-06,0.15897265,0.00035535844
910,0.0635498,0.09334664046764374,0.0931866466999054,0.0,-0.0055496874,0.52556103,0.04276701,99.99223,377.22507,163.06892,2.9985578,1.7468213,0.8276783,0.9996961,0.1805251,124.88106,0.9069053,4.7343556e-07,1.2779155e-06,0.009037652,1.5249269e-08
911,0.06684574,0.09110657125711441,0.09099702537059784,0.0,-0.0072787507,0.5423489,0.043213263,99.887634,698.4703,164.23312,3.0228028,1.8428224,0.7649539,0.9992998,0.1737427,161.97208,0.4237504,4.276107e-07,1.712828e-06,0.00911388,3.9260834e-07
912,0.065821715,0.09309542179107666,0.0930374413728714,0.0,-0.005710003,0.5209564,0.045704663,99.91818,687.75037,165.29929,3.0043535,2.2093332,0.40364248,0.99989396,0.17863911,156.13956,0.57217944,2.6420614e-07,1.4045889e-06,0.009130285,3.8619827e-08
913,0.06581787,0.09145285934209824,0.09102948755025864,0.0,-0.0057114842,0.50236285,0.049363505,99.923004,693.8861,163.47858,3.0187707,1.4025514,1.1430547,0.99985546,0.1765048,142.82347,0.3386928,3.5952988e-07,1.5404201e-07,0.00937246,2.4052782e-09
914,0.06744639,0.09197097271680832,0.09136229008436203,0.0,-0.0055511035,0.5044681,0.04542627,99.953964,628.70465,165.07057,2.967746,1.6262115,0.9075447,0.9999547,0.17546399,132.38676,0.7816761,3.9315248e-07,1.8054078e-07,0.009285541,4.0765357e-08
915,0.06658357,0.08937641233205795,0.08913583308458328,0.0,-0.005962024,0.53353274,0.04599043,99.981995,698.153,167.47041,2.86501,2.132969,0.46481043,0.99977183,0.17215554,123.005455,0.8254724,5.82774e-07,1.360104e-06,0.009217544,1.8384742e-07
916,0.06711868,0.09180834889411926,0.09166951477527618,0.0,-0.005499107,0.518922,0.045053516,99.98466,530.65674,164.04622,2.99869,1.8210627,0.7390471,0.999974,0.17632028,148.46465,0.46200696,1.3177318e-07,3.2769418e-07,0.009245599,2.871605e-08
917,0.06808483,0.09380079060792923,0.09377235919237137,0.0,-0.005861441,0.52999496,0.04500834,99.85781,683.5579,163.9409,2.9720216,1.2040244,1.3124795,0.99996334,0.17638545,32.90863,0.142498,7.547872e-07,1.07356236e-07,0.009128824,2.1776837e-07
918,0.066751756,0.08970041573047638,0.0895441547036171,0.0,-0.00587534,0.5468541,0.041113082,99.721825,692.1871,166.57668,2.9289699,2.5693014,0.09816986,0.99904096,0.1733703,141.33984,0.31432536,4.461429e-06,7.8339156e-07,0.009124606,5.5469638e-08
919,0.065404974,0.08993034064769745,0.08971989899873734,0.0,-0.00594805,0.5227487,0.04589232,99.67417,109.46158,156.70865,2.8373737,1.4331946,1.0461,0.9999317,0.17748131,50.041023,0.15383542,2.9442148e-07,6.62954e-07,0.00919706,3.9437918e-08
920,0.067700624,0.09364838153123856,0.09358169138431549,0.0,-0.005818681,0.5090799,0.04892058,99.869194,698.21356,165.4784,2.978944,1.6976311,0.87059027,0.999647,0.1845022,33.64582,0.47669697,4.5579108e-07,4.489732e-06,0.009183317,1.9880507e-07
921,0.06461882,0.09329921007156372,0.09424667805433273,0.0,0.08480394,0.6466353,0.034442835,99.97493,699.17694,163.87785,2.9319384,1.6565602,0.9451716,0.9998705,0.18329896,86.519264,0.5165329,2.2410475e-08,1.8529737e-07,0.00872185,1.5783604e-08
922,0.06638118,0.08978520333766937,0.08960360288619995,0.0,-0.0058729458,0.52240545,0.047441427,99.93252,650.0281,167.25687,2.8421316,1.6746132,0.925779,0.99968123,0.17259003,23.855148,0.38013992,1.8711721e-07,9.4421904e-07,0.009304568,8.586645e-08
923,0.06448413,0.0909552276134491,0.0903608575463295,0.0,-0.006672166,0.5516767,0.04328777,99.82324,696.4274,166.18674,2.8114462,2.011907,0.5686524,0.99990666,0.17212364,58.584778,0.743806,4.8250655e-07,1.2146264e-06,0.009078652,5.2102955e-08
924,0.064966395,0.09011418372392654,0.0896354615688324,0.0,-0.0062166685,0.514429,0.0475145,99.72399,659.00256,168.74828,2.9246573,1.884852,0.6435595,0.9998662,0.17496714,126.59344,0.58842796,1.1287791e-06,1.5726397e-06,0.009231574,6.019613e-08
925,0.064833224,0.09366840124130249,0.09346833825111389,0.0,-0.0054909424,0.5292442,0.044944648,99.98139,636.4432,166.00015,2.9403422,1.6281348,0.92337495,0.9998976,0.18007825,49.6973,0.6049259,3.465933e-07,1.0413261e-06,0.009025643,7.1463546e-08
926,0.066580355,0.09525250643491745,0.0948309525847435,0.0,-0.005658013,0.5429056,0.04608778,99.93819,695.7805,165.67003,2.984098,2.037937,0.6238182,0.9999679,0.18020768,37.28842,0.9688685,3.0642727e-08,2.5843042e-06,0.009045589,1.9697831e-08
927,0.06743318,0.09236998856067657,0.09215512871742249,0.0,-0.0071045156,0.5234159,0.04946208,98.3874,620.4578,165.6409,2.9336371,1.2329141,1.1420757,0.9977498,0.1771266,132.32278,0.48276874,1.7549107e-06,8.389571e-06,0.009316767,1.7726359e-07
928,0.065989144,0.09286192059516907,0.09267155081033707,0.0,-0.0055632647,0.51917326,0.048429444,99.9382,577.1155,166.74199,3.0219622,1.9225434,0.65744764,0.99972713,0.17948933,137.37875,0.46319127,1.3278996e-07,2.391351e-07,0.009222205,1.8277058e-08
929,0.067538984,0.0937928780913353,0.09367650002241135,0.0,-0.005478677,0.53297377,0.041883413,99.936676,678.5718,164.96298,2.9521601,1.6521145,0.9793731,0.9996942,0.17757967,96.81,0.4459287,1.9938165e-07,1.1722578e-06,0.009030299,3.0072647e-09
930,0.06489141,0.0957702100276947,0.0956306979060173,0.0,-0.0054779067,0.5425135,0.042914156,99.995476,697.2413,163.23682,3.009344,1.7833374,0.80967444,0.999958,0.17762356,84.13233,0.42615688,3.1767743e-07,4.4862954e-08,0.00901401,2.297489e-08
931,0.065864064,0.09477421641349792,0.09456731379032135,0.0,-0.0059638196,0.52142996,0.045523115,99.99669,694.6873,162.23964,3.044869,1.6855516,0.90089697,0.99989164,0.17932437,41.85925,0.87908316,2.3119341e-07,2.8119007e-07,0.009126035,2.0993367e-08
932,0.06777327,0.09179031848907471,0.09127368032932281,0.0,-0.0057784733,0.54865915,0.045152795,99.976944,681.792,165.35988,2.9001675,1.7779984,0.7738629,0.99971884,0.17510195,56.52067,0.5760587,6.36596e-07,9.794085e-07,0.009183575,1.6055932e-08
933,0.06535515,0.09039335697889328,0.09012717008590698,0.0,-0.0067773303,0.5236747,0.042447697,99.97165,694.5373,164.6883,2.9710138,1.7807835,0.8177237,0.99991983,0.17204368,67.66715,0.15816422,1.6592662e-07,1.952524e-07,0.00925202,1.835745e-08
934,0.0654412,0.09424220025539398,0.09395938366651535,0.0,-0.0054757036,0.5036532,0.048233233,99.90057,699.5729,165.28467,2.9214299,1.8120571,0.7708753,0.99982625,0.17972523,159.21506,0.1412767,5.6036913e-07,4.0893124e-07,0.009089721,5.7923845e-08
935,0.06761322,0.09266617894172668,0.09252677112817764,0.0,-0.0062527643,0.5386622,0.04310171,99.943474,699.15295,165.94324,3.009904,1.923905,0.7664613,0.99992335,0.17603204,86.59003,0.30202916,4.9316174e-07,2.5936362e-07,0.009052331,1.4336172e-08
936,0.06725439,0.09610223025083542,0.09568191319704056,0.0,-0.005551506,0.5378385,0.039819814,99.9711,552.4222,160.742,3.0831702,1.744348,0.88491327,0.99995875,0.17745501,97.20901,0.749505,1.0370061e-07,4.894984e-07,0.008996464,1.1432478e-08
937,0.06350473,0.09129688143730164,0.09120852500200272,0.0,-0.0062558795,0.5224025,0.045507796,99.89239,567.0607,165.4095,2.8400114,1.9011316,0.6813484,0.9999587,0.17785697,159.1265,0.31254986,3.3927367e-07,3.5208175e-06,0.009192654,4.9053938e-08
938,0.067620866,0.09442239254713058,0.09437087178230286,0.0,-0.005760378,0.53115857,0.04397458,99.9852,692.18,165.85474,3.0128622,2.029964,0.63556135,0.9995022,0.18050006,48.066116,0.38013005,9.948232e-08,1.0341383e-07,0.00915605,3.4834525e-08
939,0.06612022,0.09359914809465408,0.09339604526758194,0.0,-0.0055880477,0.52867955,0.04359131,99.98799,528.9933,162.94077,2.8511446,1.3263935,1.253465,0.99922216,0.18289042,117.96174,0.6462843,1.666067e-06,5.5865263e-07,0.009010618,1.5516571e-08
940,0.066981666,0.09489631652832031,0.09459969401359558,0.0,-0.005856643,0.5572367,0.040136933,99.92297,691.21014,163.09795,3.0594578,1.2831066,1.3020186,0.9992436,0.179311,98.14523,0.789606,1.2987626e-07,1.0385561e-06,0.009041381,2.7847452e-07
941,0.06770901,0.09453640133142471,0.09398632496595383,0.0,-0.0056840596,0.5250592,0.04145443,99.909515,698.38763,162.60509,3.0402737,1.9658538,0.64817184,0.9999931,0.17670391,53.604824,0.67402244,4.2715632e-07,1.6177355e-06,0.009257587,9.12929e-09
942,0.065248035,0.09095697104930878,0.09086231142282486,0.0,-0.007099299,0.5375088,0.0435606,99.73018,698.82465,165.8069,2.9374075,1.9496357,0.6698654,0.99970543,0.1783638,56.528915,0.11628252,2.3398098e-07,9.004001e-07,0.009098813,1.4408201e-08
943,0.06669599,0.0893750935792923,0.08920381218194962,0.0,-0.005485491,0.5349216,0.04589955,99.99054,695.0836,166.4847,2.8724983,1.7179363,0.8166103,0.9999006,0.17255627,53.997066,0.7866441,3.168721e-07,1.9779802e-07,0.009278155,9.683421e-09
944,0.067012176,0.09165070950984955,0.09141627699136734,0.0,-0.005613205,0.5326151,0.04382075,99.97721,698.7659,162.94661,3.030425,1.7531748,0.7670762,0.9997363,0.17434728,92.341156,0.40623003,6.2832505e-08,1.161662e-07,0.009245335,5.4130744e-09
945,0.06587433,0.09566287696361542,0.09539734572172165,0.0,-0.0054768156,0.5259947,0.041996572,99.98377,688.08923,163.15129,3.0132563,2.1088204,0.51142824,0.9998951,0.17800027,113.15367,0.890394,4.2047105e-07,1.3692418e-06,0.009068172,7.9456704e-08
946,0.064636305,0.0902140662074089,0.09007766842842102,0.0,-0.0057966625,0.51942164,0.046051458,99.99362,504.80557,164.41562,2.9834876,1.7422743,0.77924085,0.99993676,0.17440942,124.22813,0.19461904,6.9292594e-07,1.4429404e-06,0.009341633,2.0994139e-07
947,0.06681424,0.09360500425100327,0.09353277087211609,0.0,-0.00560394,0.5251207,0.04626731,99.97813,416.86832,163.98886,2.96975,1.6403252,0.9927479,0.99995196,0.18030904,128.44182,0.38778463,8.5066637e-07,4.3161992e-07,0.009084948,4.1672248e-08
948,0.065002926,0.09400313347578049,0.09351609647274017,0.0,-0.0058456664,0.5148611,0.046317432,99.971954,695.426,166.65878,2.9665172,1.7047418,0.9418882,0.99985266,0.1743572,162.03665,0.24412142,6.099651e-07,4.1940433e-07,0.008992961,4.248685e-09
949,0.06508089,0.09229595214128494,0.09225045889616013,0.0,-0.0059860353,0.5225942,0.04598043,99.965195,457.83713,164.27588,2.8961487,1.687795,0.8942802,0.9990154,0.17733125,65.791534,0.30439216,3.2223144e-07,6.6515463e-06,0.009150808,2.2598343e-07
950,0.06485766,0.09212415665388107,0.09203606843948364,0.0,-0.0054674963,0.52126735,0.04696745,99.955765,695.2456,166.2634,2.8923643,1.9749279,0.63820297,0.9997444,0.1789046,33.239773,0.9458307,5.973729e-08,2.0819161e-07,0.009146243,1.2425797e-08
951,0.06599145,0.0931171327829361,0.09293311834335327,0.0,-0.0056278687,0.5246142,0.046617415,99.73508,632.1613,166.81316,2.8887157,1.8141228,0.77564526,0.99990326,0.17981444,155.77971,0.37454814,6.2027453e-07,2.5850975e-06,0.009154271,1.4014608e-07
952,0.06536891,0.09169268608093262,0.09153828024864197,0.0,-0.0054622577,0.51618165,0.050116498,99.97413,696.5884,166.86333,2.904533,1.751451,0.81393844,0.9999125,0.17710876,34.40977,0.3560909,2.3778452e-07,7.515687e-07,0.009218752,3.4167236e-08
953,0.065810084,0.09887898713350296,0.0981859639286995,0.0,-0.0055566556,0.5039125,0.04505105,99.89753,649.57385,165.2692,3.0458298,1.9643404,0.71952105,0.9996492,0.18458216,47.040405,0.915296,2.970972e-07,4.9177834e-07,0.009030657,6.2592767e-09
954,0.06408439,0.09251619130373001,0.0924021303653717,0.0,-0.0066279527,0.5387759,0.04240961,99.94244,687.4617,164.61745,2.9175107,1.5998795,0.966358,0.9999343,0.17887363,191.40875,0.8206861,6.6388446e-07,1.4533788e-06,0.009026892,2.1009493e-08
955,0.06407414,0.09298726916313171,0.09286180138587952,0.0,-0.0058499984,0.53011346,0.043399535,99.860176,699.3779,164.78662,2.851014,1.3955227,1.259505,0.99954396,0.17998885,78.14207,0.5409277,6.17144e-07,1.1641115e-06,0.009075689,2.8274854e-07
956,0.06543406,0.0932084247469902,0.09286340326070786,0.0,-0.005477716,0.4971034,0.05147098,99.91758,446.01663,166.13322,3.0211556,1.6365997,1.0192351,0.99986976,0.17982799,95.23107,0.7396781,8.8118577e-07,1.3431035e-06,0.009168762,1.8316083e-09
957,0.063159354,0.09323183447122574,0.09282514452934265,0.0,-0.005577379,0.55767584,0.04071548,99.93526,699.16174,163.53966,3.085685,2.0262904,0.58912444,0.99979746,0.176955,35.03275,0.72401196,4.375476e-09,6.172676e-08,0.009207825,1.27277024e-08
958,0.065317206,0.09130871295928955,0.09108147770166397,0.0,-0.0067994897,0.52953535,0.045042377,99.95002,294.7832,162.5989,2.8640513,1.3973414,1.1029778,0.9995305,0.17944273,113.64364,0.8582892,2.3241789e-07,6.5623344e-06,0.009058619,7.773358e-08
959,0.063671805,0.09336783736944199,0.09308558702468872,0.0,-0.006238269,0.5582178,0.039765757,99.93607,697.6037,163.30508,2.9208457,1.7882322,0.8248507,0.9997741,0.17736526,117.4107,0.40395436,5.25758e-07,1.6720371e-07,0.009009028,2.0189685e-08
960,0.06515521,0.09450960159301758,0.09433303028345108,0.0,-0.0054828613,0.5313733,0.041167274,99.90351,399.66196,162.4361,3.0467339,2.037557,0.5691896,0.99923587,0.17688578,24.93425,0.5727577,5.1823713e-07,9.905513e-07,0.009109324,1.1473825e-08
961,0.066507876,0.09246977418661118,0.09241795539855957,0.0,-0.0059615434,0.520178,0.04529188,99.99629,594.9422,164.31595,2.9724636,1.4122213,1.1356673,0.9996975,0.18107371,72.47087,0.55270004,1.0199757e-06,4.3768222e-07,0.009131843,2.2893145e-08
962,0.06830969,0.09198308736085892,0.09166539460420609,0.0,-0.005642355,0.52329487,0.04447589,99.98305,691.8175,166.11761,2.8662286,1.6287804,0.9285207,0.9999285,0.17497061,38.517742,0.5407986,2.1372085e-07,1.6204604e-07,0.0090319775,3.8448363e-08
963,0.068347506,0.09552513062953949,0.09531726688146591,0.0,-0.005541646,0.53373104,0.0443852,99.9716,697.6511,163.92035,3.0909975,1.923001,0.7836242,0.9999297,0.18012102,116.89854,0.90365064,7.1753924e-08,2.1144353e-06,0.00923567,6.4506267e-09
964,0.06341387,0.09286296367645264,0.09284136444330215,0.0,-0.0064725135,0.5164268,0.04849485,99.89902,688.65137,165.01088,2.9750123,1.4546002,1.0562644,0.9997964,0.17534623,155.84056,0.45507628,8.923162e-07,8.3193765e-07,0.009162729,1.7673801e-07
965,0.06503473,0.09385909885168076,0.09358401596546173,0.0,-0.005503867,0.5425512,0.04206975,99.92945,697.1899,161.95235,3.027399,1.760076,0.81371,0.9997211,0.17297068,57.8745,0.7545357,8.739513e-08,3.6719436e-07,0.009147061,2.2832847e-08
966,0.066110946,0.09099636971950531,0.09094084054231644,0.0,-0.0056316317,0.5358378,0.043364838,99.76863,683.7522,166.16107,2.930811,1.6897537,0.903883,0.99994653,0.17467509,145.93887,0.39291397,4.5792355e-08,1.3417091e-06,0.009165462,4.2661863e-08
967,0.06542627,0.09201211482286453,0.09192409366369247,0.0,-0.0056203837,0.5425407,0.042429645,99.990036,693.81445,164.21567,2.9383547,1.8551654,0.75758195,0.9999658,0.17868572,61.349174,0.4733058,1.168073e-07,9.277262e-07,0.009077232,2.217922e-08
968,0.066690385,0.09236212819814682,0.09225502610206604,0.0,-0.005546165,0.52170163,0.048004616,99.98458,45.087215,156.275,2.949644,1.5222974,1.0218649,0.999727,0.18020621,80.63435,0.8247692,1.4754915e-08,3.6754741e-07,0.009163964,2.3093731e-08
969,0.06671896,0.0940527617931366,0.0939883440732956,0.0,-0.0055231825,0.51529217,0.04819938,99.99847,558.80493,164.68924,2.8900313,1.7258471,0.8484973,0.9999777,0.18111469,65.83486,0.79323554,2.9028462e-07,4.512247e-07,0.009166093,5.6108638e-09
970,0.062983535,0.09376855194568634,0.09342630207538605,0.0,-0.0065252143,0.54756534,0.04331395,99.99404,581.3757,162.7766,2.988765,1.6192873,0.9144779,0.99956673,0.1825704,117.04189,0.82326186,9.411467e-07,6.890184e-07,0.009096139,3.43047e-08
971,0.063128985,0.09193874895572662,0.09160250425338745,0.0,-0.0054783933,0.51619524,0.046465624,99.999725,697.4473,163.18423,3.0491204,1.6331062,0.94076,0.99981874,0.18035069,95.31575,0.32102355,3.11032e-07,1.0620581e-08,0.009293785,4.788545e-08
972,0.065481834,0.09469392150640488,0.09442225843667984,0.0,-0.005733979,0.542709,0.042409252,99.95539,515.5817,164.33853,2.894244,1.6254627,0.99312454,0.9997213,0.17923549,151.94266,0.4697582,3.115759e-07,3.5342018e-07,0.008983527,2.7495257e-09
973,0.065761775,0.0937056615948677,0.09359113872051239,0.0,-0.0059559653,0.5171124,0.04768431,99.854904,337.3341,163.08904,2.9604905,1.7663516,0.7749975,0.99977523,0.18363495,160.48228,0.15517336,7.815895e-07,1.0211528e-06,0.009069987,9.651394e-08
974,0.065998375,0.09341049939393997,0.09330286830663681,0.0,-0.005522973,0.5254226,0.045720354,99.98528,644.0436,165.9249,2.8989325,1.8064837,0.7891398,0.9999247,0.17992939,49.564156,0.21093197,3.0866073e-07,9.941735e-07,0.009110693,3.4501912e-08
975,0.06465896,0.09106381982564926,0.09088291972875595,0.0,-0.005578838,0.5178659,0.04435401,99.958,696.3131,165.11293,2.919451,1.5970445,0.96666646,0.9999548,0.17809851,161.98517,0.5050545,2.9239894e-07,4.8299694e-07,0.009129902,1.6437808e-08
976,0.06496963,0.09199980646371841,0.09193121641874313,0.0,-0.005528967,0.5171821,0.046974797,99.99938,477.32733,165.16974,2.9416003,1.5677611,0.9609376,0.99996877,0.177544,88.25619,0.477481,2.2654753e-07,5.033658e-07,0.009191927,1.8891324e-08
977,0.06495604,0.09204721450805664,0.09194710850715637,0.0,-0.006854904,0.5201232,0.04719143,99.98209,433.40088,165.6864,2.9373314,2.3822575,0.25355983,0.9994856,0.17751333,147.7298,0.12592089,1.0842662e-06,8.417642e-07,0.009198668,4.5507866e-07
978,0.06841532,0.09181462973356247,0.09156744927167892,0.0,-0.006307829,0.5370087,0.04541867,99.989716,697.93335,165.91283,3.0253513,1.8550291,0.66561383,0.99971896,0.17754099,189.27086,0.10445743,2.6048268e-08,9.123324e-07,0.009324424,3.828499e-08
979,0.061372895,0.0918847993016243,0.09184468537569046,0.0,-0.005542605,0.52150273,0.046345584,99.98332,699.77637,165.021,2.9570205,1.8898323,0.6903872,0.99981576,0.1766921,48.628956,0.12485133,2.2814758e-08,9.0580147e-07,0.009279862,2.246686e-08
980,0.0685453,0.09319557994604111,0.093075692653656,0.0,-0.005526567,0.5395531,0.04404266,99.942825,403.1639,162.64435,3.0421772,1.7244716,0.8915822,0.9999046,0.1761411,54.20691,0.46037564,3.539302e-08,3.0286063e-07,0.009139855,2.4780057e-08
981,0.06807967,0.08860676735639572,0.08841676265001297,0.0,-0.007093372,0.5451254,0.043123845,99.701355,694.6699,165.28467,2.868421,2.2513127,0.35782874,0.999818,0.17187646,82.105446,0.5718707,7.0480917e-07,2.71865e-07,0.009180116,8.575677e-08
982,0.065650284,0.09767303615808487,0.0973421037197113,0.0,-0.005513009,0.5407863,0.045758624,99.8648,679.64056,165.13013,3.0814054,1.7789423,0.83664584,0.9995988,0.1816621,107.65999,0.12972724,7.539205e-07,7.967388e-06,0.009170659,6.7829696e-08
983,0.069192335,0.09211044013500214,0.09197518229484558,0.0,-0.0057661375,0.5351249,0.043987665,99.9948,698.2436,163.81418,2.8644993,1.8071382,0.7082774,0.9999488,0.1803522,99.4582,0.17443724,4.2649887e-07,1.0880748e-06,0.009150017,2.486209e-08
984,0.06677863,0.0922919288277626,0.09200137108564377,0.0,-0.0067531,0.54883075,0.04290453,99.93538,691.8587,163.90674,2.9216797,2.0226657,0.5545578,0.99974513,0.17492925,131.16635,0.76505345,5.960457e-07,7.902441e-07,0.0090510845,4.1902318e-08
985,0.06475671,0.09449736028909683,0.09425600618124008,0.0,-0.005677303,0.53358036,0.044367697,99.9893,686.61615,164.31822,2.9319432,2.0843842,0.59451574,0.99963135,0.17813921,82.37114,0.7415102,1.4612227e-08,5.400005e-08,0.00895463,2.688464e-08
986,0.06452971,0.09348087012767792,0.09264039993286133,0.0,-0.005555788,0.50756425,0.043964725,99.99794,699.66943,165.64333,2.898034,1.6429178,0.9790096,0.9997717,0.17664927,189.26202,0.53089637,3.3073047e-07,1.2769311e-06,0.008986648,1.5099731e-08
987,0.06494304,0.09242931753396988,0.09205425530672073,0.0,-0.0054701855,0.5356736,0.04598988,99.99447,583.43005,162.51033,2.9616039,1.7398005,0.83694315,0.99993396,0.17871043,134.78441,0.8908647,1.5804551e-07,3.2395442e-07,0.0092685595,4.496821e-08
988,0.067709975,0.09276441484689713,0.09228318184614182,0.0,-0.0054756273,0.48292023,0.05270646,99.975945,639.1938,165.02182,2.8969455,1.9801477,0.6315706,0.9996729,0.18207768,80.86913,0.76147616,2.8093632e-08,2.7085828e-06,0.009157535,2.1842102e-07
989,0.06849722,0.09353592991828918,0.09303822368383408,0.0,-0.0056174784,0.54808235,0.045181107,99.97697,682.53064,166.97762,2.9460578,1.8682747,0.752212,0.9999566,0.178168,127.61,0.22283348,1.8011862e-07,1.0956824e-07,0.009171005,3.7323638e-08
990,0.06720064,0.0944589227437973,0.09373567998409271,0.0,-0.0055029327,0.5168254,0.041848473,99.991745,698.94867,162.49817,3.0423393,1.8135358,0.750285,0.99979246,0.18051162,172.58101,0.5467788,2.5011784e-07,4.898947e-07,0.009208137,2.364249e-08
991,0.065802574,0.09570516645908356,0.09543406218290329,0.0,-0.005722194,0.5055981,0.04742489,99.55263,556.3283,164.18257,3.0802953,1.6867634,0.9072995,0.9995525,0.18197992,127.09364,0.4337157,7.556909e-07,1.22533e-06,0.009190806,2.1583384e-07
992,0.065703206,0.09332221001386642,0.09321095049381256,0.0,-0.005585848,0.52457434,0.045047205,99.89147,670.4305,166.54524,2.9382052,2.1836264,0.4497436,0.99977577,0.18077797,79.96113,0.68273896,5.924065e-07,3.5361957e-06,0.009144863,1.2482576e-08
993,0.06504916,0.09083488583564758,0.09069152921438217,0.0,-0.0070797508,0.53362966,0.043876,99.986664,696.71796,162.73802,2.9228058,1.6212003,0.86573327,0.9999059,0.17544386,121.99982,0.6666255,2.458347e-08,9.642143e-07,0.009112628,2.3654659e-08
994,0.06464035,0.0950750857591629,0.09471956640481949,0.0,-0.0056600464,0.51448965,0.044334948,99.85886,694.14246,165.73158,2.9037483,1.5872763,1.0267073,0.9999917,0.18153225,140.20955,0.6453831,4.846691e-07,6.7156924e-07,0.009056932,3.5220843e-08
995,0.064353764,0.09089365601539612,0.09087292850017548,0.0,-0.0057711564,0.52124375,0.046781868,99.99469,694.5389,164.7119,2.9405897,1.7794964,0.7707419,0.999868,0.17375818,94.07264,0.60753,2.2084894e-09,5.1569765e-07,0.009180352,2.7288545e-09
996,0.065587066,0.09493301063776016,0.09487403184175491,0.0,-0.005535109,0.5121129,0.04805737,99.984604,538.9203,165.15941,2.950552,1.6244435,0.97074705,0.99998593,0.17973831,30.873432,0.45103574,1.054522e-07,3.9547885e-07,0.0091817565,2.0821115e-08
997,0.067615815,0.09350305050611496,0.09478648751974106,0.0,0.0884007,0.60871565,0.034846835,99.91428,699.4632,164.03601,2.972973,2.2087235,0.39935878,0.99912196,0.18486056,51.525703,0.43016827,7.596615e-08,9.847078e-07,0.008753071,1.9901291e-08
998,0.06408738,0.09333378821611404,0.09287437051534653,0.0,-0.005565411,0.49294916,0.04970364,99.995316,685.7031,166.10086,2.997492,1.9080495,0.6605932,0.99947697,0.17972785,156.02579,0.6222946,2.612441e-07,1.9945087e-06,0.009278283,1.3608036e-07
999,0.06516451,0.09218205511569977,0.0920703187584877,0.0,-0.0056829937,0.5429989,0.042609174,99.97819,690.62775,163.69252,2.9974241,1.4675845,1.0624357,0.99982977,0.1786316,58.063705,0.41076487,8.988837e-08,1.4427451e-06,0.009137776,1.6461588e-08
1000,0.065819524,0.09380510449409485,0.09371310472488403,0.0,-0.006421019,0.53653455,0.044330887,99.75929,682.8801,162.58336,2.979505,1.9061818,0.6963108,0.99321705,0.18080103,110.077614,0.20193867,1.4890999e-06,3.481012e-07,0.0091039995,4.1684537e-08
1001,0.06331183,0.09212824702262878,0.09128906577825546,0.0,-0.005557737,0.50281286,0.045603525,99.951416,654.48315,164.9602,3.0533416,1.7859799,0.7766242,0.9999713,0.17894708,176.69495,0.4579084,4.874135e-07,2.104891e-06,0.009349993,3.811899e-08
1002,0.06681917,0.09429725259542465,0.09415718168020248,0.0,-0.005703562,0.5371767,0.041850552,99.97267,603.204,162.85648,3.0257158,1.785513,0.8020251,0.9999183,0.17594323,132.32733,0.3674214,1.9566741e-07,8.966042e-07,0.00917305,1.2420388e-08
1003,0.06430041,0.0903635174036026,0.09024513512849808,0.0,-0.0055809366,0.53735274,0.0431446,99.9295,637.5206,164.77797,2.852219,1.6445732,0.9210803,0.99996614,0.17525192,128.58516,0.9122093,1.5444199e-08,1.552802e-06,0.009103674,3.473356e-08
1004,0.064907655,0.0948580801486969,0.09473896771669388,0.0,-0.0056266463,0.51635146,0.04717636,99.98792,655.7079,163.23206,2.9697602,1.7079219,0.8607542,0.99975866,0.17574619,156.74518,0.82178175,2.753766e-07,5.125365e-07,0.009223531,1.7265235e-08
1005,0.066596806,0.09153120964765549,0.0909314975142479,0.0,-0.0056116288,0.50182486,0.049441993,99.95173,73.38759,158.52737,2.947437,1.4810683,0.9614965,0.9997734,0.17556159,134.94121,0.46110243,2.2797885e-06,2.9180562e-06,0.009293112,8.6320334e-08
1006,0.06569098,0.09569739550352097,0.09553678333759308,0.0,-0.0069750934,0.5393914,0.044298474,99.75876,697.4878,164.64458,3.0395958,1.7776353,0.78595024,0.9993232,0.1788382,167.50945,0.9548437,2.5009567e-07,3.8127766e-06,0.0090746265,2.1861804e-07
1007,0.067889675,0.09372003376483917,0.09354481846094131,0.0,-0.005958965,0.5388401,0.04371936,99.94638,693.3969,162.6497,3.0127578,2.0465615,0.50677264,0.99978805,0.17905611,36.652782,0.40101752,4.2050078e-07,9.97884e-07,0.009077059,1.8642764e-08
1008,0.06521545,0.09281585365533829,0.09262485802173615,0.0,-0.0056446395,0.51102126,0.046658218,99.95335,693.33685,164.86708,2.8752818,1.4178512,1.1468039,0.9991498,0.18002982,127.65038,0.9053417,4.82722e-07,1.1353528e-07,0.009115967,1.3007154e-08
1009,0.068632625,0.09414555877447128,0.09332716464996338,0.0,-0.0054663965,0.4873898,0.050705653,99.968346,599.00726,167.54378,2.941878,1.8639666,0.6921097,0.9999096,0.17709897,134.86984,0.29342782,9.1527505e-07,1.6509792e-07,0.009239888,2.4343993e-07
1010,0.06943352,0.09144316613674164,0.09134798496961594,0.0,-0.0060020545,0.5116005,0.047367025,99.99047,426.88422,163.8097,2.9762032,1.5965695,0.9178533,0.9999123,0.17842741,87.68565,0.51979053,3.122492e-07,1.203037e-06,0.009201943,1.013322e-08
1011,0.06566921,0.09387926012277603,0.09365163743495941,0.0,-0.0055705775,0.5281485,0.043417823,99.962425,696.4354,162.90457,3.0294342,1.4550059,1.1128236,0.99983734,0.17662397,173.28082,0.29633704,4.1749843e-08,1.8789382e-07,0.009227448,1.2759526e-08
1012,0.06663182,0.09119297564029694,0.09113790094852448,0.0,-0.006433799,0.5252779,0.044429164,99.99056,651.8093,165.38954,2.9762638,1.6911238,0.9239698,0.9998321,0.17658512,83.3762,0.68150014,2.6094842e-08,8.925003e-07,0.009129138,5.1826765e-09
1013,0.06475091,0.09138643741607666,0.09132279455661774,0.0,-0.0060656923,0.5187939,0.045687113,99.9163,692.55597,164.76082,2.984901,1.3877885,1.1742599,0.9988886,0.17864464,112.75075,0.578829,3.0751258e-07,3.0461968e-06,0.0092294,3.957374e-08
1014,0.06644338,0.09283710271120071,0.09281183779239655,0.0,-0.0055061285,0.5302876,0.04492406,99.60448,662.3889,165.70474,2.9514353,1.8555331,0.7375975,0.999576,0.18081215,43.8624,0.7551615,2.57154e-06,1.4252059e-06,0.009203233,7.727195e-08
1015,0.06541306,0.09152670949697495,0.0917520746588707,0.0,-0.006468728,0.47004652,0.0456538,97.673676,688.9475,154.52316,3.0761032,3.1464145,2.1020567,0.99875075,2.4778447e-07,37.662693,0.014067305,0.006674457,1.0743872e-06,0.003219083,0.53042555
1016,0.06537254,0.09376364201307297,0.09358252584934235,0.0,-0.0058159465,0.52258974,0.04363715,99.98213,363.8067,161.85452,3.0113924,0.98119843,1.5362742,0.99983436,0.17807461,151.02315,0.29004818,7.5031615e-08,2.3043485e-07,0.009165505,3.128563e-07
1017,0.06610988,0.09381784498691559,0.09308701753616333,0.0,-0.0054557347,0.50048673,0.04853728,99.8266,691.3027,164.0802,3.0898757,1.9782747,0.58532137,0.9994287,0.17559528,96.51639,0.65901256,2.79294e-07,5.918698e-07,0.009462449,1.7904715e-07
1018,0.06655539,0.09256187826395035,0.09211909025907516,0.0,-0.00551684,0.4990527,0.04841257,99.96824,694.76263,165.70747,3.0338087,1.7712193,0.77299094,0.9998103,0.1799974,88.27299,0.5317861,2.436002e-07,1.387309e-06,0.0093075195,2.630953e-08
1019,0.06580138,0.09192085266113281,0.09126988798379898,0.0,-0.005831513,0.55895996,0.04281876,99.95503,348.49384,163.61618,2.9478827,1.4535582,0.99902564,0.9998412,0.17660499,44.732437,0.44287235,5.998256e-07,6.058463e-08,0.009175826,2.8578217e-08
1020,0.066759095,0.09393450617790222,0.09390676021575928,0.0,-0.0054693846,0.5207823,0.047225412,99.982635,699.8808,165.07538,2.9577718,1.9962674,0.61271214,0.999758,0.1798265,161.27486,0.6067622,2.2336559e-07,5.159079e-07,0.009132259,1.0481298e-08
1021,0.06482875,0.09093085676431656,0.09068720787763596,0.0,-0.005737894,0.54455125,0.04386143,99.99581,676.4877,165.31805,2.8949955,1.4978229,1.0173887,0.9996992,0.17793927,143.64279,0.32067513,5.884044e-07,3.2257728e-06,0.009234152,1.6673223e-08
1022,0.069157705,0.09078855812549591,0.09075312316417694,0.0,-0.0070121624,0.5176033,0.047136843,99.97511,696.2482,164.383,2.9703474,1.7271746,0.8520587,0.99990016,0.17461613,45.56059,0.6375033,8.45849e-08,2.619163e-07,0.009143256,2.9400818e-08
1023,0.06315489,0.09269247949123383,0.09227745234966278,0.0,-0.005859367,0.5158403,0.04604173,99.80442,515.1409,161.88882,3.0404854,2.0360558,0.6049554,0.99998635,0.18042223,116.4327,0.17822176,9.196383e-07,6.1521614e-06,0.009308605,2.7713077e-07
1024,0.065310046,0.09066172689199448,0.09053396433591843,0.0,-0.0070099374,0.5479511,0.041206583,99.90981,679.10046,166.6317,2.912883,1.7790927,0.8451955,0.99950415,0.17294398,88.561554,0.360853,4.4749345e-07,3.126852e-06,0.009204291,3.1920354e-07
1025,0.066363595,0.0884571522474289,0.0883612260222435,0.0,-0.0057714353,0.51212806,0.050060358,99.97261,688.57544,166.45428,2.9102237,1.8320769,0.77609414,0.99962765,0.1737094,133.41266,0.035306342,2.3688592e-08,1.5747889e-06,0.009319638,2.2431568e-09
1026,0.06625012,0.09417305886745453,0.09408687055110931,0.0,-0.0072128354,0.5186758,0.044663355,99.67741,441.91635,163.20816,2.9746873,1.8242638,0.73380864,0.9997821,0.1816097,114.45693,0.87565506,6.645637e-07,2.006672e-06,0.009149241,1.0441026e-07
1027,0.06668009,0.09364407509565353,0.09343841671943665,0.0,-0.0063740187,0.51972646,0.044347864,99.64782,689.25745,163.64113,3.024031,1.5506032,0.9727572,0.9999014,0.1763263,149.50212,0.18774198,2.9411538e-07,3.0182323e-07,0.0091875,5.6470104e-09
1028,0.065806456,0.09854453057050705,0.09811981767416,0.0,-0.0055409344,0.5312759,0.047173806,99.869354,698.9828,163.26027,3.147233,2.2339375,0.34003812,0.9996503,0.1840022,94.44052,0.9581524,5.7689914e-07,4.92305e-07,0.009202243,1.2238728e-08
1029,0.0655685,0.09128878265619278,0.0909854844212532,0.0,-0.0057498915,0.52331614,0.04360846,99.9414,698.50104,163.04688,3.0338054,1.9486705,0.6226413,0.9999966,0.17333636,114.46398,0.6413263,3.1483982e-11,1.3035891e-07,0.009224153,3.11412e-08
1030,0.06498838,0.0948093980550766,0.09475152939558029,0.0,-0.005895402,0.52643675,0.04490787,99.98806,462.31543,164.49704,2.961374,2.1517844,0.489864,0.9994791,0.17912947,48.17662,0.59205496,3.335551e-07,1.4560748e-06,0.009106798,2.6980416e-08
1031,0.06878388,0.09365860372781754,0.09339779615402222,0.0,-0.0055481745,0.51400805,0.05086735,99.36453,690.71136,166.20642,2.8735352,1.0465013,1.5706031,0.9994164,0.17991526,151.99628,0.9685232,1.1842392e-06,7.67103e-06,0.009153245,2.2558781e-07
1032,0.0678249,0.09298771619796753,0.09292759746313095,0.0,-0.0056932475,0.5383049,0.042582236,99.949684,696.7946,166.10007,2.9171398,1.7943003,0.7928916,0.99999994,0.17495875,117.34672,0.85774446,1.561765e-07,8.552894e-07,0.009160998,4.0190432e-08
1033,0.06662405,0.09389909356832504,0.09379927068948746,0.0,-0.0055078794,0.52796626,0.046042614,99.97463,419.40326,165.12498,2.9589508,1.8460851,0.730789,0.9998061,0.17824893,45.804897,0.8925178,1.820643e-07,1.2301134e-06,0.009256746,1.0052296e-07
1034,0.06735034,0.09321195632219315,0.09207500517368317,0.0,-0.007300262,0.5514109,0.04328275,91.63307,445.20575,157.77325,2.643432,2.8774137,0.032090552,0.9701392,0.009134363,49.228683,0.011027211,9.293642e-06,3.983167e-06,0.1709102,4.07475e-05
1035,0.06738727,0.0913587287068367,0.09127659350633621,0.0,-0.005818387,0.5043792,0.05064531,99.97191,692.3096,165.63002,2.9096367,1.6317568,0.98402643,0.9999894,0.17706655,111.53565,0.32895583,1.6083354e-07,8.863977e-07,0.009200637,3.3481925e-08
1036,0.063878484,0.09031248092651367,0.08998165279626846,0.0,-0.0055348543,0.52174073,0.04515053,99.98663,697.64386,161.67834,2.9016068,1.8184571,0.68959135,0.9999948,0.1789071,179.94252,0.5588508,2.005015e-07,7.366028e-07,0.0091151,3.5051202e-09
1037,0.06747176,0.09063828736543655,0.0898691713809967,0.0,-0.007218299,0.54143393,0.038467363,99.299446,662.0558,163.90625,2.8079386,2.1492906,0.08350906,0.9955567,0.009015767,48.62414,0.010405645,7.989783e-06,1.1437568e-06,0.17168821,7.61509e-06
1038,0.068523355,0.09115251898765564,0.09003651142120361,0.0,-0.005476084,0.551527,0.04551621,99.99193,451.58017,161.94972,2.9789248,1.5737814,0.911852,0.99985987,0.17466272,162.37413,0.08951897,3.2475324e-08,4.166574e-07,0.009373547,3.037167e-08
1039,0.065346465,0.09301076829433441,0.09265696257352829,0.0,-0.005548787,0.4894277,0.051093705,99.99235,457.3006,163.3981,2.9359815,1.6911442,0.8622359,0.9999136,0.18328683,48.94703,0.13458815,1.8029222e-07,1.1673992e-06,0.009270301,2.2469713e-08
1040,0.064068004,0.0900772362947464,0.08976995199918747,0.0,-0.0068578236,0.54089916,0.045713507,99.89443,610.4921,165.62396,2.8603172,1.5629275,0.9551066,0.9999027,0.17421643,67.191925,0.6860232,1.9334207e-07,3.6868767e-07,0.009193417,5.6395764e-09
1041,0.06425819,0.09563502669334412,0.09543538093566895,0.0,-0.005602075,0.52051634,0.04507621,99.9117,431.09927,162.85019,3.0161612,1.8155997,0.7172969,0.99970734,0.18254994,136.45721,0.7280027,1.396013e-06,2.7523138e-06,0.009274754,4.636842e-08
1042,0.06570578,0.09274401515722275,0.09269393980503082,0.0,-0.005530809,0.5289189,0.04313864,99.84608,687.851,164.8781,2.936508,1.9535354,0.6377946,0.999619,0.17718098,103.585175,0.54248863,2.9782232e-08,2.4694378e-07,0.009180724,6.492024e-09
1043,0.06458201,0.09172559529542923,0.09168586134910583,0.0,-0.0056486735,0.5291339,0.045508087,99.99986,697.9837,164.69786,2.925103,1.7459217,0.79677117,0.9998158,0.17886065,91.2646,0.41456082,4.9286957e-08,3.4830595e-07,0.009141679,4.3693436e-09
1044,0.06840594,0.09405083954334259,0.09401968121528625,0.0,-0.0054563833,0.5170882,0.047323,99.99877,656.8237,164.87697,2.9592092,1.6540632,0.91987425,0.99997807,0.18115038,32.524044,0.6326636,1.1052719e-08,5.83316e-08,0.009197512,1.3095709e-09
1045,0.06752006,0.08768143504858017,0.08736442774534225,0.0,-0.0057512936,0.52088743,0.045909014,99.89649,682.3771,165.12276,2.9636202,1.6795917,0.7922561,0.9997389,0.17196164,30.227402,0.7590253,6.546416e-07,1.192606e-06,0.009465696,2.9723836e-08
1046,0.064945996,0.09494209289550781,0.09481227397918701,0.0,-0.0057202196,0.5051982,0.049108874,99.994225,441.84256,163.53719,2.9834704,1.7554436,0.8616767,0.9997964,0.17835395,173.55498,0.8845846,2.7778594e-07,2.5143166e-07,0.009172998,1.6288524e-08
1047,0.06716434,0.09268609434366226,0.09257535636425018,0.0,-0.0055049015,0.5387717,0.043952804,99.98521,698.6588,163.87158,3.0294304,1.7718375,0.7721279,0.9999127,0.17548762,150.95013,0.32021868,1.383581e-07,8.8747936e-07,0.009194108,2.1530672e-08
1048,0.06627381,0.0961611345410347,0.09609507769346237,0.0,-0.0054867016,0.5249207,0.046592865,99.932816,356.2761,162.51964,3.0175235,1.6132996,0.91771764,0.9999948,0.18075578,109.88188,0.5773449,1.444378e-07,6.021408e-07,0.009148373,2.0754152e-08
1049,0.066912994,0.09064734727144241,0.09054748713970184,0.0,-0.0056226794,0.511695,0.046998743,99.98219,683.7819,164.32274,2.9413838,1.4937847,1.0227516,0.9998165,0.17759985,100.67289,0.72225684,1.2478142e-07,1.1591557e-07,0.009187712,8.704925e-09
1050,0.06768766,0.0931660607457161,0.09264406561851501,0.0,-0.0058434657,0.560245,0.04147282,99.90023,663.18726,163.79391,2.891475,1.8806376,0.6480968,0.99963844,0.17858998,52.793633,0.50559,2.9787978e-07,9.4932994e-07,0.00911707,3.79773e-08
1051,0.06656317,0.09178438037633896,0.09174881875514984,0.0,-0.0057837088,0.5160741,0.048207164,99.99485,691.2362,165.66896,2.9562051,1.8303689,0.68577856,0.9999942,0.17334592,198.25372,0.3168017,1.7284601e-07,2.3343077e-06,0.009173789,4.2896648e-08
1052,0.06716528,0.09184548258781433,0.09160507470369339,0.0,-0.0059522656,0.53968215,0.04329744,99.99914,685.5852,165.58142,2.8794303,1.5097262,1.0652437,0.9997393,0.173824,21.498089,0.34706023,6.533677e-08,1.6590329e-09,0.009025603,3.4117104e-08
1053,0.067038864,0.09026511013507843,0.08928745985031128,0.0,-0.005530652,0.5437123,0.047883935,99.990486,699.95197,167.219,2.8077424,1.7348455,0.8202907,0.9999818,0.17433646,87.49702,0.66495526,1.2363519e-07,1.7726485e-07,0.009417117,2.3712609e-08
1054,0.06389154,0.09215641021728516,0.0916108712553978,0.0,-0.0067633614,0.5517437,0.044849396,99.78634,659.65094,165.33173,2.9463048,1.6262264,0.8694334,0.9997184,0.17247836,83.46346,0.99947417,1.697031e-07,6.6106185e-07,0.0092713535,7.1471153e-09
1055,0.0670802,0.0913781225681305,0.09133037179708481,0.0,-0.005653004,0.5233161,0.04478891,99.981834,696.44025,165.74289,2.9044423,2.0907567,0.49076968,0.9999251,0.17286894,69.39301,0.85788935,4.0457353e-06,8.545414e-07,0.009207114,7.3156414e-08
1056,0.06504253,0.09395236521959305,0.09562476724386215,0.0,0.08532055,0.6270261,0.032609325,99.910484,690.13666,164.03882,2.8808997,1.911961,0.73808855,0.99939555,0.18124723,82.54296,0.6055491,3.9232168e-07,6.574369e-07,0.008590393,8.137186e-08
1057,0.06517499,0.09275370091199875,0.092485211789608,0.0,-0.0064768614,0.5145389,0.046361513,99.96239,435.68143,165.45575,2.9642665,1.9347883,0.6884081,0.99985826,0.17755237,165.37372,0.7115692,1.8897434e-06,1.3987348e-07,0.009080607,9.0424635e-08
1058,0.06587168,0.09398884326219559,0.0938822403550148,0.0,-0.005690205,0.5426845,0.041832954,99.976715,409.0432,162.60773,2.9410844,0.8776986,1.6272378,0.99950486,0.1793343,77.95471,0.39943114,5.562389e-07,3.0003416e-06,0.009057429,6.227665e-08
1059,0.06455509,0.09378338605165482,0.09371306002140045,0.0,-0.0055543287,0.5201213,0.04571215,99.869095,563.5682,163.29926,2.9936795,1.6611372,0.9510153,0.99990857,0.17643656,96.35398,0.49830952,1.527601e-06,2.324921e-07,0.009191395,1.5572137e-07
1060,0.06678704,0.09307494759559631,0.09299762547016144,0.0,-0.005621073,0.52447355,0.04546629,99.98915,693.6226,165.85672,3.043596,1.9063213,0.81851286,0.999575,0.17804328,167.178,0.46052712,2.3496327e-07,1.2210516e-07,0.00913359,4.1086377e-08
1061,0.0677281,0.09194860607385635,0.09193558245897293,0.0,-0.0055221966,0.5265753,0.04606105,99.961754,613.40186,164.94768,2.9682348,1.7889005,0.82533354,0.99996763,0.17608114,76.48006,0.70704615,2.1739208e-07,5.9005276e-07,0.009182306,3.395104e-08
1062,0.06316503,0.09336719661951065,0.09329920262098312,0.0,-0.0054627624,0.5375772,0.04466046,99.94846,696.63135,165.61462,2.961407,1.6225164,0.924571,0.99961704,0.17513494,189.97638,0.6236285,3.2537085e-07,5.515427e-07,0.00920224,3.467057e-08
1063,0.06640565,0.09275983273983002,0.09435632824897766,0.0,0.08489246,0.6176894,0.033415236,99.94501,698.3261,162.37202,2.9098442,1.5234215,1.0420929,0.9999252,0.17863461,151.26729,0.49381536,1.8283455e-07,1.5052653e-06,0.008610161,3.355843e-08
1064,0.06642306,0.09133248031139374,0.09112478047609329,0.0,-0.0069082696,0.5427111,0.040073715,99.8789,693.53296,163.71727,2.8760116,1.5389835,1.0279202,0.99941725,0.17562477,30.963278,0.9720905,1.182938e-06,5.6770386e-07,0.008990171,1.0909154e-07
1065,0.064492255,0.09327634423971176,0.09320738166570663,0.0,-0.005523191,0.52156705,0.04569904,99.984566,692.5097,164.68243,2.9712367,1.6854296,0.84492975,0.9997123,0.17614023,161.14001,0.84160966,2.4142045e-07,8.7736214e-07,0.009076386,3.9673147e-08
1066,0.0676569,0.09519883990287781,0.09485825896263123,0.0,-0.005571206,0.5497588,0.04192555,99.918015,699.2509,162.53043,3.116021,2.1479127,0.50298053,0.99991554,0.17836347,117.90978,0.6694512,4.4870401e-07,9.923514e-07,0.009111407,2.2790614e-08
1067,0.06529651,0.09245986491441727,0.09241113066673279,0.0,-0.0065202615,0.5245226,0.046222523,99.93633,458.99896,163.53223,2.9195406,1.5507076,0.94912124,0.99992543,0.1776562,72.460526,0.54560214,2.199625e-07,2.3717933e-08,0.009113528,8.747735e-09
1068,0.06673868,0.09398940205574036,0.09376239776611328,0.0,-0.0056683403,0.49012417,0.05501973,99.95076,674.23145,166.09586,2.9560363,1.4901583,1.0860394,0.99994695,0.18028955,50.99274,0.5105641,1.292034e-06,1.1182775e-06,0.009384963,4.2211234e-08
1069,0.06600748,0.09269393980503082,0.09257376939058304,0.0,-0.005785397,0.53600454,0.042257328,99.987236,698.2733,163.95241,2.983891,1.5561744,1.0226339,0.9998265,0.17941062,64.216736,0.18701288,5.496791e-07,1.5771908e-06,0.00924112,1.3659168e-08
1070,0.064956576,0.09338048845529556,0.09294282644987106,0.0,-0.0055589145,0.51495653,0.04738224,99.78295,121.02445,157.89433,2.9741735,1.9883633,0.6273183,0.99744946,0.17489089,131.3025,0.71152866,1.1194692e-06,6.460664e-06,0.009278704,8.968525e-08
1071,0.06731415,0.09615027159452438,0.09562470763921738,0.0,-0.0058037047,0.56085324,0.0382949,99.83039,699.334,163.44244,2.910935,1.5372593,1.0760945,0.9997804,0.1777293,180.70807,0.34419096,5.7957425e-07,7.637682e-08,0.008837122,3.894903e-08
1072,0.066047594,0.0936679020524025,0.09319249540567398,0.0,-0.0066813068,0.51189154,0.045244344,99.2474,452.46768,163.2928,2.8854697,0.9268236,1.7557541,0.99775285,0.17655097,167.25844,0.43001398,1.279802e-05,1.0128445e-06,0.008966766,5.006924e-08
1073,0.067964606,0.09215830266475677,0.09196387976408005,0.0,-0.0057218876,0.54077625,0.043971203,99.99097,692.5725,166.1926,2.842394,1.5355402,1.0201632,0.9999697,0.17446415,150.41019,0.7201973,1.9521956e-08,1.4700938e-06,0.009170281,4.3288686e-08
1074,0.068942025,0.09032758325338364,0.09010826796293259,0.0,-0.005954963,0.51832074,0.045757215,99.990776,695.93536,163.4631,2.831387,1.3429513,1.1314814,0.9999242,0.17269053,81.1324,0.24573264,8.6484755e-07,5.1626176e-07,0.009203873,1.762016e-08
1075,0.065228514,0.09161393344402313,0.09145581722259521,0.0,-0.006199258,0.54681116,0.04266698,99.98706,663.2653,164.00917,3.015868,1.7044232,0.8731317,0.99999666,0.17350294,145.678,0.14025824,3.216768e-07,5.0005404e-08,0.0091821775,2.4759581e-08
1076,0.063757814,0.08989827334880829,0.0897616446018219,0.0,-0.0057660677,0.5138184,0.048572563,99.86441,678.0927,166.31187,2.8675191,1.5058323,0.9638631,0.9999825,0.1747926,134.04977,0.04656922,6.2034445e-08,1.1302858e-06,0.009188846,1.1979495e-07
1077,0.06480082,0.09227393567562103,0.092240110039711,0.0,-0.005810232,0.5320174,0.04486349,99.967224,692.6089,164.92989,2.9339838,1.6882987,0.9196011,0.99944556,0.17660587,135.38039,0.4435,3.5889892e-07,3.048365e-07,0.009102047,3.489319e-08
1078,0.06412845,0.09302417188882828,0.09292948991060257,0.0,-0.005910428,0.53490615,0.044245888,99.90567,679.09686,165.5945,2.8784735,1.4058493,1.1321932,0.99999887,0.17618403,161.04042,0.35026357,4.461789e-07,8.0425616e-07,0.009127322,1.934009e-09
1079,0.06594954,0.09362038224935532,0.09311649203300476,0.0,-0.007338764,0.5244645,0.041808337,99.87221,693.9899,166.82285,2.878364,1.666456,0.94617987,0.999976,0.18047227,176.70831,0.46052912,3.640492e-08,5.176359e-07,0.009026857,1.0070528e-07
1080,0.06363585,0.09226297587156296,0.09332047402858734,0.0,-0.0059999134,0.47646037,0.04576274,99.40834,691.42786,156.545,3.120183,3.0741951,19.570961,0.99874324,2.7713769e-08,37.664356,0.013781214,0.0066687097,1.5905262e-07,0.00017358776,0.7251699
1081,0.065582015,0.09338060766458511,0.09330113232135773,0.0,-0.005795499,0.5270457,0.044368483,99.79729,435.08087,165.19484,2.9400775,1.6053097,0.9441631,0.9999679,0.17570005,163.19519,0.40445754,5.412413e-07,4.0940654e-07,0.009172553,3.952661e-08
1082,0.0651692,0.09347990155220032,0.09336104989051819,0.0,-0.005467558,0.5260231,0.043994386,99.98459,391.14792,162.28194,3.0102751,1.6508945,0.88732207,0.9999979,0.1783345,134.02579,0.45662376,1.785787e-08,1.5905896e-07,0.009177947,1.3074757e-09
1083,0.064314924,0.09130345284938812,0.09111612290143967,0.0,-0.0056949453,0.5453563,0.043329477,99.99972,697.5932,165.32623,3.0099056,1.7081276,0.86801994,0.9997803,0.17445177,108.62566,0.41411418,8.492146e-08,7.437789e-07,0.009266853,6.0448566e-09
1084,0.066256456,0.0890938863158226,0.08884349465370178,0.0,-0.0064194635,0.49801925,0.05072987,99.9604,279.65924,162.79497,2.9587004,1.0351126,1.4631633,0.99996626,0.17525437,150.40758,0.2629433,4.152795e-07,2.16296e-06,0.009258134,2.477498e-07
1085,0.064689234,0.09310052543878555,0.09292175620794296,0.0,-0.0062570525,0.525579,0.04591952,99.630684,75.25369,153.19286,3.0186517,2.242068,0.24723057,0.99981385,0.17929761,27.146679,0.57942855,7.8545256e-08,1.2182884e-06,0.009249178,8.319498e-09
1086,0.067821145,0.0918898954987526,0.09165789186954498,0.0,-0.0069629424,0.54199153,0.04448393,99.935585,686.44946,163.81584,3.0083659,1.5919482,0.9440649,0.999647,0.17788285,141.07109,0.1410136,1.0791609e-06,7.677628e-07,0.009214677,1.16805225e-07
1087,0.06536231,0.09706977754831314,0.0968012884259224,0.0,-0.0054641403,0.5566421,0.04105233,99.987305,674.8464,163.31665,3.082144,1.8722979,0.7986549,0.9982103,0.17910236,62.56396,0.6814041,9.221085e-07,2.7975377e-06,0.009017325,8.4630734e-08
1088,0.066367865,0.09297668933868408,0.09275827556848526,0.0,-0.0054741804,0.5336414,0.046892047,99.912926,396.40048,163.34293,3.003383,1.5640702,0.98696315,0.9999947,0.18116558,196.96013,0.07274285,6.871373e-07,5.9055793e-07,0.009236429,2.2598367e-07
1089,0.06621959,0.09187639504671097,0.0917384922504425,0.0,-0.0073876693,0.5349845,0.043676354,99.99144,682.7471,165.67798,2.8884377,1.9441652,0.6202639,0.99943686,0.17784971,67.018585,0.4124378,3.3979214e-07,6.6983915e-07,0.009068349,4.102942e-08
1090,0.065253444,0.09042880684137344,0.09023046493530273,0.0,-0.005483343,0.5087576,0.048791792,99.814606,698.858,166.42131,2.87002,1.8504632,0.70734185,0.9995133,0.17666632,21.260492,0.52071005,6.6517714e-08,1.11329456e-07,0.009168484,9.138919e-09
1091,0.06525678,0.0943872332572937,0.09407716989517212,0.0,-0.005480471,0.5590956,0.040777214,99.93031,632.7617,163.84177,3.021446,1.4528021,1.1647338,0.99967474,0.17901818,132.72064,0.20843573,1.8771331e-06,5.185138e-06,0.009167029,1.1524231e-07
1092,0.06579228,0.09362533688545227,0.09350443631410599,0.0,-0.0056718807,0.522426,0.04520447,99.87722,43.069756,155.41695,3.0084026,1.6055651,0.8507799,0.99998707,0.17883454,130.2548,0.5470317,1.2101488e-06,1.9874587e-06,0.009145935,3.5515725e-08
1093,0.06501206,0.0895012840628624,0.08838502317667007,0.0,-0.006799425,0.53328204,0.03473917,99.719376,647.8822,164.75316,2.8723366,2.4309208,0.026985414,0.99992555,0.009076387,46.289543,0.013924871,1.0774013e-06,4.574925e-07,0.16888805,3.7430946e-06
1094,0.06622126,0.08786115050315857,0.0877242311835289,0.0,-0.0072350632,0.5306781,0.045303844,99.95303,438.2214,163.79109,2.8399727,1.1841758,1.2970725,0.9999389,0.17331982,85.884636,0.8144285,4.926226e-07,9.98005e-07,0.009162498,1.8639096e-08
1095,0.06761038,0.09260603040456772,0.09241518378257751,0.0,-0.00547739,0.5139741,0.045957796,99.85333,360.68884,162.05585,2.8491473,1.6359158,0.8942375,0.9996292,0.18109481,120.82654,0.4672847,6.1757095e-07,1.8127633e-07,0.009210296,3.6336566e-08
1096,0.06641137,0.09513536095619202,0.09501224756240845,0.0,-0.0055632046,0.5183612,0.04602575,99.92662,383.17026,162.32999,2.9532444,2.1806755,0.3125196,0.99995303,0.18177974,89.14534,0.45651755,3.0094424e-07,2.5752126e-06,0.009242095,3.493745e-08
1097,0.06730169,0.09394454956054688,0.09391899406909943,0.0,-0.00554196,0.53116685,0.045147512,99.9971,686.57806,164.6956,3.0250087,1.9012285,0.6896102,0.9997819,0.17755891,68.23805,0.87236595,3.9127792e-07,5.723148e-06,0.009104778,2.5608646e-08
1098,0.06622305,0.09557554870843887,0.09541945904493332,0.0,-0.0061370176,0.54114974,0.041025516,99.90544,614.9833,164.27562,3.0177436,1.7578995,0.80585533,0.999858,0.18185288,57.962456,0.4463768,1.9157766e-07,1.2782305e-06,0.008949344,3.5215093e-09
1099,0.06656283,0.09209102392196655,0.09199223667383194,0.0,-0.0074567846,0.5479977,0.041068964,99.95612,699.4652,165.03235,2.9971972,1.7360234,0.88872933,0.9999352,0.17390111,68.34249,0.27328107,1.0085213e-07,4.4563095e-07,0.009067651,4.72172e-08
1100,0.07028795,0.0960690826177597,0.09689049422740936,0.0,-0.0056011844,0.46536925,0.04835755,98.79926,657.6939,156.2642,2.9943686,3.22277,0.003113104,0.9997777,7.661537e-05,36.839172,0.013503846,0.006697321,1.2624471e-07,0.18228038,0.0020534743
1101,0.06617677,0.09399139881134033,0.09355519711971283,0.0,-0.005717299,0.5684031,0.03887223,99.899704,695.4431,163.21275,3.0116441,1.6903603,0.9380914,0.99986494,0.1786921,122.57113,0.40449435,1.5545538e-07,1.8101735e-08,0.009004967,2.7459038e-08
1102,0.06680756,0.09324978291988373,0.0947900265455246,0.0,-0.0072813667,0.44989908,0.048664622,97.44463,463.05957,152.9363,3.0154057,3.1140182,0.17506066,0.9944195,2.274158e-06,37.164227,0.013625762,0.006694386,5.7953384e-06,0.016368253,0.854053
1103,0.064571634,0.09249301254749298,0.09358867257833481,0.0,-0.007457557,0.42146054,0.059812553,95.61836,647.65466,149.22784,3.0668416,2.1464653,0.0040587164,0.99379367,0.00012778968,36.20871,0.013243327,0.0066837985,5.933756e-07,0.6667703,0.033071753
1104,0.06537651,0.08860116451978683,0.08845479041337967,0.0,-0.0070675462,0.53029764,0.047313947,99.99934,697.55945,165.05281,2.9066668,1.7727451,0.78909063,0.9999892,0.17278877,88.54077,0.42139444,3.0221494e-07,5.8095903e-08,0.009254795,6.61951e-08
1105,0.06618959,0.09316893666982651,0.09173567593097687,0.0,-0.006351194,0.51667076,0.038682364,97.9056,660.0006,161.02168,2.8409324,2.7155023,0.030869009,0.9887163,0.00852154,48.125065,0.012890839,2.7381562e-05,6.4624004e-07,0.18978053,3.395889e-05
1106,0.06540975,0.09262417256832123,0.09246819466352463,0.0,-0.0060129543,0.5467076,0.041253086,99.97371,696.95544,163.46202,3.079502,1.7385986,0.87845856,0.99995697,0.17534445,105.009415,0.245665,3.834283e-08,8.803469e-08,0.009125978,2.086642e-08
1107,0.07002696,0.0961080938577652,0.09606879204511642,0.0,-0.0059379083,0.5149572,0.048012268,99.95581,595.80365,164.51877,2.9261556,1.8237017,0.86362666,0.99976075,0.17774026,192.38647,0.7026131,1.0533995e-06,5.5265546e-06,0.009250868,1.963764e-08
1108,0.06528882,0.09347251057624817,0.09312277287244797,0.0,-0.0066500455,0.5441245,0.04317434,99.75687,699.0545,161.63658,3.0136395,1.5942054,0.910404,0.99819356,0.18108031,157.37492,0.37855992,1.163216e-06,6.939798e-06,0.009120469,2.3255744e-08
1109,0.06797089,0.09003563225269318,0.08998315781354904,0.0,-0.007039105,0.53782654,0.041305542,99.9631,698.4705,164.44981,2.95164,1.5879898,0.926895,0.9997302,0.17526662,108.5492,0.40528765,5.905642e-07,1.7471905e-07,0.009083423,1.9018412e-08
1110,0.068518035,0.08879200369119644,0.08876432478427887,0.0,-0.007168455,0.52013594,0.047672927,99.90329,692.1642,165.17178,2.9141016,1.4256902,1.1673807,0.99959815,0.17283778,173.78908,0.4653461,7.809421e-07,5.417079e-08,0.009229645,3.8939508e-08
1111,0.065076515,0.09289465844631195,0.0928267240524292,0.0,-0.0054966304,0.51920664,0.046261113,99.67815,690.28314,163.34724,2.8998394,1.7844137,0.65106577,0.99921346,0.17734072,148.65671,0.9626377,5.3071705e-07,3.847791e-07,0.009204261,1.0569621e-08
1112,0.06651122,0.09498592466115952,0.09486933052539825,0.0,-0.0056829527,0.5024568,0.049401846,99.89453,677.8579,164.44627,2.992386,1.8870996,0.7473128,0.999709,0.18072256,95.95146,0.4741202,8.472451e-07,2.5859973e-07,0.00912557,1.2059448e-07
1113,0.06568616,0.09568724781274796,0.0947452262043953,0.0,-0.005512252,0.49638614,0.047422003,99.997856,576.4217,164.48737,3.0902696,1.8902938,0.7597548,0.999728,0.18033974,138.65419,0.32414478,2.583476e-07,6.679261e-07,0.009423389,4.451768e-08
1114,0.06481185,0.09361093491315842,0.09354162216186523,0.0,-0.0072432566,0.50910056,0.04740251,99.77892,113.98233,156.0551,2.9233007,2.0586073,0.35342488,0.99928623,0.17722018,40.423183,0.21920408,7.9563875e-07,5.3233883e-08,0.009318977,6.349688e-08
1115,0.06640353,0.0921361893415451,0.0920441597700119,0.0,-0.0056577763,0.5310934,0.04537484,99.947014,526.49426,163.40013,2.910691,1.6833948,0.88038623,0.9999606,0.17445853,83.07406,0.27470633,1.0456918e-08,3.8479133e-08,0.009103865,9.758665e-10
1116,0.063839965,0.09338326752185822,0.09315670281648636,0.0,-0.005574532,0.48376438,0.055009894,99.976906,495.45367,163.78569,2.9712265,1.7336426,0.8055839,0.9996995,0.17784208,56.60165,0.307443,2.8809103e-07,1.2737945e-06,0.009305398,1.8692626e-08
1117,0.06487681,0.09391704201698303,0.09372849762439728,0.0,-0.005930039,0.5383995,0.042262923,99.967,688.74646,166.54317,2.8909554,1.6823866,0.8389998,0.99994195,0.1786058,112.93828,0.4310343,4.5462922e-08,1.6457055e-06,0.009064866,3.6328036e-08
1118,0.06282467,0.09070112556219101,0.09063246101140976,0.0,-0.0055500576,0.5369011,0.04452366,99.978,699.1998,165.8071,2.9722152,1.8465021,0.71060383,0.9999952,0.17219684,167.16312,0.6438876,1.9493933e-07,1.1939375e-06,0.009255679,1.3639685e-09
1119,0.066000104,0.09197565913200378,0.09176955372095108,0.0,-0.005513276,0.52118605,0.047661155,99.9142,691.82056,166.04263,2.9979823,1.6489786,0.8968389,0.99968934,0.17774409,107.107506,0.7113144,2.4009375e-07,1.9402754e-07,0.009394344,2.6859189e-08
1120,0.06737419,0.09248913824558258,0.09232118725776672,0.0,-0.005488562,0.5378564,0.043573804,99.96725,600.585,162.77412,3.0606623,1.6504703,0.9493091,0.9998626,0.17915913,84.81173,0.16877152,9.276377e-08,4.986388e-07,0.009150686,1.24572725e-08
1121,0.065176986,0.09230535477399826,0.09221232682466507,0.0,-0.005490056,0.53314346,0.04563443,99.99334,419.4096,163.9033,3.0193467,1.6892205,0.88766515,0.9999629,0.17599304,70.96396,0.75376993,1.5835809e-07,1.8357551e-07,0.009236982,1.2379901e-08
1122,0.06354138,0.09286856651306152,0.0942850112915039,0.0,0.008500102,0.4558235,0.05035338,98.09879,694.2683,154.08379,3.0576522,3.1380372,0.0035373785,0.9971291,4.6446935e-06,37.854378,0.013656818,0.0065913834,2.0958572e-07,0.5053656,0.1276084
1123,0.06608782,0.09082639217376709,0.09024960547685623,0.0,-0.0056324755,0.5467461,0.046346422,99.81192,690.32306,165.5413,2.936346,1.5006021,0.9970374,0.9999775,0.17239214,24.259975,0.7532283,8.3564504e-07,3.7586208e-06,0.009269548,5.936469e-08
1124,0.0643524,0.09115269780158997,0.09110800921916962,0.0,-0.0056759426,0.5131386,0.04875406,99.98017,688.59576,164.98729,2.9516165,1.91411,0.7054159,0.9998287,0.17607377,59.72388,0.2042082,4.907042e-07,9.453612e-08,0.009271881,4.0321375e-08
1125,0.06524232,0.09326447546482086,0.09309955686330795,0.0,-0.005518211,0.5171716,0.04928744,99.993034,680.5599,165.81459,3.0459177,1.8216832,0.7714355,0.999895,0.17961043,155.58173,0.6250415,4.083397e-08,8.30785e-07,0.0093012415,2.8936634e-08
1126,0.06662655,0.0933489054441452,0.09323202818632126,0.0,-0.0054615815,0.5153369,0.045896318,99.98247,648.6269,164.55962,2.9598904,1.7996312,0.78253794,0.999973,0.17938508,195.09767,0.26894906,2.8739166e-08,1.568265e-07,0.009168138,1.34811575e-08
1127,0.066702925,0.09022625535726547,0.09010644257068634,0.0,-0.00563093,0.55226946,0.040676434,99.821144,634.535,163.61267,3.011256,1.8811442,0.70607966,0.9995414,0.17296833,99.050735,0.3337681,3.2581581e-06,6.9242424e-06,0.009169556,3.3384634e-07
1128,0.065898255,0.09491204470396042,0.09480327367782593,0.0,-0.005516024,0.50571114,0.051362902,99.84292,665.42786,165.93329,2.9912636,1.72314,0.92491955,0.9996731,0.18217075,198.72202,0.11449803,5.1923667e-08,1.371434e-06,0.009246449,1.6937611e-07
1129,0.06679506,0.09132131934165955,0.09095068275928497,0.0,-0.0058179176,0.54360604,0.045137785,99.8994,686.4093,165.3329,3.0071507,1.6934047,0.854881,0.99963284,0.17926537,152.8534,0.40092117,1.0064517e-07,9.845014e-07,0.009291738,1.3979183e-08
1130,0.065410584,0.09250463545322418,0.09231983870267868,0.0,-0.00556467,0.49637994,0.051840555,99.80105,357.6267,164.07472,2.943812,1.5265402,1.011347,0.9997295,0.18115938,66.2253,0.56263113,1.4301878e-06,1.079968e-06,0.009286434,8.164578e-09
1131,0.06849202,0.0905594751238823,0.09038171917200089,0.0,-0.00561527,0.50231445,0.04957927,99.97921,561.3731,165.40141,2.9222736,1.547897,0.961689,0.99962425,0.17863081,180.56631,0.35789993,4.0082032e-08,1.1333863e-06,0.009334834,3.3089826e-08
1132,0.06689919,0.09516135603189468,0.09437902271747589,0.0,-0.0062218006,0.50130814,0.045236293,99.87689,694.43976,162.21646,2.9308815,1.9414173,0.59866834,0.99996406,0.18365361,155.57944,0.45713905,1.1420207e-06,2.994957e-07,0.009081037,5.6337015e-09
1133,0.06593918,0.09150312840938568,0.09128840267658234,0.0,-0.006867156,0.5347149,0.04272775,99.97133,699.0642,165.56367,2.8694448,1.755121,0.82871026,0.9998684,0.17687362,148.43924,0.9938436,1.6241863e-07,2.5228837e-06,0.009006023,2.6804383e-08
1134,0.06841082,0.0929933413863182,0.09293282777070999,0.0,-0.0063823173,0.53884417,0.041950166,99.8871,488.58514,164.36266,2.925766,1.4274305,1.1415402,0.99984974,0.17645891,146.4606,0.563713,1.0711378e-06,2.1987216e-06,0.009088189,2.5047333e-08
1135,0.06447392,0.09329641610383987,0.09319322556257248,0.0,-0.005733513,0.523756,0.047527727,99.92207,428.06772,162.807,2.9727056,1.6474196,0.86949766,0.9999979,0.18172288,61.713863,0.41700083,2.5436916e-07,4.0881267e-07,0.0090688495,2.932362e-08
1136,0.06595277,0.0918782576918602,0.0915842279791832,0.0,-0.005998023,0.52946824,0.046097536,99.95027,548.6759,165.81497,2.8686714,1.7438877,0.85415787,0.9997999,0.18056938,77.525,0.50206023,4.867319e-07,1.0937576e-06,0.009043884,2.8877519e-08
1137,0.06910716,0.09264368563890457,0.09244426339864731,0.0,-0.0055785854,0.5047908,0.04936439,99.96392,481.36896,164.86688,3.0542629,1.8646386,0.65329474,0.9989813,0.1797905,165.18246,0.75932163,2.4149364e-07,2.1561234e-06,0.009276318,5.70439e-09
1138,0.06350578,0.09243720769882202,0.09228292107582092,0.0,-0.0055660396,0.50992036,0.048563283,99.9999,422.33804,162.33002,2.913882,1.5827043,0.9559379,0.99978435,0.17746708,159.47481,0.51084924,7.8021245e-08,1.14534636e-07,0.009236482,1.1938297e-08
1139,0.066337235,0.09045826643705368,0.09028151631355286,0.0,-0.0065839244,0.54372907,0.041636385,99.981026,696.7967,167.04158,2.9526289,1.8764265,0.77196175,0.99962705,0.1776638,59.126083,0.90433884,4.2503547e-09,5.551336e-08,0.009116806,2.7777995e-08
1140,0.06738283,0.09575112909078598,0.09561379998922348,0.0,-0.00624875,0.5443182,0.04158086,99.99975,698.2608,164.43495,3.0026786,1.7296274,0.9143379,0.9999529,0.18059959,137.85329,0.31083187,1.4946353e-07,2.15551e-07,0.008987238,8.261848e-09
1141,0.06783868,0.09383054822683334,0.09377575665712357,0.0,-0.005514378,0.52000195,0.04884229,99.986046,698.8011,164.43176,2.9952111,1.6242431,0.9411299,0.99994403,0.17659204,64.99552,0.6678709,1.6834036e-07,7.051145e-08,0.009199214,8.728482e-09
1142,0.06748991,0.09223464131355286,0.0918126031756401,0.0,-0.005662121,0.5441668,0.04547487,99.710754,693.70526,167.56407,2.9318283,1.5885353,1.0333501,0.9990032,0.17262465,150.3916,0.9330171,5.969362e-07,9.505934e-07,0.009225976,3.3900957e-08
1143,0.064647004,0.09523386508226395,0.09524824470281601,0.0,-0.0056274203,0.54271626,0.039436795,98.91541,61.34332,153.66927,3.00761,0.6273146,1.9223497,0.9999242,0.1805863,23.36286,0.49138182,2.7729309e-06,2.9945058e-06,0.009000951,3.1795332e-07
1144,0.067780554,0.0926830992102623,0.09255442023277283,0.0,-0.005854632,0.52459604,0.046484455,99.736824,694.04285,166.06206,2.8561633,1.6572424,0.8919949,0.9965759,0.17921363,89.3865,0.39189577,2.3104901e-06,1.0601332e-06,0.009142477,2.5217128e-07
1145,0.06889429,0.09156731516122818,0.09131269156932831,0.0,-0.005919973,0.52364784,0.042847287,99.98896,674.4411,163.3369,3.0109432,1.6138413,0.94289845,0.9996985,0.17539085,69.25816,0.9132171,7.266105e-07,9.314105e-07,0.009173478,2.128309e-08
1146,0.06201339,0.09122596681118011,0.09108070284128189,0.0,-0.006432057,0.5439239,0.043297987,99.78584,684.2612,165.30984,2.919039,1.6950725,0.873726,0.99979514,0.17267571,82.30092,0.3185252,5.3890954e-08,4.6053535e-07,0.009148067,2.8163427e-09
1147,0.067094296,0.0936722680926323,0.09325455129146576,0.0,-0.005561813,0.5177891,0.046267115,99.924515,676.4565,163.19243,3.1112542,1.5348506,1.002141,0.9995136,0.17803286,68.50485,0.50581414,9.941595e-09,1.6626257e-06,0.009330874,3.4353487e-08
1148,0.06770878,0.09377273172140121,0.09351801127195358,0.0,-0.005745746,0.5162384,0.045517705,99.89519,694.4402,165.23228,2.968153,1.677613,0.9521518,0.9998943,0.17523994,130.97829,0.9424794,3.773487e-07,2.615057e-06,0.009034441,1.557085e-07
1149,0.06657025,0.09196136146783829,0.09187044203281403,0.0,-0.005502569,0.529584,0.04583276,99.96606,670.2277,166.30309,2.8977332,1.8032362,0.76247233,0.9996658,0.17909893,24.760662,0.2831993,9.551297e-07,5.7856766e-07,0.009199562,2.9366698e-08
1150,0.06753538,0.08796226233243942,0.08781278133392334,0.0,-0.006981638,0.53547806,0.04545717,99.96227,698.4831,166.40146,2.884092,1.7495457,0.8001236,0.9999097,0.17112164,60.491528,0.5117901,1.474166e-07,7.629143e-07,0.009271269,4.5144688e-08
1151,0.06703214,0.09257502853870392,0.09252316504716873,0.0,-0.005600327,0.5093972,0.05058806,99.68172,696.13354,165.337,2.9428442,1.8131067,0.74408114,0.99929816,0.17740156,130.47269,0.5741595,7.0901694e-07,1.5799534e-06,0.009164454,4.561822e-08
1152,0.06726912,0.09508119523525238,0.09495509415864944,0.0,-0.0055818697,0.54387075,0.040258903,99.95686,697.63116,162.98355,3.011997,1.7406088,0.8655793,0.9996358,0.17900085,55.58868,0.8891765,5.8118985e-07,8.125448e-08,0.0090439245,1.8603009e-08
1153,0.067502454,0.09185000509023666,0.09163430333137512,0.0,-0.0070531527,0.5253643,0.0429459,99.81087,696.7682,162.44714,2.937239,1.4479723,0.9865242,0.99974227,0.17754216,197.6997,0.55238366,2.0712524e-07,3.9519108e-07,0.009071843,4.6906524e-07
1154,0.066797666,0.09228891134262085,0.09222381561994553,0.0,-0.0059786695,0.54696316,0.039428324,99.97394,696.8427,164.09496,2.9910724,1.6661737,0.9209845,0.99993527,0.17680612,121.53589,0.51315016,3.631297e-07,9.81358e-07,0.009129173,1.4242662e-08
1155,0.06632134,0.09179700165987015,0.09164641797542572,0.0,-0.0055336687,0.50718635,0.049302068,99.901535,320.05255,161.6042,2.9517267,1.6941254,0.8222637,0.9998075,0.17320248,29.638636,0.6559703,3.5532165e-07,6.1069622e-06,0.009245479,3.1731386e-08
1156,0.06776944,0.09402832388877869,0.09328322857618332,0.0,-0.0072541623,0.551624,0.04111858,99.914276,447.1559,163.14844,2.9118733,1.9134086,0.7026976,0.9997591,0.17401926,40.747494,0.59709656,6.1089486e-07,1.5240553e-07,0.008806298,8.897148e-08
1157,0.06953497,0.09222498536109924,0.09213389456272125,0.0,-0.0063459715,0.52899534,0.044975094,99.93867,523.1108,163.40201,2.960541,1.7608541,0.7616156,0.9989837,0.17773946,127.25677,0.7807763,7.4471444e-07,2.8237946e-06,0.009284872,1.3187234e-08
1158,0.06638553,0.0936492532491684,0.09316224604845047,0.0,-0.0055665355,0.5307178,0.045303445,99.99607,697.01764,163.03847,3.023931,1.3682364,1.1301264,0.9999551,0.17835958,144.18416,0.31255203,1.9450418e-07,1.1210165e-06,0.00937753,1.1487332e-09
1159,0.06657725,0.09244107455015182,0.09235271066427231,0.0,-0.0056495955,0.51435786,0.046538822,99.99787,524.16833,164.38109,2.972901,2.0557017,0.5296995,0.9999441,0.17671396,67.41129,0.45076892,2.5407635e-07,1.03123e-06,0.00919893,2.7237418e-08
1160,0.06413242,0.09159684181213379,0.09152571856975555,0.0,-0.005564916,0.5264676,0.043998603,99.95427,699.2854,164.29898,2.9686198,1.3767072,1.1664201,0.9999506,0.17546012,136.60385,0.17153883,3.4038135e-07,7.8106183e-07,0.0090878,2.6549156e-09
1161,0.06553163,0.093345046043396,0.09330123662948608,0.0,-0.0059242914,0.5442541,0.040819008,99.80715,694.8825,165.33319,2.9534867,1.749641,0.8371618,0.9995182,0.17553379,66.59771,0.49484038,7.741722e-07,9.197293e-08,0.009130959,4.361132e-08
1162,0.06957546,0.09376896917819977,0.09353900700807571,0.0,-0.0060644257,0.53393495,0.045289643,99.870834,687.6143,162.48822,3.0308175,1.9462823,0.648778,0.99925345,0.17605625,76.28175,0.72500265,2.2592405e-06,6.666113e-06,0.009189338,2.3670913e-07
1163,0.06562791,0.09198986738920212,0.09173174947500229,0.0,-0.0074216845,0.5650919,0.03764543,99.9393,433.8522,162.26598,3.0123124,1.7136441,0.84553283,0.9999267,0.17320235,115.16764,0.71554637,2.0708332e-07,1.888505e-06,0.00899889,2.351053e-08
1164,0.066160955,0.09697982668876648,0.09688849002122879,0.0,-0.0067696297,0.51464176,0.0460357,99.491974,621.042,163.33272,2.9305036,1.7199392,0.88547575,0.9997301,0.18178247,53.69203,0.9582353,3.1481534e-06,8.817705e-06,0.009087381,2.1359904e-07
1165,0.06498449,0.09228719025850296,0.09220103919506073,0.0,-0.0060064015,0.5377104,0.043437704,99.9829,680.739,164.48535,2.901611,1.9609997,0.6233459,0.99998856,0.1758051,91.4559,0.43207785,1.08272495e-07,9.910978e-08,0.009101738,1.4951358e-09
1166,0.06667911,0.09546852111816406,0.09519188851118088,0.0,-0.005510687,0.5110857,0.04546369,99.98291,690.5833,164.6464,3.0089266,1.9777377,0.6063872,0.9997073,0.18046434,29.80532,0.734689,6.894559e-07,2.9307869e-06,0.009196709,4.241317e-08
1167,0.067065395,0.09239530563354492,0.09223920106887817,0.0,-0.005718743,0.5212719,0.046207156,99.799324,698.90295,166.87334,2.9037027,1.2777826,1.20079,0.9998204,0.18081817,180.38606,0.67549956,2.8332323e-07,5.803169e-06,0.009160527,4.012358e-07
1168,0.066622615,0.0918792188167572,0.09159495681524277,0.0,-0.005658932,0.5255585,0.04957915,99.77899,696.0765,165.51582,2.9170427,1.47017,1.0205232,0.9985782,0.17529722,162.96349,0.43107557,4.4559968e-07,4.698916e-06,0.009293559,3.62548e-08
1169,0.06380957,0.0946807786822319,0.09453564882278442,0.0,-0.0057982136,0.53565043,0.043020796,99.9738,695.6529,165.45125,2.9212952,1.7732232,0.7784869,0.99984115,0.18076728,82.37205,0.8648812,8.0043054e-07,1.152081e-06,0.009009196,1.5668675e-07
1170,0.06525639,0.09273853898048401,0.09268254786729813,0.0,-0.0056815264,0.52295524,0.04448999,99.942795,696.88763,164.7633,2.9578726,2.0004387,0.5993473,0.99975306,0.17939825,136.94186,0.87870336,3.785164e-07,6.558417e-07,0.009183349,2.3507665e-08
1171,0.06620516,0.09283863753080368,0.0925614982843399,0.0,-0.0056506717,0.52160096,0.046006054,99.98296,372.77756,162.44609,3.057712,1.1988859,1.2423438,0.9999701,0.17874736,119.53414,0.55133724,4.255729e-07,1.6519259e-07,0.009351611,6.1550676e-09
1172,0.06586745,0.09086011350154877,0.09079612046480179,0.0,-0.005707355,0.5213903,0.046466373,99.64191,691.8828,165.13246,3.0278716,1.5082307,1.1170185,0.9991924,0.17685859,88.35089,0.6961654,9.188603e-08,6.573591e-07,0.009231541,3.5121497e-09
1173,0.06528811,0.09290631115436554,0.0923314020037651,0.0,-0.0058044917,0.48585263,0.05280139,99.98432,684.4445,167.47696,2.891288,2.0763583,0.5285325,0.999999,0.1785487,89.66389,0.026680235,5.005146e-07,4.0409566e-07,0.0091872495,3.1354276e-08
1174,0.06565538,0.09013912826776505,0.08978453278541565,0.0,-0.0065985313,0.5501658,0.043635126,99.91173,699.86,163.59656,2.9967306,1.7836163,0.75749815,0.9997559,0.17433177,99.699425,0.07623841,2.3935536e-07,9.423799e-08,0.009167749,7.3530565e-08
1175,0.06594855,0.09420427680015564,0.09357905387878418,0.0,-0.005665828,0.5509163,0.04401222,99.94606,698.64954,166.25043,2.8916438,1.7738036,0.8751747,0.9999332,0.18097347,199.52841,0.5258975,3.9476923e-08,1.0483302e-06,0.009041917,7.962186e-09
1176,0.066894576,0.09414614737033844,0.09402201324701309,0.0,-0.005808706,0.541058,0.043200392,99.97452,533.2162,165.11176,2.9184713,1.7921296,0.805457,0.9998942,0.17696722,170.48245,0.57659566,8.945835e-07,1.5687803e-07,0.00906954,2.4738718e-08
1177,0.06568197,0.0903489738702774,0.08984782546758652,0.0,-0.0056069423,0.48355782,0.05436286,99.94449,699.10785,165.74129,2.755436,1.3999639,1.1140822,0.9999248,0.17758633,131.66127,0.5216984,6.922427e-07,1.1274891e-06,0.009202451,6.4288166e-09
1178,0.06606026,0.09250755608081818,0.0922996997833252,0.0,-0.0060329423,0.52714795,0.048404373,99.8414,495.97342,162.68044,3.0355484,2.0329678,0.49399555,0.9988784,0.17855029,24.661596,0.18933372,1.4269173e-06,7.678756e-07,0.009194525,7.005242e-08
1179,0.06828842,0.09079725295305252,0.090664803981781,0.0,-0.006027365,0.5293798,0.045701295,99.9472,696.9656,164.53326,2.9837606,1.7209979,0.8507197,0.9999523,0.17500289,69.76823,0.7291364,2.0502667e-07,2.0058755e-07,0.009322591,8.766663e-08
1180,0.06273405,0.09177906066179276,0.09172225743532181,0.0,-0.005642133,0.5256239,0.046689503,99.98094,689.6224,165.97878,2.89848,1.7252626,0.75037205,0.9993896,0.17550457,121.798645,0.57051283,8.36679e-08,6.6857285e-07,0.009216778,9.936627e-08
1181,0.06865092,0.09125272184610367,0.09115831553936005,0.0,-0.0067345933,0.5280943,0.045305822,99.98645,535.1574,166.215,2.9867473,2.27336,0.220406,0.99969125,0.17969882,44.10802,0.7065637,2.2214763e-07,3.9939123e-06,0.009240043,1.378283e-07
1182,0.064759925,0.09254705160856247,0.09230170398950577,0.0,-0.005787149,0.5550421,0.041528508,99.95771,696.13824,165.85622,2.972514,1.7208921,0.9036162,0.9997072,0.1751378,111.17682,0.28764096,9.4268785e-08,5.610783e-07,0.009230846,2.5228134e-08
1183,0.066696,0.09142699092626572,0.09110219776630402,0.0,-0.0056629404,0.50431806,0.053100217,99.891785,697.5722,165.40164,2.9993367,2.0124495,0.5625045,0.99963415,0.17532189,153.2411,0.26372427,1.2136783e-06,3.4203836e-07,0.009463291,4.281485e-09
1184,0.06717612,0.0934896469116211,0.09316425025463104,0.0,-0.005470345,0.5139766,0.047295623,99.99909,699.0758,167.61794,2.934017,1.8310872,0.78238004,0.9999889,0.1771187,170.43266,0.26956826,3.8605492e-08,9.072782e-08,0.009134554,9.253363e-09
1185,0.06892407,0.09249955415725708,0.09184152632951736,0.0,-0.006128589,0.50120765,0.046375357,99.98004,697.42505,166.521,2.8623846,1.7371737,0.8659813,0.9999492,0.18043028,118.99409,0.96536165,3.3398865e-07,7.8799104e-08,0.009096696,2.0528819e-09
1186,0.06769388,0.0931316390633583,0.09297909587621689,0.0,-0.005600895,0.52285147,0.04482369,99.97583,471.35226,163.87599,3.036803,1.8530402,0.71188307,0.999751,0.17790851,199.69118,0.5041002,1.7123659e-08,3.597854e-07,0.009272288,2.5811344e-09
1187,0.06669739,0.09402517974376678,0.09357938170433044,0.0,-0.006204304,0.52559304,0.04550283,88.15333,389.29315,150.95491,2.7400413,3.1528215,0.0025535722,0.99752015,0.0090001635,51.28085,0.024847604,1.9408144e-05,5.1623783e-06,0.17064396,2.0740752e-05
1188,0.06593459,0.0941954255104065,0.09517116099596024,0.0,-0.005940488,0.45699143,0.05270006,99.9559,695.9648,156.80946,3.0800862,3.055857,0.00088396727,0.9972689,2.3829964e-06,36.970154,0.013892703,0.0068033016,7.540583e-08,0.64000314,0.028016837
1189,0.068178944,0.0882163941860199,0.08803054690361023,0.0,-0.005726785,0.5387791,0.04380076,99.99639,693.7264,165.05562,2.9193537,1.6893063,0.8534766,0.99998116,0.1742562,118.02375,0.43785226,1.2485334e-07,1.4718296e-07,0.009364635,1.5886307e-08
1190,0.06384667,0.09329234063625336,0.09253542870283127,0.0,-0.007459415,0.5621811,0.03853503,99.887054,566.62823,164.37909,2.8730145,1.2884957,1.2736642,0.99981844,0.17321153,127.08807,0.7298452,3.4052857e-07,1.0750882e-06,0.0088403635,3.7100047e-08
1191,0.062771946,0.09180131554603577,0.09171292185783386,0.0,-0.005674441,0.53075147,0.0433808,99.94068,696.5083,165.3735,2.882034,1.4260175,1.2061425,0.9997589,0.1737291,82.54178,0.50676906,7.213522e-08,4.2090753e-07,0.0091198,4.0380595e-08
1192,0.066661924,0.09156672656536102,0.09121695160865784,0.0,-0.0072788857,0.5344995,0.04598163,99.94428,495.3226,163.0578,2.8683805,1.7918535,0.790202,0.99996185,0.1759251,60.74529,0.029216915,5.016553e-07,2.7815854e-06,0.009021389,1.4941588e-08
1193,0.06524071,0.09562323987483978,0.09543880075216293,0.0,-0.006647886,0.54249215,0.042714275,99.816826,688.61774,162.56715,3.0592995,1.7256354,0.85767746,0.99989706,0.1764641,47.920612,0.54309106,1.2472449e-06,6.6357603e-07,0.009127338,1.4589157e-08
1194,0.06703956,0.08935488760471344,0.08896332234144211,0.0,-0.0067003397,0.5495439,0.043370042,99.961395,698.1037,164.50555,2.8268983,1.621605,0.8847255,0.9997841,0.17446569,101.446846,0.120665684,2.1359885e-07,2.547712e-06,0.00918317,1.4981941e-07
1195,0.06662731,0.09329516440629959,0.09308089315891266,0.0,-0.005550393,0.4889591,0.053829826,99.99707,387.58417,164.32462,2.97252,2.0054736,0.6248991,0.99920315,0.17849948,57.13501,0.82989794,3.7395932e-07,3.468612e-06,0.009290905,5.8923426e-08
1196,0.06854758,0.09093739837408066,0.09087283909320831,0.0,-0.007415732,0.5397001,0.042545136,99.996574,670.1416,165.56975,2.9178984,1.5885509,0.93349653,0.9999643,0.17653231,122.304016,0.40905616,5.3541324e-08,6.7266814e-07,0.009123586,1.4815134e-08
1197,0.06249334,0.08964753895998001,0.08956918865442276,0.0,-0.0064753536,0.53341764,0.044936392,99.98647,695.2222,166.13327,2.9264996,1.7869582,0.7847067,0.99955577,0.17683646,128.6693,0.30534282,3.7808275e-07,2.3576904e-07,0.009202231,3.3355054e-08
1198,0.065832384,0.08998199552297592,0.09084364771842957,0.0,-0.005471435,0.48441604,0.04781225,99.761765,693.8852,157.25726,3.019551,3.2568052,31.152452,0.9998829,8.249402e-08,36.669693,0.013637989,0.0067274533,4.0133887e-08,2.2451954e-05,0.4316978
1199,0.06568686,0.09228437393903732,0.0918511375784874,0.0,-0.005551962,0.5286955,0.047064003,99.96271,610.38324,163.3993,2.9946632,1.3971735,1.1145865,0.9998943,0.17395718,129.8385,0.1691885,1.4838494e-07,6.62944e-07,0.0094071785,1.062459e-08
1200,0.06699946,0.09273282438516617,0.0924672931432724,0.0,-0.005596153,0.52824706,0.045785457,99.94175,691.07916,166.34355,2.9771447,1.6740452,0.9806702,0.9998003,0.17761813,111.717125,0.7634158,2.0995873e-08,1.4516801e-06,0.009012715,3.817982e-08
1201,0.06743552,0.09479299932718277,0.09448526799678802,0.0,-0.005510136,0.494489,0.05043746,99.91791,554.7845,165.48119,2.9667003,1.8699578,0.75747687,0.9997655,0.18157816,124.13316,0.19728424,8.208536e-07,1.7150154e-06,0.009149811,3.5809418e-08
1202,0.06667749,0.09380454570055008,0.09330086410045624,0.0,-0.0056228796,0.5325706,0.049443617,99.991684,538.17596,164.65459,2.98311,1.5797768,0.94761294,0.99986273,0.17832232,178.9755,0.52714866,3.213395e-07,3.1247754e-07,0.009304874,9.188182e-09
1203,0.06553582,0.09041085839271545,0.09023560583591461,0.0,-0.005644692,0.5246341,0.04450201,99.99846,694.7855,167.32137,2.8897746,1.7120355,0.9378522,0.9996547,0.17226082,153.96732,0.43039078,7.7563595e-07,1.3377224e-08,0.009265025,3.7379486e-08
1204,0.064553015,0.08809265494346619,0.08792150765657425,0.0,-0.0057502897,0.5174881,0.049168892,99.95092,696.7662,166.05653,2.8024013,1.681048,0.82408863,0.9999375,0.1739716,48.40544,0.28582215,3.6559888e-07,7.796863e-08,0.0093164155,1.1885447e-08
1205,0.06642891,0.0926622524857521,0.09240735322237015,0.0,-0.006844893,0.54668224,0.042753417,99.83821,690.0751,163.27408,2.907079,1.9359338,0.6890737,0.9994119,0.17414743,67.10809,0.2948917,1.1675351e-07,9.539956e-07,0.009009283,2.0521567e-07
1206,0.064587,0.08910249918699265,0.0888444259762764,0.0,-0.0074860035,0.52215016,0.046646126,99.98729,466.0155,166.14557,2.8716712,1.860574,0.7057979,0.9998319,0.17141724,160.89824,0.34191027,1.2119685e-07,3.6421167e-08,0.009148667,3.2227728e-08
1207,0.06579804,0.09216555953025818,0.09203796088695526,0.0,-0.0057516866,0.5232674,0.04784777,99.81431,657.05945,163.35036,2.983808,1.9168077,0.6577039,0.9996199,0.17465092,42.188198,0.64247066,1.2322217e-06,4.5154172e-07,0.009266529,1.565725e-08
1208,0.06680119,0.08964121341705322,0.08956529945135117,0.0,-0.007040445,0.5278681,0.04408038,99.981514,699.57196,164.15338,2.967789,1.0813385,1.4004177,0.9999467,0.17265855,120.06819,0.8811183,4.2224695e-08,1.2913456e-06,0.009232314,3.0754956e-09
1209,0.06721554,0.09510488063097,0.0948447585105896,0.0,-0.005462507,0.4981436,0.049781565,99.99759,695.0413,165.57631,3.0047581,1.8903006,0.6983056,0.9998332,0.18420322,25.65929,0.612496,2.1351747e-07,2.88044e-07,0.009177661,1.2835386e-08
1210,0.06655747,0.0926244929432869,0.09256021678447723,0.0,-0.0058168685,0.5166594,0.048052806,99.93483,393.03458,164.4874,2.9737048,1.6703886,0.92866087,0.9996908,0.17800502,151.38058,0.5214209,8.231168e-07,7.709732e-08,0.009198115,1.6831745e-08
1211,0.06791501,0.09187500178813934,0.0917394608259201,0.0,-0.005500781,0.5600263,0.037429523,99.99833,698.0379,163.38315,2.9596465,1.6118554,0.93739116,0.999921,0.17535439,96.72011,0.806806,1.6663898e-07,7.8380594e-07,0.00907211,1.5843485e-08
1212,0.06504129,0.09169572591781616,0.0916607528924942,0.0,-0.0056012296,0.5172335,0.047084887,99.977646,620.1111,164.41525,2.9221878,1.8687946,0.7787447,0.99957377,0.17927785,42.214867,0.96820325,1.542204e-07,1.1521547e-06,0.009143159,6.2635768e-09
1213,0.06734928,0.09470921754837036,0.0945417657494545,0.0,-0.006524092,0.5363658,0.044107854,99.99688,601.31384,162.8304,2.9464455,1.7574533,0.8518036,0.999037,0.17917238,160.46571,0.3664279,3.7907884e-07,2.1302921e-07,0.0089949835,2.4266527e-08
1214,0.06492407,0.09248781949281693,0.09240294992923737,0.0,-0.0057237046,0.53164107,0.044527814,99.98775,699.2762,165.82413,3.0522058,1.8540212,0.74172366,0.9997388,0.1761297,40.522057,0.2706964,2.7255876e-07,6.7693753e-07,0.009190411,4.398238e-08
1215,0.06620868,0.09026618301868439,0.09015891700983047,0.0,-0.0061956556,0.52479583,0.045237806,99.82456,679.65955,166.2499,2.900254,2.0806057,0.46440408,0.9994378,0.17519893,124.78586,0.651806,1.401678e-07,1.47021e-06,0.009360516,8.5505995e-08
1216,0.067255855,0.09459211677312851,0.09444695711135864,0.0,-0.006048384,0.5375064,0.04295201,99.84188,697.86554,162.66113,2.954538,1.6603243,0.81160754,0.99969923,0.17971952,114.217285,0.8916254,2.1202425e-08,5.9035557e-07,0.009095825,4.1365354e-08
1217,0.067028776,0.09124142676591873,0.09113133698701859,0.0,-0.0055803144,0.53272146,0.041734133,99.98478,686.93097,165.8769,2.9722726,1.5599986,1.0008079,0.9996094,0.17956841,41.925884,0.81563085,1.1988756e-06,4.6713052e-07,0.009259055,1.0910402e-07
1218,0.06751077,0.09421224892139435,0.09404873847961426,0.0,-0.0055010524,0.53615516,0.045164697,99.9805,695.9689,163.6,3.0408916,1.7208397,0.8737528,0.9986293,0.17361328,42.44414,0.5329953,9.0342115e-07,1.1413351e-06,0.00919689,1.3300424e-07
1219,0.065319695,0.09327439963817596,0.09287885576486588,0.0,-0.005845509,0.5633364,0.038799655,99.99648,696.6915,162.33179,2.977012,1.4005907,1.1681132,0.99991065,0.17509705,106.6113,0.1290305,4.2200955e-07,4.4285713e-07,0.00906903,1.746989e-07
1220,0.06423631,0.09241051226854324,0.09224867820739746,0.0,-0.0058659846,0.5137718,0.045343086,99.981674,623.1482,164.53156,2.971562,1.6413914,0.89090997,0.9989881,0.18150215,128.5434,0.67918134,2.8315077e-07,1.4018245e-06,0.009140103,2.5761514e-07
1221,0.0670922,0.09228979051113129,0.09215790033340454,0.0,-0.005479117,0.53198916,0.044027776,99.959915,697.6784,164.36757,3.0764604,1.7066228,0.85259116,0.99994856,0.17912093,44.11893,0.9091927,4.7855902e-08,1.0199233e-06,0.009232934,1.5555386e-08
1222,0.0652686,0.09357088059186935,0.09309268742799759,0.0,-0.005602141,0.50642556,0.04650752,99.97073,373.34906,161.96576,2.9824631,1.5929732,0.9688855,0.9997157,0.17684244,25.553791,0.4737727,9.787314e-08,2.1717767e-07,0.009328004,1.3260785e-08
1223,0.065980695,0.09466619044542313,0.09437993168830872,0.0,-0.005456884,0.5340923,0.04575123,99.96043,696.8195,163.7193,3.0830536,1.722835,0.86532795,0.9999969,0.18085273,104.8865,0.69673604,3.2902857e-08,2.0619498e-07,0.009244533,4.315914e-08
1224,0.066039264,0.09502388536930084,0.0946803018450737,0.0,-0.005633061,0.50317293,0.047729105,99.953636,357.17184,161.403,3.0105367,2.4232385,0.18351543,0.9996286,0.17809376,73.44958,0.7531077,3.9078527e-06,3.2177654e-06,0.009245273,1.0840392e-07
1225,0.0661869,0.09414517134428024,0.0958448052406311,0.0,0.08589923,0.6333746,0.033832226,99.93565,695.9363,162.66034,2.8887649,1.2142881,1.397369,0.9998717,0.1789014,105.28376,0.6135447,9.2244385e-08,2.315657e-06,0.008658966,3.525914e-08
1226,0.06733404,0.09463491290807724,0.09435654431581497,0.0,-0.005549567,0.53101367,0.040505093,99.99012,472.9881,164.41548,3.0088203,1.790201,0.82106054,0.9998386,0.1775306,132.8817,0.5748322,3.1580183e-07,1.1616243e-06,0.009041889,4.922168e-08
1227,0.0664443,0.09286763519048691,0.09271208941936493,0.0,-0.006479888,0.5302546,0.043525077,99.94164,692.7216,166.07924,2.9224868,1.7996763,0.79807734,0.99969506,0.17819071,90.46023,0.4606241,2.9045378e-07,1.8839918e-06,0.00905749,1.14123075e-07
1228,0.06596504,0.08834376931190491,0.08806759119033813,0.0,-0.006840837,0.5287584,0.04688345,99.76971,687.0362,166.34764,2.8562381,1.4094002,1.1039643,0.9995044,0.17587869,143.93335,0.12977664,2.6527605e-06,8.116163e-07,0.009074576,8.270236e-08
1229,0.06792278,0.09469912946224213,0.0943354070186615,0.0,-0.0054626334,0.52106375,0.04513174,99.97923,699.9805,162.30495,3.1358697,1.8740363,0.7501488,0.99973285,0.17837147,79.53968,0.570307,4.3576325e-08,3.6565814e-07,0.009153932,1.673503e-08
1230,0.06564635,0.09297403693199158,0.09294845163822174,0.0,-0.005599877,0.5207937,0.046727803,99.940704,691.95264,165.62503,2.9287653,1.8534275,0.8050486,0.999592,0.17810516,101.05858,0.19151066,4.2293524e-07,6.6799237e-07,0.009182433,4.3793513e-08
1231,0.06519122,0.09459257125854492,0.09424393624067307,0.0,-0.0054669124,0.5275915,0.047584616,99.956665,495.82666,162.84814,3.1030326,1.8132478,0.76323783,0.99997455,0.17884889,47.661465,0.15951414,9.154879e-08,3.8243394e-07,0.009290657,1.9870196e-08
1232,0.066140376,0.09376794099807739,0.09367777407169342,0.0,-0.006447444,0.5426732,0.041485664,99.99564,698.4035,163.4268,3.034185,1.7930609,0.8061493,0.99997985,0.1757148,192.27818,0.25602698,7.115971e-08,4.6875353e-08,0.009081731,2.2289134e-08
1233,0.06687169,0.09304633736610413,0.09224552661180496,0.0,-0.005787024,0.4690957,0.054861445,99.92192,654.2305,166.03473,2.9160166,1.798065,0.7913544,0.9999516,0.18176126,124.34353,0.42701945,1.5242069e-06,5.916208e-06,0.009275568,5.55122e-10
1234,0.064682804,0.09233848750591278,0.09208529442548752,0.0,-0.0060577616,0.5473244,0.042242058,99.78859,683.93726,164.77058,2.928202,1.650875,0.93714774,0.999985,0.17621788,153.4858,0.7361667,1.3175044e-06,1.4386379e-05,0.008956915,5.970065e-08
1235,0.06552481,0.08931165933609009,0.08904695510864258,0.0,-0.005455584,0.5226055,0.04623363,99.97414,697.5467,164.60373,3.0166976,1.7227004,0.8136109,0.99987304,0.1708857,136.76428,0.75646967,3.6212876e-07,3.7597005e-08,0.009410274,2.1010951e-08
1236,0.06980905,0.09119929373264313,0.09007899463176727,0.0,-0.0075042997,0.56009096,0.044334155,99.99857,699.5653,163.43776,2.867889,1.6727324,0.88827544,0.99993175,0.1746964,78.07632,0.56838304,4.492423e-08,2.4095032e-06,0.009123106,1.8570903e-08
1237,0.067590706,0.09106045961380005,0.09049277007579803,0.0,-0.0065712654,0.5488792,0.04468999,99.9307,690.4214,165.08354,3.0048635,1.7284148,0.7858615,0.99992377,0.17303316,22.863625,0.8459958,7.709521e-08,2.3973251e-07,0.009367796,9.935788e-08
1238,0.06586964,0.0953858494758606,0.09533900767564774,0.0,-0.005651576,0.51729065,0.048479497,99.997696,671.4035,163.86372,3.0277543,1.6618203,0.9198695,0.99986106,0.18213044,52.656082,0.79487866,1.2176876e-07,1.5804575e-06,0.009140608,1.208955e-07
1239,0.066591874,0.09331336617469788,0.09302902221679688,0.0,-0.0057036025,0.54778373,0.043936983,99.96294,694.77216,165.89973,2.988159,1.8219463,0.8306496,0.99967605,0.1790803,48.09084,0.60435915,3.010533e-08,1.2294703e-06,0.009221941,1.2591289e-07
1240,0.06550941,0.09165216982364655,0.09151409566402435,0.0,-0.0058761425,0.5321767,0.041134834,99.85949,697.70746,165.618,2.936431,1.2424074,1.2931545,0.9998171,0.17293437,66.38736,0.83076906,5.4356207e-07,8.4641374e-07,0.009170024,1.2117836e-07
1241,0.06424895,0.09269174933433533,0.09237350523471832,0.0,-0.0056284918,0.53143823,0.04446157,99.931946,618.6625,167.83063,2.8967328,1.8303132,0.74650717,0.9996226,0.1773999,153.2641,0.8478319,1.2739856e-07,1.3295121e-06,0.009128387,1.1038766e-08
1242,0.06525883,0.09135636687278748,0.09094353765249252,0.0,-0.0055892672,0.5334873,0.043839168,99.879105,696.25635,164.582,3.080032,1.7997193,0.80247766,0.9991665,0.17661208,40.23026,0.8955164,5.276474e-07,1.954644e-07,0.00940167,8.1964735e-08
1243,0.06525192,0.095108762383461,0.09484656155109406,0.0,-0.005678668,0.5563966,0.040148962,99.91785,417.13678,163.65717,3.1214223,1.5134631,1.0343556,0.9996133,0.1747908,133.06992,0.7289554,1.1998712e-07,7.16084e-08,0.009140326,4.738933e-09
1244,0.06721709,0.09196633100509644,0.09157655388116837,0.0,-0.005688298,0.500745,0.050507046,99.888016,351.6961,161.76265,3.0097325,1.8247865,0.7295123,0.999864,0.17680833,88.2795,0.37959027,2.0502092e-07,8.160312e-07,0.009387188,1.0324058e-08
1245,0.065167,0.09212218225002289,0.0913303941488266,0.0,-0.007485374,0.53821725,0.047284186,99.96345,677.4499,165.24832,2.7985566,1.4476514,1.1190177,0.9995992,0.17941572,56.568306,0.1394447,3.583306e-08,8.6935125e-07,0.009011699,2.7235181e-08
1246,0.06442309,0.09438789635896683,0.09434837847948074,0.0,-0.0062431567,0.528452,0.046174426,99.99585,694.6683,165.6227,2.9849303,1.714019,0.8903932,0.99971324,0.17670493,70.4743,0.36486343,6.3139225e-07,4.9095056e-06,0.009139112,1.0959394e-07
1247,0.06565885,0.09154266864061356,0.09120681136846542,0.0,-0.007267665,0.5577918,0.04137966,99.957756,651.237,164.70949,2.929399,1.5436364,1.0496937,0.99998546,0.17501602,56.834465,0.8576294,1.794573e-07,6.1408264e-07,0.009138289,4.0963798e-08
1248,0.06406497,0.09509700536727905,0.09485862404108047,0.0,-0.005517644,0.5152368,0.04555639,99.978134,699.91174,163.94173,2.9437442,1.8373152,0.8135975,0.9996553,0.18003373,175.29802,0.9335486,5.231217e-09,5.892772e-07,0.008996789,1.0836042e-08
1249,0.06832236,0.08989860117435455,0.08945786952972412,0.0,-0.0074631274,0.5530745,0.04019324,99.99273,699.1424,165.4865,2.83579,1.5438664,0.988896,0.99988455,0.17328303,118.780655,0.77246785,2.782496e-07,8.1767745e-08,0.00897626,1.8246835e-08
1250,0.06790057,0.09281336516141891,0.09253189712762833,0.0,-0.0065261587,0.5308292,0.041959796,99.6162,606.80646,161.31432,2.9722168,1.4749826,1.0835345,0.999796,0.1767481,177.45195,0.14755628,7.590252e-07,8.4548077e-07,0.009054667,4.5809305e-08
1251,0.067931965,0.09292082488536835,0.09278183430433273,0.0,-0.0056980057,0.5083244,0.048561938,99.86009,676.15845,166.66893,2.9219728,2.1900084,0.4406609,0.9979762,0.17831472,113.553024,0.90686,3.4943553e-06,6.14063e-07,0.0092510255,3.623155e-07
1252,0.06735664,0.09148604422807693,0.09129203855991364,0.0,-0.005545038,0.5134686,0.046325527,99.9711,534.6066,165.56885,2.9814591,1.9541461,0.59300065,0.99999344,0.18024388,119.949524,0.83475685,1.4075334e-07,6.85936e-07,0.009259814,6.300974e-09
1253,0.0647277,0.09439986199140549,0.09427444636821747,0.0,-0.00577525,0.5368164,0.045428433,99.8558,687.79175,165.29659,3.0109117,1.8710922,0.7618417,0.9995677,0.1792347,81.43547,0.63096726,4.4638207e-07,8.37452e-07,0.009148765,5.038457e-08
1254,0.064758234,0.09319530427455902,0.0930028036236763,0.0,-0.0054754796,0.51754016,0.04465202,99.94453,698.2923,164.81487,3.004033,2.0597339,0.58481604,0.9999224,0.17612132,38.249504,0.8278655,2.838912e-07,8.947115e-07,0.009131409,2.7386111e-08
1255,0.06627842,0.09134096652269363,0.0911426991224289,0.0,-0.0055350806,0.5387658,0.04185683,99.98148,680.49994,162.50717,2.9234056,1.7255588,0.78587204,0.9997741,0.17728081,109.71986,0.39900175,3.9515623e-08,6.1203633e-07,0.009174177,4.347828e-08
1256,0.06493362,0.09679455310106277,0.09640451520681381,0.0,-0.005535591,0.5067189,0.04846151,99.63801,699.88635,162.33917,3.17983,2.0415943,0.60178274,0.9998337,0.17858706,101.153725,0.65034604,5.1163465e-07,7.268125e-07,0.009159396,1.1554624e-08
1257,0.06722358,0.09109241515398026,0.0908491387963295,0.0,-0.0063989214,0.54487455,0.043038618,99.99352,698.7368,165.55334,2.866802,1.8172952,0.76410663,0.9994761,0.1761616,53.222836,0.1029291,1.2810666e-07,2.1615993e-07,0.009099327,3.630037e-08
1258,0.063353784,0.09236293286085129,0.09230685979127884,0.0,-0.005470283,0.5260754,0.0469113,99.9951,698.6568,164.35995,3.0271225,1.7405802,0.8322756,0.9999661,0.17666812,29.096598,0.38843998,6.6184227e-09,4.7411596e-08,0.009206391,1.44303005e-08
1259,0.06430848,0.08910518884658813,0.08878930658102036,0.0,-0.0074697547,0.5380724,0.04240296,99.91045,685.9221,165.82414,2.8602784,1.6275703,0.96367526,0.9999839,0.17397125,46.43341,0.38189906,2.1857424e-07,6.5189994e-07,0.00899804,4.475108e-08
1260,0.066185735,0.09247468411922455,0.09229311347007751,0.0,-0.007387265,0.5476384,0.040353402,99.95381,698.6359,162.9883,3.0229094,2.017884,0.6813374,0.9999501,0.17004032,76.18514,0.23812993,1.9066015e-07,1.0815044e-06,0.008993016,2.0968765e-08
1261,0.06931762,0.09458426386117935,0.09442360699176788,0.0,-0.006160785,0.50181043,0.051661853,99.97905,377.18024,164.63658,2.9942803,1.8528183,0.6787244,0.99892396,0.18321453,77.24267,0.4360723,6.611981e-08,5.339234e-06,0.009273503,1.476099e-07
1262,0.06594118,0.09528852999210358,0.09474022686481476,0.0,-0.0054804515,0.50531095,0.04963959,98.60565,691.033,161.34465,3.1018481,1.7880973,0.6770123,0.9976156,0.18078034,49.514915,0.17051192,3.071978e-07,1.1660268e-05,0.009374015,2.6154206e-07
1263,0.066493765,0.09157689660787582,0.09144739806652069,0.0,-0.0056858296,0.5032749,0.05047195,99.826126,633.439,164.6801,3.003162,2.1487396,0.3832135,0.9996781,0.18035588,22.133013,0.8500382,2.6580094e-06,6.260387e-06,0.009310332,8.947498e-08
1264,0.065320335,0.09585932642221451,0.09569557011127472,0.0,-0.007446414,0.5086222,0.047881115,99.91909,400.16235,163.52095,2.9450955,1.9025991,0.64143026,0.99796706,0.17837878,141.4965,0.27270803,8.0526286e-07,2.923867e-06,0.009045847,2.6853922e-08
1265,0.06683612,0.09174022823572159,0.09129901230335236,0.0,-0.0058072223,0.523228,0.04874796,99.68333,695.8913,167.51694,2.7838333,1.5085094,1.0208284,0.9995165,0.17512937,173.42216,0.5369229,1.1091948e-06,4.057236e-06,0.009174937,1.12299546e-07
1266,0.06539397,0.09596388787031174,0.0957510694861412,0.0,-0.0057776356,0.5336186,0.041231897,99.994484,579.8374,163.63669,3.0403774,1.6565965,0.95602775,0.9997001,0.18027566,129.62163,0.36075163,8.413125e-08,1.5075332e-06,0.008961904,1.6381538e-08
1267,0.066804305,0.09268581867218018,0.09263429045677185,0.0,-0.0055287513,0.50934196,0.05061081,99.70175,619.07666,165.7228,2.943153,1.8676597,0.82850534,0.99836075,0.17939806,101.399666,0.035146154,3.0657206e-06,4.1885474e-07,0.009268965,3.510922e-07
1268,0.06476807,0.09269417077302933,0.09227608144283295,0.0,-0.005476051,0.52248424,0.042945307,99.85664,697.49445,164.1807,3.0694063,1.6559612,1.0003682,0.9995275,0.17626204,169.04274,0.85315365,1.38728e-06,2.8926613e-07,0.009296281,7.455438e-09
1269,0.06551714,0.09497231245040894,0.09471671283245087,0.0,-0.0055584344,0.50748605,0.047813483,99.96319,697.27673,163.14687,3.0741224,1.8681375,0.6586559,0.9999123,0.17695726,56.21773,0.20588799,3.0435004e-07,1.8654661e-07,0.009172816,2.5850364e-09
1270,0.06770969,0.09593850374221802,0.0958624854683876,0.0,-0.005471213,0.53952044,0.0424206,99.98408,691.79,164.39,3.0065958,1.6538317,0.9175073,0.9989093,0.17913306,90.770935,0.49359646,4.6963876e-07,2.060227e-06,0.009038532,2.4410864e-08
1271,0.06804514,0.0934971496462822,0.09323175251483917,0.0,-0.0068532457,0.5164688,0.045165565,99.909256,692.08636,164.68565,3.0462036,1.8110088,0.7215381,0.9997498,0.17270881,82.13792,0.98464435,3.1457705e-07,8.244091e-07,0.009242638,3.3275008e-08
1272,0.06607179,0.0944560170173645,0.09434198588132858,0.0,-0.0058794897,0.5241963,0.044173263,99.887474,451.22766,162.18184,3.0090518,1.9825897,0.5527503,0.99984974,0.17964767,188.93118,0.36679515,1.6162825e-07,2.5243753e-07,0.009121792,2.4329752e-08
1273,0.06566242,0.09108938276767731,0.09092159569263458,0.0,-0.005525279,0.52638006,0.047164723,99.9485,460.18027,165.93932,2.9141767,1.844123,0.69032294,0.9999634,0.17818287,147.34164,0.9798422,2.1664513e-07,2.722477e-08,0.009292047,3.4232926e-08
1274,0.06558998,0.09091451019048691,0.09053307771682739,0.0,-0.0074572903,0.54912716,0.04154872,99.98819,649.16095,166.2734,2.8576632,1.6760223,0.8909259,0.99977106,0.17554173,146.39516,0.69640696,1.7146809e-07,1.0808384e-06,0.009034067,1.7846695e-09
1275,0.06676622,0.09290330857038498,0.09267236292362213,0.0,-0.006661617,0.5258009,0.042909466,99.770676,387.02203,160.63547,3.020579,1.9518874,0.6004056,0.99998474,0.17907798,21.903849,0.6823144,4.632763e-08,4.1020456e-08,0.009010074,1.3303007e-07
1276,0.06623286,0.09446461498737335,0.09427722543478012,0.0,-0.0060313153,0.51397693,0.04921212,99.95679,655.85657,166.96472,2.953798,1.8886955,0.6906335,0.9998182,0.179523,27.752846,0.090960264,7.209018e-07,2.790602e-07,0.009130097,5.4219594e-08
1277,0.06462992,0.09428977221250534,0.09401311725378036,0.0,-0.005527255,0.52273744,0.043713745,99.87748,692.0443,163.01634,3.0408123,1.6477476,0.9088709,0.9999505,0.18047844,71.45882,0.5102092,1.6240362e-07,1.6433281e-06,0.00921074,1.3142918e-08
1278,0.06617496,0.09057772159576416,0.09052249044179916,0.0,-0.0054878867,0.5316344,0.04423772,99.79178,683.15216,164.81418,2.930936,1.7601085,0.85226923,0.9999869,0.17369467,161.57707,0.7836332,3.803842e-07,2.5723775e-06,0.009304158,1.8599638e-07
1279,0.067033045,0.09321628510951996,0.09444987773895264,0.0,0.089330666,0.6142093,0.03352012,99.95817,697.9865,163.11331,2.9510117,1.7443565,0.86138034,0.9998846,0.18166137,77.90145,0.7616582,1.1544838e-07,3.303751e-06,0.008818066,2.123299e-08
1280,0.06580177,0.09285573661327362,0.09265308827161789,0.0,-0.0059335437,0.54998845,0.041531976,99.98505,695.4369,165.01346,3.0311525,1.7543696,0.7896663,0.999935,0.17548758,118.06712,0.018169906,1.8104434e-07,7.628509e-07,0.009285799,5.5110952e-08
1281,0.0651484,0.09417514503002167,0.09403112530708313,0.0,-0.005694636,0.53558946,0.0445831,99.98981,662.32745,163.53325,2.9962897,1.9845779,0.5961599,0.99960923,0.18047205,136.75223,0.6720523,6.5438006e-09,1.0289523e-06,0.009196035,2.0855309e-08
1282,0.065805286,0.09596376866102219,0.0956425741314888,0.0,-0.0065350668,0.5432897,0.042257283,99.94499,692.5251,164.77747,2.964977,1.7176034,0.97439754,0.9999592,0.18046029,171.07623,0.108362846,8.034724e-08,7.2000375e-07,0.008908773,2.2447646e-08
1283,0.066317864,0.08952299505472183,0.08938192576169968,0.0,-0.007270901,0.54749644,0.04240446,99.88162,697.0302,166.04433,2.994675,1.6062949,0.92074406,0.999868,0.17142148,144.0245,0.44969591,5.594275e-07,3.5234373e-07,0.009214434,5.130607e-11
1284,0.06598346,0.09376194328069687,0.0935664251446724,0.0,-0.005558614,0.5121597,0.046669293,99.91189,670.6319,162.94655,2.9366848,1.3875746,1.188432,0.9993849,0.18044399,82.35016,0.43790597,1.09696664e-07,2.6546384e-06,0.0091342935,5.6607554e-08
1285,0.06671361,0.09257753938436508,0.0924232080578804,0.0,-0.0056443284,0.5358885,0.0451439,99.761856,699.021,166.3846,2.9640772,1.7729677,0.8286614,0.9996232,0.17777723,153.49062,0.653045,8.212259e-08,1.8021352e-07,0.009230108,4.4106436e-08
1286,0.064692594,0.09231176227331161,0.09291411191225052,0.0,-0.005750825,0.4538925,0.052718762,96.356476,634.39124,155.31944,2.884425,3.2097435,6.80531,0.99970067,7.851322e-09,37.285503,0.013634427,0.006783981,3.962727e-07,0.00017665682,0.5202466
1287,0.066909485,0.09498167783021927,0.09470181167125702,0.0,-0.005573494,0.52097183,0.043831944,99.98085,677.0941,165.27873,3.0312867,2.0020537,0.60639745,0.99949336,0.17870097,126.42605,0.68736064,2.6837663e-08,3.2783996e-06,0.009021563,5.7195837e-08
1288,0.06553544,0.0901210829615593,0.08994452655315399,0.0,-0.0061673764,0.5525613,0.041417535,99.98156,697.8017,165.0606,2.9286115,1.696738,0.81729865,0.99937755,0.1713588,26.273827,0.49813774,2.6801516e-08,1.0220839e-06,0.009212118,5.892463e-08
1289,0.06942717,0.09131111949682236,0.09108845144510269,0.0,-0.0063773408,0.5271247,0.048097923,99.98966,690.8121,167.01735,2.936812,1.7144817,0.86455685,0.9999504,0.17480229,101.89603,0.29466,1.04689974e-07,3.0036955e-07,0.009184104,2.5740645e-08
1290,0.067285836,0.09397898614406586,0.09301216900348663,0.0,-0.0066236686,0.5670086,0.042002052,99.98513,698.9019,165.6129,2.9192405,1.7423412,0.854943,0.9999141,0.17953096,92.2354,0.81909055,6.009373e-08,1.2130883e-07,0.008995794,3.665525e-08
1291,0.06402273,0.09356921911239624,0.09317176043987274,0.0,-0.005613253,0.51408714,0.04637784,99.96034,663.46674,167.91782,3.0534368,1.873465,0.79948986,0.9998184,0.18029523,76.8513,0.5343969,4.7831006e-10,2.543313e-07,0.009285046,2.6812076e-08
1292,0.06614186,0.09154685586690903,0.09127859026193619,0.0,-0.00598078,0.5252723,0.041679185,99.88594,699.68536,164.00572,2.9098732,1.4516369,1.0767815,0.9996286,0.17923771,177.77223,0.9125521,4.1838695e-07,1.931434e-07,0.009076456,1.9515692e-08
1293,0.06683646,0.09151928871870041,0.09118350595235825,0.0,-0.0071885833,0.50817966,0.04554671,99.96393,698.4186,164.4856,2.9531884,1.5747347,1.0149031,0.9995333,0.17706744,31.947506,0.23413937,5.2228046e-07,7.579428e-07,0.009192361,9.733162e-08
1294,0.06506856,0.09509819746017456,0.09488753974437714,0.0,-0.0059697614,0.5468871,0.04131336,99.94366,699.41516,165.69412,3.0740974,2.1111865,0.57528895,0.99993485,0.17526725,132.18695,0.85499483,2.4133064e-07,3.041001e-07,0.009012414,6.588644e-08
1295,0.06744488,0.09608616679906845,0.0960296168923378,0.0,-0.0056472467,0.52210075,0.046899617,99.84032,686.08673,164.12668,2.9358125,2.0342815,0.5597804,0.99982774,0.18006629,126.416565,0.47604343,9.082723e-07,6.7953274e-06,0.009224047,2.6743832e-08
1296,0.06477779,0.0931842252612114,0.09293200075626373,0.0,-0.0057251123,0.517345,0.046676368,99.886795,692.94836,166.47467,2.9021506,1.8681103,0.7134779,0.999837,0.17528959,60.83325,0.24056597,7.2111135e-07,2.4441765e-06,0.0090701785,1.996588e-08
1297,0.06758839,0.09196396917104721,0.09180687367916107,0.0,-0.005778046,0.54176205,0.04429259,99.94008,463.2264,164.44522,2.994951,1.622887,0.9573363,0.99959517,0.17508565,143.02501,0.6591696,6.570159e-07,7.161227e-07,0.00919981,4.3575096e-08
1298,0.06416386,0.09168750792741776,0.09121181815862656,0.0,-0.0055398424,0.5049143,0.0500605,99.89008,692.601,166.13113,3.081645,1.9694246,0.620294,0.99949205,0.17333183,25.354908,0.25444457,2.1515997e-07,3.3953604e-08,0.009486089,2.3928186e-08
1299,0.06779421,0.0937039777636528,0.09347176551818848,0.0,-0.00553337,0.50290537,0.04816504,99.95238,691.1444,165.31442,2.936796,1.0131998,1.4977127,0.9993119,0.17831779,26.979828,0.40977123,1.6964076e-07,3.399201e-06,0.009287482,2.6847703e-08
1300,0.065765895,0.09195472300052643,0.09192273765802383,0.0,-0.005637797,0.52467126,0.046844523,99.967766,694.70154,164.614,2.9394927,1.4837168,1.0217167,0.99997735,0.17749505,72.47543,0.82732344,5.9375975e-07,2.9206066e-07,0.00922614,1.6171583e-08
1301,0.06587682,0.09468097984790802,0.09460221230983734,0.0,-0.005584325,0.5451843,0.041290365,99.99487,690.0637,164.88899,2.9656456,2.27022,0.40955743,0.999759,0.1785319,79.63272,0.9181001,1.440519e-07,4.1155985e-08,0.00905003,7.434925e-09
1302,0.066770926,0.09086649864912033,0.09059789031744003,0.0,-0.0056047183,0.5047576,0.048400443,99.91479,674.37616,166.6584,2.8596354,1.9669042,0.53719413,0.99954194,0.17542711,133.98138,0.5275299,4.6431347e-07,2.9866513e-07,0.009202839,6.7816903e-09
1303,0.06773527,0.0922853872179985,0.0922405794262886,0.0,-0.0055516586,0.53145766,0.043537706,99.97729,697.4991,164.2527,2.9712248,2.077037,0.54389346,0.99997306,0.17958827,127.40197,0.5650851,1.0446265e-07,6.2147365e-07,0.0090718595,3.5247833e-08
1304,0.06519144,0.09277832508087158,0.09261580556631088,0.0,-0.0055696703,0.5362739,0.04441123,99.99535,691.2506,166.44955,2.8743799,1.7584132,0.8010933,0.9998353,0.17596437,86.38286,0.49728295,1.2106676e-07,8.289679e-07,0.009143405,3.3196514e-08
1305,0.06579561,0.09120116382837296,0.09074202924966812,0.0,-0.007256113,0.54415077,0.0415256,99.91637,682.2925,162.72028,2.774512,1.594536,0.90486276,0.9997786,0.17587514,66.1884,0.50155234,4.5118307e-07,8.5808324e-08,0.0090156915,8.804819e-09
1306,0.06546679,0.09284733980894089,0.0926259383559227,0.0,-0.0055526244,0.52321744,0.045140915,99.35492,670.5861,161.34593,2.9903288,2.1383858,0.4074417,0.9985158,0.1790478,100.08415,0.6453735,2.2993014e-07,1.4388604e-05,0.009139812,1.9677879e-07
1307,0.06612823,0.09253734350204468,0.09238798171281815,0.0,-0.005544153,0.52044636,0.04542767,99.97467,698.9857,166.59195,2.9476018,1.6796224,0.90919816,0.99990594,0.17605059,112.293564,0.47001946,5.6778305e-07,1.3591325e-07,0.009181858,1.8731866e-08
1308,0.066938244,0.092325359582901,0.09210056066513062,0.0,-0.0056896093,0.5402245,0.04357329,99.956894,689.8724,162.42123,3.0168033,1.9451467,0.6119413,0.99976563,0.17424475,46.06479,0.093158774,6.935407e-08,4.3314817e-08,0.009144803,7.4909366e-08
1309,0.06286155,0.09206470847129822,0.0920274406671524,0.0,-0.0055722017,0.5402911,0.04262222,99.973114,697.56976,164.99321,2.9831758,1.6434017,0.9463628,0.99993277,0.17572235,85.41512,0.5155484,6.213899e-08,1.3601941e-07,0.009099623,5.4832947e-09
1310,0.06654591,0.09124824404716492,0.09121348708868027,0.0,-0.005990755,0.5314831,0.04521332,99.99001,690.3357,165.45537,2.968805,1.2369993,1.3128837,0.9999931,0.17416656,168.20726,0.7854422,3.9228493e-07,1.270408e-06,0.009174133,3.4502136e-08
1311,0.06586883,0.09532486647367477,0.09401838481426239,0.0,-0.0055900346,0.51679486,0.039586335,96.93931,524.5382,158.54985,2.8860698,2.9059334,0.06411306,0.9879458,0.009182927,47.34562,0.018138954,8.133809e-06,1.3874085e-06,0.16859782,6.564738e-05
1312,0.06487953,0.0921064168214798,0.09199387580156326,0.0,-0.006330867,0.5344458,0.043049887,99.9584,690.6047,162.69821,2.9745674,1.6033491,0.99385834,0.9998098,0.17614733,35.331528,0.055293888,6.921356e-08,1.002272e-06,0.009092842,9.548593e-09
1313,0.068513416,0.09303522109985352,0.0925753191113472,0.0,-0.005649363,0.53741455,0.047323257,99.954895,657.1354,165.9234,2.9762733,1.5593508,1.0499787,0.9992889,0.17735465,169.69443,0.7856454,1.3161839e-07,8.3680085e-09,0.00900663,5.507634e-08
1314,0.06709764,0.09316965192556381,0.09272375702857971,0.0,-0.0055608833,0.53388894,0.047994137,99.979774,699.1529,166.64998,2.8996007,1.8522536,0.78685284,0.9998032,0.18266237,86.1971,0.35639298,1.1603e-09,2.948726e-07,0.009175183,7.977958e-09
1315,0.0662197,0.09329166263341904,0.09307054430246353,0.0,-0.0057209153,0.4846279,0.054347962,99.86827,698.8932,165.31612,2.959686,1.965035,0.56047714,0.99937475,0.18101916,127.28053,0.8163178,5.647861e-07,9.0137667e-07,0.009297995,2.4496234e-07
1316,0.06546141,0.09296190738677979,0.09272533655166626,0.0,-0.005570136,0.516248,0.046984166,99.62223,448.1004,162.983,3.0802777,2.0778046,0.4990653,0.9990963,0.17540039,113.68748,0.068874635,5.243112e-07,7.274772e-07,0.009345534,1.2313652e-07
1317,0.06704276,0.09416422992944717,0.09406725317239761,0.0,-0.005556307,0.529125,0.045344356,99.97924,667.0857,163.8548,3.0473304,2.0168602,0.6786149,0.99924654,0.18197758,125.32989,0.57712793,1.4430171e-06,4.9302057e-06,0.009193777,5.6417706e-09
1318,0.06724056,0.09215299040079117,0.09158472716808319,0.0,-0.005584598,0.5227323,0.052040406,99.99731,698.0086,167.16408,2.8725204,1.8291626,0.7833134,0.9997624,0.17616306,116.81804,0.31370473,2.194635e-07,2.03181e-07,0.009237186,5.426801e-08
1319,0.066493824,0.09672137349843979,0.0965319350361824,0.0,-0.00620701,0.52074146,0.04364932,99.98065,698.2652,163.95285,3.031831,1.9198223,0.71127886,0.99904543,0.17778783,37.752678,0.2443463,3.9614213e-07,5.4773574e-07,0.009103515,6.8347763e-09
1320,0.06754504,0.09177816659212112,0.10332076996564865,0.0,-0.0068955035,0.4300628,0.062404305,98.97629,120.73892,154.73604,3.0386064,2.551205,0.00011048292,0.99871016,2.4549897e-06,168.50446,0.60787255,0.008486654,3.8908223e-07,0.6367488,0.1011448
1321,0.06326271,0.09297224134206772,0.09254131466150284,0.0,-0.0061017056,0.49431542,0.04918523,99.96325,668.9421,164.16904,2.997557,1.6884283,0.9023464,0.99922353,0.17955,150.38048,0.4914668,1.5247406e-06,1.7391375e-06,0.009230599,8.133191e-08
1322,0.06624074,0.09256598353385925,0.09242700040340424,0.0,-0.005491405,0.5139952,0.048264053,99.71865,657.1458,164.4746,3.0195558,1.4933159,1.0161206,0.9998359,0.1782499,85.44189,0.6154806,8.3419224e-07,4.4079488e-07,0.009319292,4.5895558e-08
1323,0.06565376,0.0903303325176239,0.08988351374864578,0.0,-0.0071611097,0.4947069,0.04931849,99.94835,409.38632,163.49522,2.852023,1.9178256,0.60415655,0.9997813,0.17300904,102.603424,0.33763278,1.5571716e-06,2.1499472e-06,0.009269145,1.4472559e-07
1324,0.06764372,0.09304191172122955,0.09257906675338745,0.0,-0.0072265696,0.54261607,0.044215437,99.86489,694.20087,163.42896,2.876067,1.4376521,1.1257449,0.9990168,0.18340485,141.72917,0.44539928,3.415136e-07,1.6402813e-06,0.0089461105,3.93478e-08
1325,0.064726055,0.09150640666484833,0.09138462692499161,0.0,-0.005584464,0.5185704,0.04499965,99.96625,668.51794,165.55833,2.960883,1.7162133,0.85829306,0.9997627,0.17458981,30.353403,0.67371875,3.0195523e-07,1.324448e-06,0.009180588,2.108402e-08
1326,0.06580686,0.09497688710689545,0.0946817472577095,0.0,-0.0057341843,0.5444602,0.044195198,99.98215,670.1777,164.26123,3.0478468,1.436477,1.1781589,0.99914056,0.18107155,171.34448,0.53714144,1.3457624e-06,1.0030883e-06,0.009188511,3.4311427e-08
1327,0.06643227,0.09206964075565338,0.09194598346948624,0.0,-0.005767618,0.5215759,0.046185516,99.986435,696.7812,166.44344,2.886743,2.3115563,0.30116734,0.99954414,0.18224467,187.17122,0.5616211,4.913539e-07,8.2536815e-07,0.009140006,1.6619883e-10
1328,0.06563377,0.09177780151367188,0.09169398248195648,0.0,-0.0055760336,0.52693576,0.04468048,99.91999,690.767,164.39928,3.0370765,1.5352664,1.064555,0.99999505,0.17678986,105.016396,0.8951869,5.568367e-08,8.374758e-08,0.009236814,1.6303256e-08
1329,0.06753096,0.0930544063448906,0.09294067323207855,0.0,-0.0066076494,0.5311265,0.046207927,99.68338,681.10205,165.49927,2.8815236,0.81843776,1.763347,0.9996311,0.17503726,124.066124,0.8645,2.822863e-07,6.705577e-06,0.009209155,4.551141e-07
1330,0.066674426,0.09289678186178207,0.09285281598567963,0.0,-0.0054645333,0.5166594,0.047218703,99.950806,668.6044,165.17673,2.9726987,1.3214922,1.1165396,0.9983551,0.17349938,47.17025,0.13591285,2.3311604e-06,6.9318735e-06,0.009306506,6.626822e-08
1331,0.06669816,0.09281188249588013,0.09254014492034912,0.0,-0.0064849956,0.5329222,0.0465255,99.96164,633.35956,166.56592,2.9269385,0.8349704,1.7408258,0.9997639,0.1732238,94.35499,0.43466595,2.0716985e-08,1.0065044e-06,0.009124748,1.6227236e-09
1332,0.065884106,0.0918009951710701,0.0912678986787796,0.0,-0.005596279,0.506142,0.045565147,99.939964,694.4312,163.77951,2.895702,1.2393816,1.2068105,0.9997587,0.17530017,61.769993,0.4914045,2.0355085e-08,4.324186e-07,0.009268671,3.3585057e-08
1333,0.063756354,0.09547746926546097,0.09535091370344162,0.0,-0.005456723,0.5141798,0.04639771,99.797356,686.5475,164.76622,2.935628,1.7853746,0.87323755,0.9998595,0.183612,61.491047,0.046643533,2.6759892e-06,5.1238835e-06,0.009053279,4.1442288e-08
1334,0.067635335,0.09248921275138855,0.09221480041742325,0.0,-0.006658271,0.54613847,0.0391975,99.982704,688.356,162.7919,3.0962172,1.9720129,0.67127305,0.9998866,0.17420849,151.77028,0.535634,1.4681338e-07,2.153417e-07,0.0091622,1.13380366e-07
1335,0.067094676,0.08807791024446487,0.08760499954223633,0.0,-0.0064614974,0.54246145,0.045687914,99.86046,697.14557,167.80824,2.9108498,1.6106552,0.92462635,0.9998788,0.17365158,105.19254,0.5655165,6.7150125e-07,9.947923e-07,0.009333432,1.06293676e-07
1336,0.06449619,0.09382888674736023,0.09326789528131485,0.0,-0.0056530833,0.5492052,0.044322755,99.9734,606.5922,166.36377,2.9342153,1.858937,0.7474726,0.999984,0.18061247,49.95529,0.43589056,2.4074884e-09,6.924224e-07,0.009124805,1.0202459e-08
1337,0.06595719,0.0914417952299118,0.09141761809587479,0.0,-0.0054854867,0.52155256,0.047449376,99.97918,694.02124,164.85289,2.9332616,2.026034,0.5206658,0.99980307,0.17922962,69.63631,0.44631416,6.214321e-08,2.713616e-07,0.009174113,1.2643777e-09
1338,0.06628488,0.09466581791639328,0.09454291313886642,0.0,-0.005919309,0.51542383,0.046394836,99.93849,693.1619,164.7099,2.9838874,2.0329494,0.58194697,0.99998945,0.18178311,34.16434,0.22803153,3.603057e-07,3.1565608e-06,0.009047341,3.333094e-08
1339,0.067166336,0.09142577648162842,0.09096337109804153,0.0,-0.005616693,0.52208114,0.05071222,99.94328,695.4706,167.69675,2.8724594,1.9457867,0.5409863,0.9999623,0.17780459,167.68474,0.48390868,8.6725515e-07,1.3022053e-06,0.009378485,3.6458843e-07
1340,0.06631501,0.09249547123908997,0.09232372045516968,0.0,-0.007317845,0.547202,0.03854261,99.978386,667.574,162.84818,2.9604545,2.0239456,0.50084573,0.9998881,0.17697324,137.44214,0.43459994,6.7637774e-07,8.8062507e-07,0.00912896,1.2761253e-08
1341,0.06746573,0.09221462905406952,0.09211988002061844,0.0,-0.0056679994,0.51478326,0.046588905,99.99721,695.2243,164.35837,2.924173,1.7182064,0.8003578,0.9997558,0.17605259,51.389397,0.26867482,3.0085016e-07,2.1823874e-07,0.00920673,2.270725e-09
1342,0.0662403,0.09281782805919647,0.092569999396801,0.0,-0.0055408,0.5382366,0.045444377,99.96655,674.1657,163.64485,2.8861547,1.6213745,0.93902576,0.9997308,0.1795853,38.62386,0.5480176,3.7588475e-07,2.417617e-06,0.00908171,3.128949e-08
1343,0.06668973,0.08889074623584747,0.08877243101596832,0.0,-0.006881685,0.51656914,0.0457271,99.63307,622.9852,164.64601,2.930533,1.7468385,0.8267056,0.99980026,0.1717609,124.84134,0.047435142,4.8579484e-08,1.7439794e-06,0.009200038,1.7530185e-08
1344,0.06476458,0.09391792118549347,0.09391658753156662,0.0,-0.0062975013,0.4349228,0.052605998,99.71099,681.7433,158.49258,3.079176,3.1299677,0.0083436,0.99963963,8.331606e-08,37.143192,0.013846511,0.0067313584,7.412617e-08,0.019603219,0.75826627
1345,0.06638116,0.0944916158914566,0.09396539628505707,0.0,-0.005765403,0.5591792,0.041173127,99.79832,578.5154,161.94878,2.9486835,1.6376773,0.8762909,0.99942803,0.17912051,129.09831,0.81803805,1.9047923e-07,1.0542836e-06,0.009020401,5.8289093e-08
1346,0.06677708,0.09551158547401428,0.097174733877182,0.0,0.08904894,0.6318481,0.03336528,99.98041,698.4749,164.34084,2.8858604,1.7888706,0.85791695,0.9998996,0.18942627,32.87238,0.070418574,6.110286e-07,3.819503e-07,0.008586737,2.2753012e-08
1347,0.06622351,0.09498504549264908,0.09480170160531998,0.0,-0.005492302,0.5366455,0.041810498,99.95182,698.9884,164.09782,3.0883787,1.6045997,0.96995515,0.9999988,0.17979063,164.39308,0.47936165,1.6077648e-07,2.3126609e-07,0.009225543,1.4062354e-08
1348,0.06734504,0.09411903470754623,0.09300718456506729,0.0,-0.005619779,0.55168647,0.04683858,99.98107,508.54562,163.79462,2.8510013,1.7363948,0.824525,0.9999128,0.17829412,184.7606,0.5892657,1.2273706e-07,3.4460886e-06,0.009095515,4.7332644e-08
1349,0.067994036,0.0939607247710228,0.09390543401241302,0.0,-0.0066644736,0.5439306,0.041097093,99.89177,655.5459,163.40276,2.99212,2.2446089,0.33419862,0.99998224,0.17465168,117.788345,0.13879257,3.777923e-07,6.0392034e-07,0.009069905,1.1492132e-07
1350,0.066877626,0.0912487581372261,0.0911354050040245,0.0,-0.0070845135,0.51260006,0.04760263,99.97425,694.58154,164.59814,3.0694525,1.7932323,0.82480365,0.99999803,0.17636691,191.86537,0.7455918,3.1641326e-07,1.7571349e-06,0.009191993,3.322357e-08
1351,0.0659251,0.09382937103509903,0.09380017966032028,0.0,-0.0057553723,0.5209691,0.045844518,99.908936,693.17755,164.5873,2.9999108,1.5811796,0.9880811,0.99990296,0.18333696,65.93864,0.47968325,6.3934743e-07,1.612667e-07,0.009105343,1.1174964e-07
1352,0.06621259,0.09715332090854645,0.1033845767378807,0.0,0.511453,0.81942487,0.06435861,99.85942,699.5289,156.91403,2.9198406,1.5397309,1.2240356,0.9999162,0.18793178,35.002213,0.14801814,1.9963228e-08,4.5903772e-07,0.0077480786,4.6886925e-08
1353,0.06662585,0.08962880074977875,0.08911936730146408,0.0,-0.0064163622,0.56240654,0.040387034,99.953026,698.8011,165.42133,2.8513794,1.334005,1.1588478,0.99955094,0.17143504,109.68506,0.7028041,5.874985e-07,2.9100702e-06,0.009069704,1.417698e-07
1354,0.067582995,0.0931229367852211,0.09301963448524475,0.0,-0.006474926,0.50526816,0.050481927,99.941376,690.62714,165.28683,2.9842927,1.8928206,0.729976,0.9999049,0.17770499,145.1733,0.49645138,5.827925e-07,3.6051515e-06,0.009293871,8.473949e-08
1355,0.066501655,0.09061164408922195,0.09048717468976974,0.0,-0.005804962,0.5337337,0.045347407,99.71826,690.8231,163.68962,2.9144819,1.4902126,0.98125136,0.99892074,0.17593397,70.29779,0.38730192,1.1644959e-06,5.805665e-06,0.009251418,4.2202223e-07
1356,0.0660548,0.09355686604976654,0.09324948489665985,0.0,-0.0061370432,0.5067069,0.047257233,99.82824,695.7914,163.3423,3.0283642,1.701474,0.8152323,0.9992389,0.176063,193.04051,0.41028357,2.0473396e-07,2.421789e-06,0.009156634,2.4976496e-08
1357,0.06460219,0.09264492243528366,0.09223708510398865,0.0,-0.005473609,0.54298794,0.045539152,99.99861,454.59448,162.28108,2.9449897,1.5289465,0.9619096,0.9999957,0.1766866,109.58026,0.9701486,1.737329e-09,3.926397e-08,0.009221863,3.1191444e-08
1358,0.06732123,0.0948004499077797,0.09458569437265396,0.0,-0.006965699,0.5147249,0.045497473,99.86535,698.6095,163.18285,2.9918315,1.2910674,1.2538667,0.99939495,0.1771799,167.85347,0.29401577,1.2070194e-06,1.6706949e-06,0.009128075,1.2393627e-07
1359,0.06636093,0.09240984916687012,0.09379319101572037,0.0,0.08471941,0.64168715,0.0340621,99.972565,699.54694,165.09067,2.8977427,1.8205433,0.81922084,0.99992895,0.17951553,61.304085,0.35952127,1.1115325e-07,9.5907666e-08,0.008783667,3.0709177e-08
1360,0.06376494,0.09181015938520432,0.09176686406135559,0.0,-0.0072447187,0.53827024,0.041780073,99.95528,687.0525,164.30518,2.927274,1.4581782,1.0408586,0.99974585,0.17416811,105.30133,0.5680226,7.771327e-08,1.8567183e-06,0.009142522,5.1202377e-08
1361,0.06794996,0.09146396815776825,0.0913626030087471,0.0,-0.0056343563,0.54176366,0.041330893,99.97356,494.6744,162.78397,2.9840753,1.8707396,0.7262551,0.9998579,0.1751743,192.97328,0.23513068,8.670582e-08,1.946387e-06,0.009201032,4.4529425e-09
1362,0.0664247,0.09096340835094452,0.09071580320596695,0.0,-0.006078288,0.53169155,0.047884345,99.89374,567.05475,163.81772,2.9382036,1.7863744,0.8060479,0.9996038,0.17926143,134.18433,0.6169808,7.2364344e-07,8.862793e-07,0.009171949,4.4287862e-08
1363,0.065083556,0.0926176980137825,0.0924578383564949,0.0,-0.005473665,0.50247765,0.051956467,99.95985,699.0438,166.26941,3.0303335,1.7884697,0.7713996,0.99976754,0.17655785,191.46841,0.86242586,1.5382724e-08,1.60631e-07,0.00932944,3.1356375e-08
1364,0.06604065,0.09238120168447495,0.09227479994297028,0.0,-0.005473971,0.5280791,0.04546717,99.92236,378.8884,162.32834,2.9009888,1.6883447,0.86894846,0.9997139,0.17674266,121.57342,0.4638838,1.4714014e-07,1.8654181e-06,0.009226071,3.0318393e-08
1365,0.06629931,0.0916694849729538,0.09156141430139542,0.0,-0.0055485903,0.52928495,0.045864392,99.97782,698.11304,164.8537,2.9271295,1.7217761,0.8217136,0.9999397,0.1753406,93.539185,0.8610065,1.16443196e-07,2.296603e-08,0.009307762,2.5545411e-08
1366,0.065950505,0.09173928201198578,0.09143295139074326,0.0,-0.006273168,0.54174906,0.04233086,99.979866,696.91644,164.65689,2.8021474,1.4974904,1.0291262,0.9999874,0.174464,120.31991,0.31668016,1.272911e-07,1.6572834e-07,0.009042885,3.0010828e-08
1367,0.067448266,0.09267955273389816,0.09262649714946747,0.0,-0.005475573,0.5150751,0.04896375,99.960785,687.98737,165.87723,2.9980567,2.039722,0.56238246,0.9993463,0.17759526,23.91389,0.1435462,9.468785e-08,7.2919084e-07,0.009201369,2.8847436e-08
1368,0.06848261,0.09372905641794205,0.09331019967794418,0.0,-0.0064191953,0.55444354,0.042571064,99.98193,463.29312,162.16852,2.9365592,1.6239196,0.8792316,0.9999476,0.17586291,33.8036,0.42236337,1.0358136e-07,3.842495e-08,0.009084862,2.0269961e-07
1369,0.06594586,0.09242256730794907,0.09223341196775436,0.0,-0.0055490085,0.5037951,0.04855327,99.93719,524.5371,164.2685,2.9262183,2.1682515,0.34143588,0.9993935,0.17749152,113.01456,0.70830315,5.20931e-07,9.142484e-07,0.009313722,3.9479207e-09
1370,0.064245924,0.09053071588277817,0.09044284373521805,0.0,-0.006660029,0.5254037,0.04574524,99.97332,642.77124,165.67053,2.9898925,1.6805427,0.88024056,0.9993336,0.17393394,107.75863,0.43884397,2.95323e-07,3.4584243e-08,0.009332254,1.0584944e-07
1371,0.064095266,0.09202687442302704,0.09197122603654861,0.0,-0.006501972,0.50766665,0.050575566,99.77444,695.02435,164.86958,2.95147,1.4942387,1.0506443,0.99877214,0.1797141,31.263233,0.57643545,2.092571e-06,2.0015997e-07,0.0091356505,1.5822953e-07
1372,0.06646604,0.0946851596236229,0.09430453926324844,0.0,-0.0062510804,0.56720734,0.03721193,99.81356,670.08105,162.36629,2.907305,1.1950341,1.2827458,0.99845916,0.18049227,92.38766,0.5142315,4.6227196e-06,7.193897e-07,0.009001691,8.325744e-08
1373,0.0686585,0.08967972546815872,0.08937971293926239,0.0,-0.0056077354,0.5393915,0.04455423,99.713,696.75543,167.55222,2.8924863,1.6227525,0.9493901,0.9999994,0.17460738,96.73806,0.21979496,9.2970294e-07,1.8815325e-06,0.009215832,3.1413496e-08
1374,0.06586778,0.09409314393997192,0.09399855881929398,0.0,-0.005667542,0.5156818,0.04650683,99.94196,699.30084,165.18913,2.9143572,1.8003982,0.7940473,0.99990034,0.17939585,87.15902,0.33235785,1.3864799e-06,4.481607e-06,0.009112514,3.7407677e-08
1375,0.06389938,0.09254731982946396,0.09226234257221222,0.0,-0.005490253,0.5435879,0.044702,99.9373,694.2467,165.50737,2.882551,1.8017399,0.81099916,0.9999817,0.17671321,131.96165,0.32296383,3.1426018e-07,1.0746304e-06,0.009129803,3.8196375e-09
1376,0.068912275,0.09619630128145218,0.0958866998553276,0.0,-0.0057236897,0.52152246,0.042990237,99.850525,648.14154,163.8162,3.0750673,2.216437,0.430721,0.9999101,0.17952591,133.35283,0.5929904,8.648278e-08,3.6445778e-07,0.009161372,1.0648795e-08
1377,0.06355289,0.09399563074111938,0.09367121756076813,0.0,-0.0058330884,0.50705904,0.046912704,99.99416,675.6406,164.67816,3.0458066,1.6977531,0.89903986,0.99977034,0.17742717,80.84888,0.6844535,2.5712393e-07,1.18436354e-07,0.009232887,4.128921e-09
1378,0.06723188,0.09243246912956238,0.09237876534461975,0.0,-0.0057572485,0.5303065,0.045410134,99.978325,699.0275,163.84102,3.006136,1.6757795,0.9018889,0.99998766,0.17560233,77.45195,0.15610085,7.948688e-08,1.599963e-06,0.009147568,7.661934e-09
1379,0.06595209,0.09289279580116272,0.09242862462997437,0.0,-0.0068258224,0.57429504,0.035972647,99.74424,698.6678,164.09583,3.007618,1.3899682,1.291892,0.9994864,0.17744331,149.10965,0.87343407,6.01642e-07,1.4525024e-06,0.008871561,1.4059785e-07
1380,0.06445702,0.09111638367176056,0.09102392941713333,0.0,-0.0059902533,0.54744744,0.041926347,99.89765,695.0925,164.91826,2.9575799,1.630103,0.9633359,0.99964374,0.17428628,135.38466,0.8587729,4.6385026e-07,8.452974e-08,0.009189435,1.9274164e-08
1381,0.06607412,0.09255246073007584,0.0920160636305809,0.0,-0.0054991124,0.5474063,0.04521504,99.98178,698.55096,163.57152,2.9585001,1.6197675,0.86763436,0.9999893,0.17623417,82.9957,0.44228625,2.072312e-08,4.0384027e-08,0.009235719,2.137864e-08
1382,0.065903485,0.09220794588327408,0.09204783290624619,0.0,-0.0055792206,0.5251426,0.042946037,99.99942,681.7258,163.81705,2.9591148,1.5639249,1.0642074,0.999953,0.17727186,95.7719,0.6143706,3.2984292e-07,2.0160167e-06,0.009119767,2.9747692e-08
1383,0.067208484,0.0920337662100792,0.09186887741088867,0.0,-0.0057864734,0.5435248,0.041334137,99.919846,699.4125,167.4019,2.974168,1.8560781,0.7903047,0.99982923,0.17792684,78.5574,0.40854424,1.7808384e-08,2.242832e-06,0.009156134,7.325355e-08
1384,0.0656212,0.08975154906511307,0.08962275832891464,0.0,-0.0056472556,0.5324643,0.04641189,99.92212,682.65955,165.54022,2.8902845,1.6168947,0.9305065,0.9999354,0.17351913,126.90207,0.062122084,1.1073125e-09,1.4029912e-06,0.009264813,8.63872e-08
1385,0.067821585,0.09145895391702652,0.09550189971923828,0.0,-0.0074758306,0.4298002,0.01627413,99.355576,678.89185,147.71742,3.7703583,1.8334348,0.65392876,0.9998997,0.13915052,163.32404,0.40406355,1.775602e-07,0.007166239,0.010623822,0.0006456194
1386,0.06589121,0.09081349521875381,0.09067652374505997,0.0,-0.005672749,0.5182643,0.04893048,99.979065,691.28595,166.8988,2.9494221,1.7322581,0.8366858,0.9996618,0.17540246,50.970318,0.28219193,4.3553752e-07,6.6451173e-07,0.009331714,1.6986103e-08
1387,0.06783526,0.0912022516131401,0.09098877012729645,0.0,-0.007154441,0.51823676,0.044990275,99.98034,697.7062,162.9741,2.9207215,1.5162932,1.0043274,0.9999536,0.17586185,21.212292,0.590821,3.3705817e-07,2.33768e-07,0.009173917,1.03314825e-07
1388,0.0677064,0.09197220206260681,0.09110127389431,0.0,-0.0073765516,0.5475764,0.047090013,99.99926,693.5747,165.28978,2.8545592,1.3108095,1.2155277,0.9998822,0.17683242,61.507996,0.47587612,6.8091924e-07,1.2760465e-06,0.009176359,2.3556166e-07
1389,0.06663878,0.0917702466249466,0.09169797599315643,0.0,-0.0065942644,0.53796965,0.041520983,99.74708,639.4443,163.6659,2.928211,1.2413902,1.2812558,0.9986076,0.17614904,162.4338,0.44666106,1.4157605e-06,5.953074e-07,0.009065872,1.7009642e-08
1390,0.06480966,0.09419351816177368,0.09394772350788116,0.0,-0.0059608268,0.5185694,0.04539913,99.79865,699.324,163.69003,3.0749052,1.5075932,1.0672952,0.9996434,0.1758795,64.88927,0.3539068,8.0699533e-07,7.570775e-07,0.0092966715,1.3039185e-08
1391,0.06566928,0.09330736845731735,0.0931595116853714,0.0,-0.005498901,0.50912756,0.04802361,99.991264,343.94547,162.40114,2.979328,1.6518874,0.86150485,0.9997045,0.18037486,125.29983,0.06278642,7.5844e-09,2.0928407e-07,0.009262039,1.119696e-08
1392,0.066219546,0.09451070427894592,0.09389545023441315,0.0,-0.0056710583,0.5043804,0.04562393,99.581505,698.9548,163.94832,3.0433269,1.8187809,0.73477805,0.9998502,0.18013899,50.405746,0.6199016,1.6559046e-08,1.956143e-07,0.00920831,6.551626e-09
1393,0.06558658,0.09417915344238281,0.09405753016471863,0.0,-0.0055780946,0.523973,0.04740338,99.88593,699.8831,166.91693,2.9643056,1.6017696,0.96705437,0.9996437,0.17438422,114.07772,0.38236788,3.1082347e-08,2.7384172e-06,0.009242136,2.7656554e-08
1394,0.066487215,0.09539416432380676,0.09480348229408264,0.0,-0.0058019063,0.5635481,0.041155875,99.766075,691.36505,163.51997,2.9661322,2.1600163,0.46756685,0.9999785,0.17904459,75.97569,0.7755744,8.3381667e-07,1.8776467e-06,0.008999424,9.180578e-08
1395,0.06691081,0.09345335513353348,0.09322937577962875,0.0,-0.0055026067,0.5173142,0.044799622,99.9706,680.7321,164.18808,3.023651,1.7679384,0.8673127,0.99992317,0.17505547,115.60753,0.7074249,2.6880306e-07,1.2663078e-06,0.009184417,7.386927e-08
1396,0.066459805,0.09476365894079208,0.0944773480296135,0.0,-0.0054863375,0.5169613,0.04776882,99.99752,580.44855,161.08878,3.0191865,1.6916865,0.8878853,0.9999119,0.17765589,188.31302,0.1185909,9.26157e-09,1.0916284e-08,0.009120184,1.5279124e-08
1397,0.06708434,0.0908307358622551,0.09068746119737625,0.0,-0.0055715563,0.5159205,0.045824874,99.9801,690.4038,165.47597,2.912411,1.669273,0.9075929,0.9999496,0.1744306,181.31157,0.32395917,1.3059103e-07,8.6539e-07,0.009143879,1.4519808e-08
1398,0.0662156,0.09089069068431854,0.09084385633468628,0.0,-0.0054624234,0.5322539,0.043956712,99.9978,425.06833,163.33731,3.0485587,1.8477122,0.7012752,0.99943376,0.1791058,109.108925,0.49746278,2.741992e-08,6.481822e-07,0.0091440175,4.8068895e-08
1399,0.064881094,0.09510104358196259,0.09501399099826813,0.0,-0.006794904,0.5252103,0.047109567,99.914505,689.7474,164.6532,2.991106,1.8707576,0.75641483,0.9997403,0.18364106,79.56665,0.8063737,5.256017e-07,2.8190009e-06,0.009096691,2.1401311e-08
1400,0.067410335,0.09205354005098343,0.09194771945476532,0.0,-0.0055269203,0.52107465,0.045084808,99.99707,686.70514,163.76657,2.9849524,1.4697759,1.1058141,0.999197,0.17429899,21.271334,0.29213655,9.1087816e-07,4.2699182e-07,0.009168653,3.8496232e-08
1401,0.06860686,0.09419028460979462,0.09329816699028015,0.0,-0.005494533,0.50560194,0.044640552,99.93338,699.0204,162.31682,3.060813,1.8516378,0.7492588,0.9999607,0.17294309,138.17809,0.86225843,2.929915e-07,1.0058038e-06,0.00910095,2.0198158e-08
1402,0.06805783,0.09374729543924332,0.09356307238340378,0.0,-0.007297239,0.5356126,0.041253176,99.86965,678.4965,164.28644,2.9012082,1.6408683,0.91839886,0.99977857,0.17721775,118.698296,0.94489086,5.009171e-08,4.1776553e-07,0.008990075,8.178558e-09
1403,0.067940384,0.09575347602367401,0.09548024088144302,0.0,-0.0056060962,0.5356681,0.046162188,99.85361,699.3815,162.66386,2.9942133,1.8686117,0.68932784,0.9998236,0.17875722,95.914154,0.9672053,1.547447e-07,3.8606643e-08,0.009090891,2.8206852e-08
1404,0.06570785,0.09220538288354874,0.09176155924797058,0.0,-0.0066773575,0.51356,0.044340745,99.98355,544.7219,162.96213,3.0828638,1.7965878,0.8144865,0.9997052,0.1727268,101.07665,0.4005928,3.5269346e-07,2.2166553e-06,0.009165393,6.7762606e-08
1405,0.06889079,0.09540729969739914,0.09519458562135696,0.0,-0.0055148215,0.5265156,0.047614515,99.87114,272.32217,162.30617,3.0546048,2.2780726,0.28244957,0.9987823,0.18172765,125.27461,0.4195031,5.333907e-07,1.0206187e-06,0.009188737,2.2363448e-08
1406,0.066828206,0.09251553565263748,0.09216950833797455,0.0,-0.0059882673,0.506034,0.047973268,99.95365,296.8054,160.14108,3.056642,1.7227497,0.9066775,0.99994004,0.17591597,149.1612,0.6344777,5.2637038e-08,6.9716987e-07,0.009197844,3.082291e-08
1407,0.067332886,0.09166649729013443,0.09107892215251923,0.0,-0.0054930435,0.54994786,0.041543327,99.962006,698.31757,162.50905,2.9939482,1.528893,0.98436993,0.99981046,0.17099664,55.40697,0.7422148,5.075622e-08,4.0031608e-07,0.009355179,2.9171042e-08
1408,0.06554878,0.09482172876596451,0.09360790997743607,0.0,-0.0069393655,0.5377177,0.040973507,99.41619,685.74036,164.4308,2.8560314,1.0002283,1.4196162,0.9997136,0.17788069,67.0073,0.6732877,1.6011036e-06,3.6666079e-06,0.008684648,5.0159133e-07
1409,0.06548305,0.09458045661449432,0.09453228116035461,0.0,-0.0059068957,0.52658343,0.04422343,99.968666,633.78375,164.17932,3.003998,1.8461932,0.75097275,0.999628,0.17907622,158.19827,0.4521066,1.9209772e-07,8.905575e-07,0.009069216,1.686636e-09
1410,0.06527633,0.0914936512708664,0.09123797714710236,0.0,-0.0056275893,0.49901834,0.050466243,99.75383,695.6955,165.03473,2.8200195,1.7040038,0.882829,0.99941075,0.18009983,96.62081,0.658693,5.854639e-07,1.502592e-06,0.009110426,1.7657726e-08
1411,0.06569379,0.09368579834699631,0.09345351904630661,0.0,-0.005562516,0.53384256,0.046336077,99.718216,696.5104,163.03226,2.9187484,1.7185603,0.856737,0.9997962,0.18119441,81.18821,0.48658788,1.4809349e-06,3.9121753e-07,0.00909293,9.3223285e-08
1412,0.06769357,0.09222450852394104,0.09427332133054733,0.0,0.084738016,0.63217396,0.03238913,99.94888,698.47437,163.02788,2.999023,1.9602034,0.6503724,0.99956954,0.18038452,71.72397,0.64631045,1.2833169e-06,1.4116507e-06,0.008722023,3.8622176e-08
1413,0.06548129,0.08960501104593277,0.08945173770189285,0.0,-0.0056854454,0.5382835,0.042571817,99.78336,540.3739,163.15884,2.859146,1.6541151,0.90574056,0.9998289,0.17364961,114.78548,0.65892714,2.6399084e-07,1.2228854e-06,0.009210525,2.7502738e-08
1414,0.064719915,0.09174884110689163,0.09157897531986237,0.0,-0.006713743,0.52357996,0.04336988,99.917404,553.03265,165.41756,2.9796066,1.7323021,0.8232501,0.9998928,0.17653823,57.095184,0.76759315,1.6872778e-07,7.561526e-07,0.009121148,1.51401e-08
1415,0.06775042,0.09555228799581528,0.09515692293643951,0.0,-0.0055343346,0.52411914,0.045794293,99.76955,696.30493,162.58295,3.0027957,1.7449541,0.8069892,0.9998601,0.17961317,87.66883,0.20223908,4.4807422e-07,3.0375952e-06,0.00932862,4.3925787e-08
1416,0.06630794,0.0927521362900734,0.09241852164268494,0.0,-0.005483779,0.5008047,0.04903608,99.920616,696.99634,167.03511,3.0070994,1.6162819,0.9628253,0.9990057,0.17800951,44.763874,0.505177,6.872138e-07,2.334671e-06,0.00931318,1.959785e-09
1417,0.06493743,0.09357482939958572,0.09344777464866638,0.0,-0.0058328034,0.5029712,0.04972135,99.92042,691.1556,164.35107,2.9783556,1.9578023,0.67506105,0.999091,0.18021853,43.48315,0.42863855,9.0871845e-07,7.937531e-07,0.0091479,1.4466653e-09
1418,0.064582475,0.09140077233314514,0.09115628153085709,0.0,-0.005555937,0.5142985,0.046248883,99.99778,471.6265,164.64142,3.084048,1.8374696,0.75646275,0.9999162,0.1775392,65.8143,0.56195533,5.087946e-07,6.584976e-07,0.009250241,3.849724e-08
1419,0.06635096,0.09068922698497772,0.09062691777944565,0.0,-0.006742204,0.5335398,0.04434163,99.99545,689.18915,164.96211,2.9660642,2.3060005,0.21215089,0.99963427,0.17406857,180.41696,0.39270422,1.3072918e-07,4.033163e-06,0.009297826,3.2463146e-07
1420,0.06659604,0.09279605746269226,0.09274421632289886,0.0,-0.005684247,0.5421603,0.042051557,99.99189,697.45166,165.39478,2.9761217,1.7580715,0.9099654,0.9999761,0.17830071,99.30067,0.5115485,1.2325632e-08,3.259637e-07,0.009103605,4.1297348e-09
1421,0.068344705,0.09283837676048279,0.09270432591438293,0.0,-0.005487832,0.5313417,0.045595445,99.831825,505.45236,164.10371,3.0637498,1.7048118,0.9073633,0.9998034,0.17703128,80.64343,0.73734385,9.791347e-07,5.729889e-07,0.009245336,2.4468875e-07
1422,0.06676385,0.09108611196279526,0.0907457172870636,0.0,-0.007378543,0.5383519,0.044417374,99.977745,550.7382,165.60945,2.8607516,1.6477644,0.8980252,0.99987566,0.17824993,133.88287,0.23076338,2.3434237e-07,3.3318594e-07,0.009051112,1.4300575e-08
1423,0.065815195,0.09274667501449585,0.09253717958927155,0.0,-0.005831494,0.51570225,0.043878224,99.89548,685.77673,164.67317,2.972711,1.8477901,0.73132384,0.99858093,0.18041769,63.199615,0.71679544,2.337226e-06,5.7173747e-06,0.009181607,1.0693981e-07
1424,0.06487797,0.09567683190107346,0.09687189012765884,0.0,0.08937881,0.62548345,0.034173023,99.964714,698.62805,163.82219,2.941912,1.9066013,0.73110557,0.9998896,0.1833753,151.29512,0.68121886,3.1981408e-08,1.8674412e-07,0.008824218,2.2011765e-08
1425,0.067416266,0.08966701477766037,0.0894235223531723,0.0,-0.0062360493,0.5380136,0.045731153,99.9553,699.8654,165.7633,2.9197412,1.5864444,0.9595147,0.9999536,0.1751961,47.184128,0.60180134,8.7058496e-08,2.0419275e-06,0.009079259,9.748963e-10
1426,0.064167164,0.09720779210329056,0.0971086323261261,0.0,-0.0055124112,0.5333913,0.04455185,99.99818,699.4343,164.5866,3.0359025,1.6425923,1.0528141,0.9991039,0.1845657,145.98601,0.8167782,1.2360332e-06,5.177416e-07,0.009050615,7.3941697e-09
1427,0.06519017,0.09400418400764465,0.09376700967550278,0.0,-0.0055047916,0.50685114,0.05304069,99.953,673.59955,166.78336,2.953245,1.627946,0.9498306,0.9992551,0.17756492,95.024925,0.98135495,1.3466558e-07,3.90881e-07,0.009371542,3.902592e-08
1428,0.06461436,0.09083320200443268,0.09070533514022827,0.0,-0.0055720033,0.52524143,0.047435265,99.89309,661.87427,166.55772,2.9226737,1.84016,0.74008137,0.99971414,0.18049617,146.58664,0.52469707,4.604341e-08,8.8967016e-07,0.009291188,7.958176e-08
1429,0.06649362,0.09404955804347992,0.09392794966697693,0.0,-0.0054787053,0.52918273,0.047175273,99.92653,674.34937,165.59717,2.9940932,1.701042,0.8603017,0.9998777,0.18199807,96.658775,0.72016037,1.0509116e-07,1.1486272e-06,0.00920446,3.09166e-08
1430,0.06575762,0.09034408628940582,0.09002400189638138,0.0,-0.00551969,0.53008807,0.04751857,99.999504,699.8817,165.37332,2.9869108,1.6880752,0.80910605,0.99990386,0.1742849,47.752094,0.3156513,1.9179838e-08,1.0098072e-06,0.0094121825,4.368484e-08
1431,0.06285331,0.09140883386135101,0.0911773219704628,0.0,-0.005562768,0.54885465,0.042918555,99.96521,697.47186,163.6139,2.9645195,1.4223981,1.1848154,0.99988157,0.17352578,105.48528,0.5984658,1.8233981e-08,3.6234474e-07,0.00915692,1.4401324e-08
1432,0.066143006,0.09416043013334274,0.09375268220901489,0.0,-0.0056012585,0.54767376,0.042454667,99.97004,574.33496,163.42053,2.861,1.6092714,0.96868,0.99992615,0.1790849,115.274,0.35724932,5.8686e-07,2.6168989e-06,0.008939774,1.5012695e-08
1433,0.06477229,0.09154822677373886,0.09137555956840515,0.0,-0.005495843,0.50959694,0.04797064,99.92666,522.18036,165.75049,2.9333613,1.5157661,1.0734533,0.99979067,0.17950746,53.559456,0.7109225,9.198352e-07,2.7068234e-06,0.009301999,4.6842132e-08
1434,0.06430054,0.09091056138277054,0.0905960351228714,0.0,-0.0066771894,0.51522374,0.04695843,99.89001,468.46664,163.83427,3.0097756,1.8368425,0.7040565,0.9994576,0.17736456,143.62161,0.7410749,1.2342589e-06,1.2413764e-06,0.009411507,4.329282e-08
1435,0.070001125,0.09397241473197937,0.09389723837375641,0.0,-0.0056244084,0.5146115,0.04711249,99.96753,565.3485,164.91255,3.0119061,1.6546707,0.91908544,0.9999633,0.17927602,142.44193,0.40891716,1.8257954e-07,8.775775e-07,0.00913352,1.0104075e-07
1436,0.06700415,0.09272500872612,0.09233595430850983,0.0,-0.005554859,0.5320006,0.04852882,99.95046,614.54736,165.1769,2.8896623,1.7753329,0.79520345,0.99983674,0.17754926,129.36049,0.87044865,1.541411e-07,6.8217383e-07,0.009277499,5.1857057e-08
1437,0.065342814,0.09408772736787796,0.09436137229204178,0.0,-0.0059417333,0.47142518,0.046732623,97.84203,679.6125,153.00497,3.0485585,3.1512268,0.010372776,0.9997073,2.957823e-07,37.309013,0.01391699,0.0067084543,9.28262e-08,0.2646579,0.3669337
1438,0.062570654,0.09417804330587387,0.09385202825069427,0.0,-0.0054564998,0.50413,0.048399653,99.98269,695.6624,163.17467,3.0218403,1.5125496,1.0358309,0.9999422,0.18172489,70.98691,0.087452285,8.957638e-07,4.4500237e-07,0.009259239,5.674471e-09
1439,0.06811245,0.09331243485212326,0.09309989213943481,0.0,-0.00651457,0.53970915,0.043795485,99.46831,562.9579,164.32056,2.8766036,1.6643194,0.93909484,0.99983424,0.17684151,57.930183,0.10403638,1.1931576e-06,1.7701324e-06,0.009021927,3.7399252e-07
1440,0.066581234,0.09314312040805817,0.09284931421279907,0.0,-0.0068396814,0.5296872,0.045810334,99.97665,671.0877,164.1163,2.841697,1.8125814,0.70197904,0.9998666,0.1814891,158.2798,0.8190644,1.3472967e-06,3.157286e-07,0.008978026,5.176621e-08
1441,0.0673254,0.0891629159450531,0.08875024318695068,0.0,-0.0055198767,0.53928727,0.04593004,99.973145,563.65533,165.34369,2.9430895,1.5961986,0.90415066,0.99992865,0.17515667,69.19728,0.9226879,6.2374845e-08,7.047294e-07,0.009422117,1.6858737e-08
1442,0.06482151,0.08788477629423141,0.08757484704256058,0.0,-0.0074521685,0.5259409,0.046812568,99.9475,699.9291,168.31792,2.8753884,2.114036,0.4545214,0.9997246,0.17247103,140.56483,0.022584502,1.8704513e-07,8.544525e-07,0.009218581,1.254156e-08
1443,0.06344486,0.09050171822309494,0.08964931964874268,0.0,-0.005669456,0.49709687,0.046674926,99.99323,440.66574,163.95949,2.936565,1.8157523,0.7599289,0.99948233,0.17061156,142.6651,0.869616,4.789149e-07,1.4260673e-06,0.009343678,1.0277245e-07
1444,0.06622217,0.09202220290899277,0.09167927503585815,0.0,-0.0056795883,0.53412765,0.041217323,99.97745,699.6002,162.31873,3.013853,1.5940874,0.95955205,0.99999213,0.17392707,72.60338,0.24460293,4.1868114e-07,2.2210787e-07,0.009202536,2.4932199e-08
1445,0.06652491,0.09342911839485168,0.09285987168550491,0.0,-0.0074312855,0.5535185,0.042179193,99.75516,537.2791,164.06573,2.9267054,0.9657675,1.6720774,0.99978346,0.17992571,54.53662,0.47137645,2.4776662e-07,1.2896616e-07,0.008915704,1.7321834e-07
1446,0.0643187,0.09063554555177689,0.08966272324323654,0.0,-0.0061055687,0.5664591,0.042531498,99.9715,693.1319,166.01477,2.852464,1.7557249,0.85859543,0.99998873,0.1735824,21.008171,0.5896752,2.5030522e-07,1.2149624e-06,0.009109804,1.4713754e-08
1447,0.06628599,0.09288597851991653,0.09269615262746811,0.0,-0.007493646,0.5180444,0.05045485,99.97482,672.6701,166.25264,2.8797317,2.005837,0.62104475,0.999631,0.17684618,169.3612,0.76084715,2.906917e-06,5.2480455e-06,0.009215337,1.01653235e-07
1448,0.06957982,0.0923445075750351,0.09230105578899384,0.0,-0.005596363,0.5326021,0.04334683,99.016304,691.2613,163.49783,2.920336,1.9841868,0.5501463,0.9975125,0.17641433,72.55707,0.4389338,1.0545623e-06,1.1023961e-06,0.009225496,1.5531448e-07
1449,0.064362966,0.09220711141824722,0.09207846969366074,0.0,-0.0055951257,0.5177014,0.046916302,99.99401,685.22473,164.74954,2.8246362,1.4574553,1.0543407,0.9999249,0.17767711,143.8439,0.7308024,7.569732e-07,1.9482488e-07,0.009145326,5.4232746e-08
1450,0.06578134,0.09517674148082733,0.09501294046640396,0.0,-0.0056981593,0.53735954,0.041529212,99.98957,384.39777,161.92567,3.0335255,1.8580209,0.8078923,0.9999384,0.1804782,105.764595,0.4717763,1.8605453e-08,5.393848e-07,0.008952797,1.5041662e-08
1451,0.0677873,0.0909123495221138,0.08491635322570801,0.0,-0.0066231056,0.5036537,0.037493832,58.256268,665.03204,117.80568,2.1070101,2.6752422,0.12227926,0.9924956,0.006969581,37.63137,0.010133804,1.6263713e-05,1.4557692e-06,0.16060562,0.00021221585
1452,0.0661983,0.09389439970254898,0.09372565895318985,0.0,-0.0067787217,0.53988117,0.040115044,99.69044,696.10254,163.37604,2.9289663,0.99846035,1.5119061,0.99878454,0.18164532,47.18763,0.30426815,1.858976e-07,6.510684e-07,0.008983985,3.2435842e-08
1453,0.06492452,0.09349375218153,0.09315355867147446,0.0,-0.0054639047,0.5029583,0.048786983,99.99049,690.88245,165.92711,3.0584354,1.8274237,0.7714459,0.99946415,0.18130633,129.55821,0.48431897,2.1433337e-08,5.898702e-08,0.009082219,4.1517115e-08
1454,0.06673667,0.09284953773021698,0.0925230011343956,0.0,-0.0064917994,0.5529837,0.042537898,99.88169,372.594,164.03267,2.9687612,1.8686384,0.6775896,0.9995003,0.17570941,112.484726,0.7503055,4.1776073e-07,1.2253335e-08,0.009136147,3.5984193e-08
1455,0.06546365,0.09101397544145584,0.09087583422660828,0.0,-0.005645388,0.528542,0.047110215,99.885635,547.92926,164.1904,2.9708045,2.1705797,0.35384476,0.9987161,0.17661712,96.30793,0.6042278,6.8344557e-09,1.5057519e-07,0.0093032345,3.9920835e-08
1456,0.06504325,0.09294764697551727,0.09279793500900269,0.0,-0.0057239244,0.53100383,0.043290693,99.928795,649.20026,162.38034,2.9809566,1.880843,0.6881401,0.99942654,0.17897305,54.337845,0.35980898,3.367221e-08,5.0752595e-07,0.009124644,2.784256e-08
1457,0.064134456,0.09127470850944519,0.09095170348882675,0.0,-0.0054944563,0.5319535,0.04657459,99.90546,649.3335,167.0701,2.8829265,1.7322673,0.7896839,0.9996897,0.17603245,63.576756,0.62691367,4.3567454e-08,1.3604033e-07,0.0091198925,6.15269e-08
1458,0.066678636,0.09540879726409912,0.09483572840690613,0.0,-0.0055707144,0.49421775,0.05070125,99.82798,403.909,161.02756,2.9952505,2.0180001,0.48583105,0.99969727,0.18057203,109.90126,0.5840594,9.7763554e-08,6.2303906e-07,0.009323344,2.6579393e-08
1459,0.06795529,0.09072431176900864,0.09010682255029678,0.0,-0.005962742,0.4946525,0.048785668,99.96356,692.13495,165.02351,2.9571986,1.9053711,0.68636626,0.99984795,0.17567904,43.23472,0.49389306,6.956047e-07,5.3309964e-07,0.009337254,3.6067647e-08
1460,0.0633425,0.09172240644693375,0.09152190387248993,0.0,-0.0061959308,0.5272904,0.046105474,99.739975,650.5286,166.14235,2.8907611,1.3094666,1.2604287,0.99982804,0.17763478,166.63013,0.64240044,2.2161827e-07,3.264262e-06,0.009075396,2.5840566e-07
1461,0.06630858,0.09019414335489273,0.0899830311536789,0.0,-0.005457273,0.5360119,0.04528873,99.951416,695.66144,164.06902,2.9938223,1.6848481,0.868132,0.9997088,0.17662947,89.37775,0.2922331,2.8056954e-07,1.3675127e-06,0.009265454,7.78785e-09
1462,0.06670663,0.09302496910095215,0.09269732981920242,0.0,-0.005519223,0.5367637,0.04667332,99.83091,695.18604,164.31538,2.9374018,1.8174419,0.740395,0.9999458,0.17747706,126.61662,0.7609725,2.1416685e-07,9.512817e-07,0.00930113,1.7781994e-07
1463,0.06767302,0.09098748117685318,0.09085052460432053,0.0,-0.0057227365,0.51405203,0.04688693,99.996895,695.43445,166.05907,2.937518,2.0379362,0.5497933,0.9999637,0.17490886,132.10925,0.31266648,9.714566e-08,1.5074852e-07,0.009185921,2.2644109e-08
1464,0.06568233,0.08926182985305786,0.08920612186193466,0.0,-0.0065567927,0.5191698,0.04601087,99.98392,691.04425,165.73918,2.89748,1.6746644,0.7729276,0.9982756,0.17686911,61.158066,0.4069197,3.0907886e-06,4.2619668e-06,0.009164105,7.047421e-08
1465,0.06571318,0.09056919068098068,0.09024707973003387,0.0,-0.006384626,0.5073986,0.047281027,99.7892,643.7237,166.17793,2.991782,2.0954463,0.51010495,0.99994475,0.17686218,95.34511,0.2150931,7.6983537e-07,3.0323436e-06,0.0093313595,2.0918277e-07
1466,0.06792527,0.08913855999708176,0.08902497589588165,0.0,-0.006254959,0.5325223,0.044016957,99.81023,683.90936,163.1387,2.9853058,1.6650875,0.9664606,0.99930334,0.17528893,132.15465,0.67726386,3.187975e-08,1.3499707e-06,0.009221299,9.4416514e-08
1467,0.066953205,0.0943864956498146,0.09413393586874008,0.0,-0.0055106003,0.5211607,0.043813717,99.91797,560.615,163.9084,3.0772793,1.9166803,0.66410834,0.9996393,0.18111396,42.780937,0.7733188,1.2706869e-07,1.2531473e-06,0.009236703,5.13854e-08
1468,0.064353116,0.09034284204244614,0.09032241255044937,0.0,-0.0059556845,0.52926105,0.04516379,99.99677,528.6619,164.68102,2.9492433,1.8121523,0.73054004,0.9999863,0.17345877,122.92243,0.39658272,1.1795947e-07,3.802589e-07,0.009230166,3.4044213e-08
1469,0.06696737,0.09162037819623947,0.08981990069150925,0.0,-0.0063117715,0.4682865,0.047957674,98.12394,459.44913,163.95625,2.9131052,2.4144006,0.0042641875,0.9489142,0.008927271,39.98923,0.010468335,4.3523163e-05,3.515155e-07,0.17642398,6.3103e-05
1470,0.063072264,0.09193874150514603,0.09154334664344788,0.0,-0.005762717,0.5115084,0.045295756,99.9891,358.2766,164.88792,2.8950038,1.7928466,0.7930312,0.9999301,0.17482477,166.29189,0.63895833,4.988584e-08,1.076349e-06,0.009211998,3.446583e-09
1471,0.064539276,0.09497243911027908,0.09454209357500076,0.0,-0.0055343956,0.512085,0.045235567,99.890755,691.0538,162.53389,3.0283473,1.937613,0.7573938,0.9998993,0.17857383,55.55669,0.25114822,4.8824444e-07,4.886245e-07,0.009161109,2.9716773e-08
1472,0.06909181,0.09122646600008011,0.09097476303577423,0.0,-0.0066890256,0.51905155,0.04391117,99.50882,693.44055,165.38972,2.8662832,1.6972073,0.8464652,0.99898034,0.17781849,141.01363,0.567049,1.5098518e-06,3.5228293e-06,0.009094718,1.5552831e-07
1473,0.06501338,0.09163495153188705,0.09137193858623505,0.0,-0.007318181,0.52318627,0.045234475,99.952515,699.6729,164.95126,2.8213153,1.8716841,0.60063696,0.99993205,0.17635147,50.28807,0.6474433,5.3023984e-07,3.910848e-07,0.009041387,3.8269437e-08
1474,0.067116246,0.09483080357313156,0.09426108002662659,0.0,-0.0057027475,0.53042656,0.04029955,99.9915,696.42804,165.98305,3.0109825,1.9264123,0.69055676,0.9997767,0.17569713,63.38458,0.1288832,3.0830947e-07,3.3986075e-07,0.008937315,1.6551953e-08
1475,0.065833695,0.09463214129209518,0.0945630744099617,0.0,-0.005524732,0.5427468,0.042197883,99.95625,692.75964,164.15689,2.972591,2.0238056,0.55699956,0.9999435,0.17969182,103.35667,0.7057872,6.883059e-07,7.184297e-07,0.009095897,3.681219e-08
1476,0.06728674,0.09366197139024734,0.09341209381818771,0.0,-0.007037509,0.53421974,0.046278965,99.64798,632.5743,165.09145,2.9043252,2.1653056,0.46904513,0.9992542,0.17653736,121.8673,0.67397887,1.7395604e-06,1.0536875e-06,0.00906283,2.1442011e-07
1477,0.06630169,0.09366550296545029,0.09350254386663437,0.0,-0.0054753562,0.50712055,0.04915416,99.9611,699.9708,164.54778,2.9564896,1.4882774,1.0310534,0.99999416,0.17940903,84.22919,0.69718546,1.5146611e-07,1.7650308e-08,0.009325163,6.627267e-09
1478,0.06378141,0.09228073805570602,0.092182457447052,0.0,-0.0055755205,0.50650907,0.048991572,99.91602,696.0599,164.4519,2.9778721,1.7535104,0.8616167,0.9999562,0.17607993,60.365635,0.87696123,5.6775525e-07,4.0131997e-07,0.009215463,2.0598678e-08
1479,0.06395062,0.09216035902500153,0.09189728647470474,0.0,-0.0055543147,0.50533205,0.048485544,99.9098,699.3208,166.93701,2.871163,1.9485729,0.6777415,0.9996604,0.18146633,155.02309,0.71395725,2.098544e-07,3.3422086e-07,0.009187309,9.1411245e-08
1480,0.06746534,0.09162874519824982,0.09156280755996704,0.0,-0.005510175,0.5297489,0.04576664,99.860405,686.9577,163.55998,2.9816413,1.8223346,0.7470935,0.99974275,0.17443515,91.91655,0.8194523,9.518371e-08,1.3163641e-06,0.009194855,5.20816e-08
1481,0.06426827,0.09488555788993835,0.09475338459014893,0.0,-0.0056056646,0.510265,0.04778144,99.96915,469.86536,164.10243,3.0566835,1.7638485,0.8780864,0.9998323,0.18123,87.27066,0.975993,1.4067102e-07,3.824357e-07,0.009164487,2.5120466e-08
1482,0.064234555,0.08996286988258362,0.08963862806558609,0.0,-0.005537005,0.548584,0.04398564,99.97317,689.6376,165.68233,2.9329107,1.7974497,0.75191265,0.99994284,0.1708713,97.09931,0.5833911,9.966244e-08,2.9558447e-07,0.009323636,9.883954e-10
1483,0.063814625,0.09171272069215775,0.09276460856199265,0.0,-0.00548735,0.45858437,0.048921436,98.43243,597.5382,156.61497,2.9556222,2.9429872,0.3202565,0.9965678,7.723704e-07,36.52749,0.013740785,0.0068564336,3.6027664e-08,0.0031049824,0.64913297
1484,0.068298966,0.09399865567684174,0.09365731477737427,0.0,-0.005534862,0.4966853,0.050473932,99.952995,557.1418,164.96257,3.0366344,1.694014,0.8246761,0.9998243,0.1781159,145.58623,0.29330862,3.151497e-08,7.6620483e-07,0.009372109,1.9927914e-08
1485,0.06657288,0.09336212277412415,0.09315961599349976,0.0,-0.0058485763,0.5237522,0.04891945,99.88952,637.50385,166.21704,2.9403262,1.716228,0.84469837,0.99934596,0.18082026,82.485504,0.56640005,8.345379e-07,3.922211e-06,0.009308323,3.9943593e-08
1486,0.064805575,0.0902523398399353,0.08964791893959045,0.0,-0.0072956607,0.5310961,0.048154853,99.95947,671.63904,166.8786,2.816898,1.6550448,0.89975935,0.9991945,0.17111081,154.68523,0.34294045,2.0204703e-07,1.8571393e-06,0.009092404,2.4895902e-08
1487,0.06636669,0.09142450243234634,0.09127429127693176,0.0,-0.0054869396,0.534931,0.04447949,99.99558,698.15735,167.50829,2.9276407,1.7542048,0.8539298,0.99985844,0.17668597,178.92116,0.27817836,4.5068917e-09,5.6295395e-08,0.009251937,8.958661e-09
1488,0.068073384,0.0921931341290474,0.09213009476661682,0.0,-0.0074329963,0.53326046,0.043854784,99.989426,580.64966,164.31517,2.9379704,1.7162296,0.873696,0.99990547,0.17568827,130.06668,0.6473019,2.9776777e-07,3.8379937e-08,0.009074407,1.6628256e-08
1489,0.06579824,0.08827125281095505,0.08806551992893219,0.0,-0.007113958,0.5461001,0.042022947,99.99081,698.5678,166.36484,2.8673,1.6671649,0.8919718,0.9998903,0.17495713,168.79813,0.37736166,1.4249061e-08,1.1814184e-06,0.009123224,1.6299088e-08
1490,0.065649934,0.09321251511573792,0.09316223859786987,0.0,-0.005567197,0.5108001,0.04914164,99.994545,697.48303,164.93587,2.8893857,1.7310593,0.8040081,0.9995258,0.17761363,149.35303,0.20386505,2.720602e-07,1.140709e-06,0.009169006,3.213239e-08
1491,0.065534055,0.09450511634349823,0.09438848495483398,0.0,-0.00727084,0.54033726,0.04340463,99.806946,698.6834,163.2592,3.0459929,1.9756376,0.61559767,0.9999479,0.17887796,114.246445,0.5208496,1.1653414e-06,1.267838e-06,0.009106787,4.7606253e-08
1492,0.06651166,0.09738833457231522,0.09667696803808212,0.0,-0.005469715,0.4719369,0.054936554,99.9839,384.056,163.15942,3.0611808,1.8320872,0.73467445,0.9998939,0.17960201,69.14706,0.4121924,1.505382e-07,3.1721746e-07,0.009226203,1.2534856e-08
1493,0.06803679,0.09646334499120712,0.09639155119657516,0.0,-0.0059229126,0.53431517,0.044347454,99.89846,649.0471,163.604,3.0148568,1.8752562,0.6913911,0.9983035,0.18049069,86.14038,0.38727322,4.047408e-06,3.8914754e-06,0.009141166,3.3256168e-07
1494,0.06642814,0.09286688268184662,0.09256160259246826,0.0,-0.005476698,0.5313517,0.048192725,99.98063,573.82587,165.46024,2.9579136,1.2753963,1.2776982,0.99982876,0.18113118,133.71303,0.2899397,4.3448617e-07,1.0580417e-06,0.009215908,1.7212322e-08
1495,0.066121794,0.0948793962597847,0.09454484283924103,0.0,-0.005476285,0.48433486,0.054606672,99.97161,630.8936,166.171,2.9560575,1.7616632,0.7218589,0.9997155,0.17969802,150.87561,0.47620293,3.604679e-07,1.0212141e-07,0.009353666,4.0271527e-08
1496,0.06859331,0.09307503700256348,0.09300582855939865,0.0,-0.006877134,0.5401416,0.042624194,99.96848,697.97296,164.17596,3.0347252,1.790632,0.77665204,0.9998222,0.17625463,128.65439,0.8394242,7.6380275e-07,1.3803435e-06,0.00917719,3.148387e-08
1497,0.06655815,0.0943477675318718,0.09382932633161545,0.0,-0.005466365,0.4963381,0.051487233,99.89083,491.1659,166.89342,2.8574948,1.6130475,0.9353764,0.9998909,0.18059392,118.94935,0.79989934,6.8710716e-07,5.992003e-07,0.009132402,2.5973009e-08
1498,0.06695414,0.09094765782356262,0.09079534560441971,0.0,-0.0070798583,0.55217,0.0390517,99.654785,5.891151,154.93379,2.8632374,1.4658816,1.0172243,0.9999486,0.1725469,160.41245,0.60106295,1.0368894e-06,1.6853616e-07,0.009143522,4.21017e-08
1499,0.06701208,0.09480670839548111,0.0945478305220604,0.0,-0.0057081426,0.4970969,0.051254485,99.89917,696.1624,164.26213,2.9735143,2.1648483,0.33725816,0.99997216,0.17801754,80.51059,0.95113057,6.471885e-08,1.5815764e-06,0.009358361,1.330457e-07
1500,0.06472281,0.0957154631614685,0.09542956948280334,0.0,-0.005561969,0.5557731,0.03986577,99.88979,694.9498,162.57536,3.0465343,1.476729,1.0625293,0.9999369,0.18069492,78.02278,0.6912701,9.482251e-07,3.6123808e-07,0.0089612035,1.0673834e-07
1501,0.06738791,0.09155424684286118,0.09148867428302765,0.0,-0.005638527,0.5300225,0.045263533,99.99543,435.15784,165.02614,2.9855487,1.8093721,0.77926606,0.9999818,0.17764366,50.143887,0.20924434,3.7701074e-07,4.4557484e-07,0.009241213,7.948583e-09
1502,0.06653816,0.09195408970117569,0.09183526039123535,0.0,-0.005796648,0.53685486,0.045145195,99.98295,676.4993,165.8157,2.9526172,1.6276197,0.97936815,0.9997167,0.17507425,103.78761,0.5755806,3.8471956e-07,3.2904543e-07,0.009132229,1.5601325e-08
1503,0.06540842,0.09203624725341797,0.09165216982364655,0.0,-0.005487217,0.5523225,0.043059517,99.92433,535.0592,163.45308,2.9415646,1.8672459,0.6953035,0.9998191,0.17590725,195.72357,0.60938317,2.731891e-07,4.5593174e-07,0.009228978,2.7397416e-08
1504,0.06740447,0.08944310247898102,0.08929919451475143,0.0,-0.006864447,0.52445537,0.044148084,99.73312,682.3647,162.96486,2.867681,1.4319428,1.0940892,0.99971545,0.17854561,96.76212,0.22858451,8.9209476e-07,4.191819e-06,0.009106699,2.8464035e-07
1505,0.06540406,0.09107253700494766,0.0909779891371727,0.0,-0.0054581813,0.5189467,0.04714985,99.95824,589.4125,165.62695,2.9920847,1.9323996,0.64758295,0.9996241,0.17507015,159.10223,0.41515064,1.1098998e-06,2.3127059e-07,0.009326336,1.14749845e-08
1506,0.06360392,0.09230542182922363,0.09189430624246597,0.0,-0.0055829524,0.52213126,0.042893235,99.910645,692.52325,162.7682,3.0399742,1.8400017,0.8085661,0.99917555,0.17643963,197.12917,0.35879877,1.024946e-06,3.2366512e-07,0.009170912,2.7443377e-08
1507,0.06446815,0.09471255540847778,0.09453176707029343,0.0,-0.005624237,0.53994125,0.0417503,99.988106,697.88226,162.76463,3.016897,1.7454228,0.87489647,0.99990696,0.17748189,130.7278,0.6961493,2.1559796e-07,3.520518e-07,0.009159775,1.8992825e-08
1508,0.06734779,0.09061754494905472,0.09041666239500046,0.0,-0.005918943,0.5437849,0.0428767,99.99258,697.03546,162.94507,2.9597259,1.650544,0.90089315,0.9999632,0.17352262,179.67265,0.8311375,4.9878093e-07,1.1856388e-06,0.009177208,7.1153083e-09
1509,0.06395238,0.09460557997226715,0.09451034665107727,0.0,-0.0056163813,0.54478765,0.041564498,99.96841,697.41846,163.84248,2.9923255,1.5891525,1.0286386,0.9999948,0.17683256,90.70153,0.8122084,1.7247421e-08,5.6579495e-08,0.009028306,6.6971535e-09
1510,0.066241115,0.09097229689359665,0.09087180346250534,0.0,-0.0062957546,0.5089036,0.05156774,99.71229,379.6123,163.55565,2.9494433,1.7969333,0.7329141,0.9999815,0.17807077,141.10124,0.97195935,5.6057207e-08,1.0341809e-06,0.009264335,1.6079849e-08
1511,0.06593762,0.09110390394926071,0.0908786728978157,0.0,-0.0056664087,0.5277529,0.048100043,99.99348,694.42737,166.32133,2.924053,1.7033089,0.8366158,0.9999865,0.18109046,101.29357,0.46827346,1.2361344e-08,2.9159528e-06,0.009166678,3.9822975e-08
1512,0.06290046,0.09152621030807495,0.09106790274381638,0.0,-0.0059918985,0.5553512,0.043183256,99.98505,413.7756,164.18091,3.0274973,1.6123137,0.9567159,0.9999394,0.17420478,95.67442,0.75167286,5.3942603e-08,3.1617435e-07,0.009208247,4.548514e-09
1513,0.067402385,0.09463836252689362,0.09457338601350784,0.0,-0.0056250747,0.5318854,0.0448545,99.99607,629.0835,164.19513,2.9736366,1.639849,0.96676904,0.99983156,0.17790487,184.73274,0.5210195,1.6925887e-07,1.1416157e-06,0.009043229,3.0715865e-09
1514,0.067290425,0.09263966977596283,0.09240634739398956,0.0,-0.0055137165,0.56096375,0.037780017,99.98284,698.42737,164.12163,2.9273884,1.7967873,0.7944325,0.99999404,0.17577381,74.22514,0.39171863,4.6895548e-07,1.3074435e-06,0.008958374,1.4634984e-09
1515,0.06585402,0.09430240094661713,0.09421900659799576,0.0,-0.006717785,0.52159727,0.045396954,99.87172,513.0887,161.8401,3.00588,2.0381832,0.46004277,0.9996648,0.17991735,92.19001,0.7234939,7.8743426e-07,1.3670358e-06,0.009083729,2.2244105e-08
1516,0.06812013,0.09179132431745529,0.0914050042629242,0.0,-0.007366747,0.54838693,0.041997436,99.9958,698.0877,162.57706,2.8512716,1.528943,0.9846483,0.9998026,0.17222348,127.58206,0.5509056,4.2356197e-07,1.6792609e-07,0.009048853,8.3224606e-08
1517,0.06725689,0.09237067401409149,0.09217260777950287,0.0,-0.0055969097,0.55572283,0.040953066,99.88044,699.8627,164.3611,2.9377291,1.690875,0.9244705,0.9999942,0.1737903,124.98029,0.491122,7.640167e-09,1.0712295e-06,0.009100809,5.8562155e-09
1518,0.067251354,0.09052695333957672,0.09048328548669815,0.0,-0.0056135682,0.52674854,0.044513524,99.991,695.467,165.81345,2.9229715,1.5501454,0.9913345,0.9995343,0.17637044,52.763966,0.053864922,6.221236e-07,1.9340973e-06,0.00917628,4.5555972e-09
1519,0.06571177,0.09437166154384613,0.09371775388717651,0.0,-0.005941383,0.50113165,0.04736287,99.786896,692.0196,165.36487,3.0425754,2.0078611,0.62881076,0.99965996,0.17631932,83.66635,0.17462225,1.5672285e-06,2.2475426e-06,0.009397912,6.007616e-08
1520,0.06803937,0.09387363493442535,0.09371832758188248,0.0,-0.0056005595,0.5293317,0.04260845,99.966095,626.2156,163.19382,3.0675516,1.7403336,0.8592486,0.99995404,0.17502917,75.018555,0.66026825,9.093913e-07,6.342177e-07,0.009094526,1.9998897e-08
1521,0.06942925,0.09105195105075836,0.09062933921813965,0.0,-0.0072934837,0.54045904,0.045390446,99.97201,362.898,165.15585,2.883659,1.1886292,1.3423493,0.9999325,0.17487796,138.25897,0.30298236,2.9532987e-07,1.0908375e-06,0.009124749,2.749525e-08
1522,0.06746748,0.09162586182355881,0.09134155511856079,0.0,-0.0071921255,0.54343987,0.043735974,99.931915,688.5878,166.03091,2.881744,1.9623392,0.6096048,0.9998811,0.17472212,67.53346,0.18234403,5.518479e-09,1.5006866e-06,0.009052551,1.2686134e-07
1523,0.06563462,0.09035012871026993,0.09003160893917084,0.0,-0.0056719165,0.50483924,0.04864289,99.97926,672.9074,164.34456,3.0060217,1.8208386,0.73093086,0.9999464,0.17804687,145.65695,0.774265,7.118169e-07,9.490683e-07,0.009361956,1.17961086e-07
1524,0.066070825,0.09393684566020966,0.0936402678489685,0.0,-0.0054946924,0.50995165,0.045940958,99.99929,369.59967,162.70506,2.974058,1.814827,0.7706925,0.9999491,0.18063143,171.7354,0.8859537,1.2216746e-07,1.3539619e-07,0.009156089,1.0182986e-08
1525,0.06906196,0.09041644632816315,0.09028958529233932,0.0,-0.0055674016,0.54209787,0.042711623,99.94737,400.7116,163.58046,2.9475064,1.609186,0.91708857,0.9996853,0.17408837,156.39758,0.12028008,3.4706565e-07,9.0294645e-07,0.009299679,5.6786438e-09
1526,0.06622345,0.09418775141239166,0.0939347967505455,0.0,-0.0055958596,0.5388259,0.04401518,99.985016,698.6917,165.80812,2.85265,1.8329284,0.73478156,0.9999951,0.17864501,74.72525,0.95101094,8.442879e-08,9.534383e-07,0.009054366,8.241825e-09
1527,0.065705,0.09298518300056458,0.09240637719631195,0.0,-0.005618653,0.55804604,0.041642837,99.88624,687.796,166.32793,2.8511047,1.9194694,0.7072251,0.9997764,0.17907725,32.647034,0.118970424,9.725377e-07,6.686535e-07,0.009070473,2.0819527e-07
1528,0.06596062,0.09511417150497437,0.094998799264431,0.0,-0.0054629957,0.53076524,0.042965747,99.75178,440.1079,162.16006,3.065779,1.8140513,0.801066,0.9996803,0.1809275,89.459404,0.58186716,2.0672383e-07,5.153753e-07,0.00907037,9.096764e-08
1529,0.06583091,0.09456291794776917,0.09437792003154755,0.0,-0.0061930288,0.5253053,0.042937957,99.877594,675.6833,164.1186,3.044024,1.6086798,1.0386049,0.9999004,0.18007755,87.51493,0.17340569,4.2991832e-07,8.3759954e-07,0.009014926,2.6282397e-08
1530,0.06903598,0.09358080476522446,0.09351930022239685,0.0,-0.0061999415,0.5333904,0.045212734,99.95124,665.3114,165.17867,2.9968052,1.6551039,0.9301318,0.99998385,0.17936118,53.424255,0.18786304,2.3071702e-06,5.6396143e-06,0.00913638,6.220006e-08
1531,0.06644968,0.09533822536468506,0.09525039792060852,0.0,-0.0054975203,0.5355956,0.042276766,99.98949,697.68005,163.49786,3.0281746,1.889387,0.71074814,0.9997032,0.1805469,157.34409,0.56040037,4.3488857e-08,6.832258e-07,0.00907647,2.6954577e-08
1532,0.06707515,0.09406478703022003,0.09400731325149536,0.0,-0.006002573,0.5224837,0.04598073,99.90333,699.3539,165.50055,2.9798098,1.8591737,0.78062034,0.9999484,0.17667526,100.59678,0.69628817,5.3377755e-07,3.5862518e-06,0.009100318,4.1069006e-09
1533,0.06523261,0.08823734521865845,0.08810439705848694,0.0,-0.0069344305,0.5199319,0.046576183,99.99793,516.4047,166.13512,2.8411984,1.7452431,0.80049264,0.99996865,0.17538054,32.027256,0.38651314,3.8930525e-09,5.1646932e-08,0.009252525,2.5079383e-12
1534,0.06532264,0.09196090698242188,0.09368017315864563,0.0,0.08466382,0.639831,0.032149747,99.94419,699.92395,163.05266,2.8847878,1.4750829,1.1152627,0.99986243,0.17942604,104.7072,0.15593532,2.6881153e-08,4.5917332e-07,0.008662155,1.848237e-08
1535,0.06360442,0.09155706316232681,0.09119681268930435,0.0,-0.007213936,0.54605025,0.042656716,99.99244,699.05365,165.70912,2.8548903,1.6565903,0.87400734,0.99997646,0.17527969,164.70189,0.8266506,2.854482e-07,2.9361837e-07,0.009022928,2.6760091e-08
1536,0.068204224,0.0941297709941864,0.0939992144703865,0.0,-0.0054653417,0.5138159,0.048500564,99.93186,461.88757,163.59499,2.9440513,2.1142159,0.3874476,0.99977195,0.18541911,51.269382,0.20223384,3.61861e-08,2.552683e-06,0.009273446,1.4931285e-08
1537,0.06647639,0.09605436027050018,0.09510663151741028,0.0,-0.005675213,0.51358855,0.043185715,99.97277,694.41583,162.4386,3.1415782,2.0297508,0.62150145,0.99984044,0.1774586,156.61597,0.5618192,3.2967324e-07,4.4051663e-07,0.009274175,2.8284501e-09
1538,0.06698407,0.09305764734745026,0.09275458753108978,0.0,-0.0057293517,0.53602815,0.04125679,99.76179,570.71375,161.83388,3.075507,1.6960521,0.86074847,0.9997836,0.17564902,195.3564,0.39112848,7.4071994e-07,4.8302667e-07,0.0091679385,1.6062078e-08
1539,0.06647572,0.08936268091201782,0.08910537511110306,0.0,-0.006424621,0.5355154,0.04294433,99.93078,699.44794,168.39026,2.9551742,1.8171129,0.70995355,0.9998097,0.1724549,103.16298,0.6067492,2.0659955e-07,2.290222e-06,0.009320345,2.849525e-08
1540,0.06781323,0.09160161763429642,0.09112989902496338,0.0,-0.0062493533,0.5068295,0.04559992,99.911354,699.13965,163.5535,2.963424,1.3834927,1.2282766,0.9998964,0.17507632,67.602516,0.78912675,1.6111337e-06,1.0077248e-06,0.009184895,1.0142751e-07
1541,0.06744317,0.09509307891130447,0.09438982605934143,0.0,-0.006507406,0.520064,0.040845014,99.784645,699.1458,162.84128,2.9912415,1.5739307,1.0880742,0.99962795,0.17671005,164.95908,0.14013162,3.3207098e-07,2.382469e-06,0.0089580845,1.2111764e-07
1542,0.06722141,0.09085242450237274,0.09078238159418106,0.0,-0.0054840683,0.5410488,0.04260344,99.93739,699.8733,165.95506,2.989254,1.9298462,0.6711452,0.99984425,0.17573196,182.57506,0.38902995,5.0675305e-07,4.0443348e-07,0.009222954,2.060734e-09
1543,0.06410776,0.09362726658582687,0.09321355074644089,0.0,-0.005634138,0.5127913,0.04587649,99.90121,676.5893,163.37793,3.1235762,1.9562811,0.70062876,0.9999515,0.17408042,18.999779,0.83576655,2.4155523e-07,4.022854e-07,0.009245523,2.0882053e-08
1544,0.06852889,0.09188422560691833,0.09176976978778839,0.0,-0.005539546,0.52042407,0.0466018,99.87809,694.18945,166.0447,2.925086,1.9098058,0.7190895,0.9994899,0.17299213,99.09459,0.37834036,1.3790875e-06,1.2175062e-06,0.009378817,1.0592811e-07
1545,0.06577053,0.09489717334508896,0.09481467306613922,0.0,-0.005783842,0.55337906,0.039448842,99.96486,697.02216,164.28687,2.921334,1.6974614,0.8327285,0.9999192,0.17514369,67.231895,0.34007567,7.9700766e-07,1.0855348e-06,0.009108198,2.6111332e-08
1546,0.066935524,0.09207312017679214,0.09200873225927353,0.0,-0.0055243825,0.5158631,0.047925524,99.98665,675.50903,164.74922,2.9501088,1.8510011,0.7311289,0.99998266,0.17679565,99.92185,0.5240131,8.555743e-08,7.481748e-07,0.009295757,4.0336825e-08
1547,0.067229874,0.09701632708311081,0.09647508710622787,0.0,-0.005498596,0.5112996,0.044492874,99.78181,570.51416,162.37459,3.1214604,1.935286,0.65881974,0.9992061,0.18036467,84.223976,0.76721686,3.1430415e-07,1.0988225e-06,0.009202334,3.337599e-08
1548,0.067854755,0.09216278791427612,0.09180593490600586,0.0,-0.006676389,0.5426849,0.04537969,99.913666,681.912,164.6629,2.903076,1.9534348,0.69135517,0.9978585,0.17756529,146.23491,0.25685674,5.2152345e-06,1.5104373e-06,0.009087901,3.3544136e-08
1549,0.06831274,0.09632959961891174,0.09565987437963486,0.0,-0.005494134,0.50449955,0.04597175,99.9936,698.5588,162.49261,3.0614636,1.6064008,0.97507095,0.999964,0.17998387,119.331985,0.49774218,1.2860477e-07,1.1876614e-07,0.009186981,3.7446352e-08
1550,0.06589341,0.09417165815830231,0.09356684982776642,0.0,-0.0070716054,0.57861024,0.036229167,99.908325,613.99286,163.51491,2.9455087,1.7110937,0.86994,0.99947244,0.17900169,50.269875,0.3322412,7.6382264e-07,2.11393e-06,0.008960599,2.5777082e-08
1551,0.06882112,0.0913093239068985,0.09117551147937775,0.0,-0.0067228507,0.5311728,0.042256035,99.97427,699.17194,163.65683,2.999432,1.8688153,0.66373676,0.9996668,0.17595471,120.13203,0.6908412,3.4581885e-07,3.2439218e-07,0.009192113,2.9541376e-08
1552,0.065816805,0.09439463168382645,0.09433197230100632,0.0,-0.0055579436,0.51919603,0.048369076,99.97542,485.0164,163.46037,3.0292525,1.9226415,0.69531524,0.999983,0.17661564,158.53209,0.4553733,1.4215615e-06,6.2478455e-07,0.00921317,1.830007e-08
1553,0.06595702,0.0921514704823494,0.09185919910669327,0.0,-0.005676654,0.5122386,0.045608357,99.780876,575.0478,165.04207,3.001947,1.8920851,0.6415411,0.9997381,0.17686799,74.71521,0.92483604,2.4624697e-07,4.6813784e-07,0.009264502,7.383394e-08
1554,0.06659578,0.0923059731721878,0.0919809639453888,0.0,-0.005559624,0.505254,0.048037812,99.95814,696.4243,166.1807,3.0339003,1.4559458,1.106942,0.99993396,0.17802891,89.39905,0.97518456,4.9633417e-07,1.9279781e-08,0.009163246,3.678401e-08
1555,0.06631392,0.09526509046554565,0.09508257359266281,0.0,-0.005896249,0.5204354,0.043859348,99.882904,372.27606,164.1388,3.0289943,2.2350552,0.33382246,0.999956,0.18442635,84.843666,0.45992815,3.9653723e-06,4.0627765e-06,0.009186222,2.629525e-08
1556,0.06561348,0.09209631383419037,0.09193531423807144,0.0,-0.005466268,0.5283672,0.047063854,99.971245,551.6168,166.02127,2.944421,1.7880821,0.7971388,0.9997109,0.18246603,147.07216,0.7906328,1.3657923e-07,1.1399214e-06,0.009211948,1.572383e-08
1557,0.065566,0.09328250586986542,0.0931178629398346,0.0,-0.0057721264,0.5367219,0.043410804,99.83001,696.6763,162.22656,3.0056384,1.6738368,0.93272537,0.9995863,0.17971085,100.450455,0.67182374,1.9415971e-07,4.889877e-06,0.009031995,1.2213555e-08
1558,0.066089965,0.09421215951442719,0.09406924247741699,0.0,-0.005592541,0.5256102,0.047035143,99.952934,367.9782,163.76468,3.0575163,2.0624957,0.51006204,0.999897,0.17881344,19.833866,0.8667009,7.7351e-09,3.5006324e-06,0.009190239,4.2059924e-08
1559,0.06783066,0.09038500487804413,0.09033612161874771,0.0,-0.0057267747,0.5215815,0.045873694,99.89331,689.9799,165.3895,2.8855653,1.6330237,0.91574144,0.9998037,0.17352755,20.496258,0.22461098,1.1363219e-06,2.162384e-06,0.009199908,1.1757848e-08
1560,0.06577092,0.09281444549560547,0.09227999299764633,0.0,-0.0069449423,0.50587666,0.046425804,99.99066,699.4586,166.71681,3.0312853,1.9006412,0.7660816,0.99991053,0.17701608,38.344715,0.060570274,2.2874605e-07,3.694744e-07,0.009129169,4.1752568e-08
1561,0.065760344,0.08943745493888855,0.08928363025188446,0.0,-0.0056367,0.518062,0.046341117,99.95527,679.29315,164.82135,2.9601347,1.5699345,0.9422711,0.99994504,0.17370017,115.52681,0.68475527,8.545154e-08,1.3162713e-06,0.009361189,1.2309399e-08
1562,0.06622746,0.09192582219839096,0.09182842075824738,0.0,-0.005482284,0.5073199,0.050606158,99.83652,694.83923,166.58841,2.9454772,2.0372577,0.58918256,0.9998215,0.18067396,72.35439,0.64110255,8.0857353e-07,3.5709563e-06,0.009289435,3.4972146e-08
1563,0.06722026,0.09355851262807846,0.09390940517187119,0.0,-0.005558553,0.46963748,0.045837793,99.934715,697.8592,155.76291,3.084879,3.1292396,6.968817e-05,0.99997467,1.5394222e-06,37.81074,0.013706254,0.0066203536,1.16248415e-07,0.52724516,0.11824663
1564,0.06729604,0.08978089690208435,0.08937554806470871,0.0,-0.0059263147,0.54162216,0.045037247,99.997536,651.28503,167.43411,2.8456225,1.6064997,0.9333508,0.99998134,0.1754338,99.310356,0.69425446,1.0558857e-06,2.0868424e-06,0.009216046,4.70778e-08
1565,0.06745726,0.09348510950803757,0.0934586226940155,0.0,-0.0072161434,0.52771413,0.04492374,99.97235,457.5132,163.73608,2.9847934,1.8823118,0.70777905,0.999537,0.17858632,100.30553,0.21386273,3.0455905e-07,2.358247e-07,0.009203704,6.798639e-08
1566,0.06474963,0.09158661961555481,0.09132879227399826,0.0,-0.0060942844,0.55252004,0.04275298,99.74114,695.7744,164.63367,2.9115596,2.1816018,0.46523833,0.99929655,0.16988146,84.43614,0.0668107,6.149972e-07,1.276927e-06,0.009123485,4.116315e-07
1567,0.06761341,0.09025230258703232,0.09009008854627609,0.0,-0.0056267655,0.5416202,0.044328097,99.970795,697.6605,165.92674,2.948379,1.587199,0.9406767,0.9999235,0.17776246,65.66862,0.4489202,8.2406316e-08,1.4012574e-06,0.009189759,2.9800388e-08
1568,0.065321,0.09079019725322723,0.08994781225919724,0.0,-0.0069553307,0.50013167,0.04769817,99.565895,667.6415,165.38637,2.980724,2.9567626,0.023833986,0.9879883,0.009237705,48.817715,0.023798376,1.7812115e-05,9.136416e-07,0.17435454,4.4473236e-06
1569,0.06608667,0.09572888165712357,0.09566310048103333,0.0,-0.005529367,0.5196596,0.047009844,99.93891,593.9346,163.80264,3.0379572,1.6399615,0.9189967,0.99979144,0.18019831,115.50135,0.8415866,2.2381248e-07,5.5807256e-08,0.009193918,4.8857924e-08
1570,0.064593345,0.09175486862659454,0.09151319414377213,0.0,-0.005700239,0.52475196,0.048599303,99.9648,506.05807,166.30196,2.8767343,2.1205587,0.438134,0.99949807,0.17897359,94.25094,0.8426702,2.9333043e-07,2.709053e-07,0.00923868,1.9518954e-08
1571,0.06609771,0.09328589588403702,0.09303441643714905,0.0,-0.0059099523,0.52329,0.042118166,99.39093,498.09955,163.92789,2.9434998,2.5891082,0.018265208,0.99908,0.009032338,171.62514,0.19029734,7.7651384e-07,5.7175e-07,0.18006875,2.5489868e-07
1572,0.06724264,0.09261751919984818,0.09256935119628906,0.0,-0.0055557503,0.5323788,0.043126076,99.9901,693.3464,165.42516,3.004553,1.6834286,0.90748143,0.9999547,0.1749575,101.7915,0.52524966,3.00449e-08,4.4695426e-07,0.009124546,9.6071116e-09
1573,0.06684368,0.09078362584114075,0.09073639661073685,0.0,-0.0055690464,0.5350911,0.044411145,99.975334,695.64166,164.74043,2.9360359,1.5885788,0.9654365,0.9997645,0.17813064,79.557014,0.28467596,4.1403104e-07,5.963537e-07,0.009178749,1.3962475e-08
1574,0.06694063,0.09427834302186966,0.09412793815135956,0.0,-0.006755981,0.5385462,0.041476898,99.95864,677.77325,163.9386,2.8689775,1.6756147,0.84393597,0.999972,0.18306608,44.17727,0.28803325,1.891817e-07,3.0477236e-06,0.008997912,1.4502058e-08
1575,0.065799646,0.09246605634689331,0.09217896312475204,0.0,-0.0062552956,0.5587469,0.039849494,99.8314,699.59155,164.32486,2.887651,1.5021739,1.0501891,0.99903494,0.17452332,90.363266,0.34889814,8.301088e-08,1.115329e-06,0.00902516,3.690624e-08
1576,0.066395774,0.09097657352685928,0.09052576124668121,0.0,-0.0059685735,0.5520418,0.04439882,99.9727,689.6074,165.37509,2.965202,1.6768384,0.8368089,0.9998294,0.17152865,45.681564,0.44331744,6.191995e-08,1.1523646e-06,0.009158987,1.1071316e-07
1577,0.06631585,0.0945180132985115,0.09416353702545166,0.0,-0.006588084,0.5472422,0.042388603,99.77717,691.2059,163.99463,2.8582182,1.81524,0.812908,0.9993563,0.18192871,84.06188,0.40389872,5.879963e-07,2.2350193e-06,0.008979304,3.186836e-08
1578,0.06647784,0.09466516226530075,0.0954376608133316,0.0,-0.0059192297,0.46350056,0.04622292,97.94384,671.16705,151.7792,3.326723,2.8616092,0.024470499,0.9987466,1.5437197e-05,36.588562,0.0140681695,0.006728309,3.9637163e-07,0.8603187,0.5801859
1579,0.06762977,0.09290900826454163,0.09254154562950134,0.0,-0.0055280887,0.53316736,0.043123357,99.9267,681.0992,164.88992,3.0778778,1.8783087,0.72408605,0.9997938,0.1778879,143.1193,0.42911187,5.6965933e-07,2.92055e-07,0.009400965,2.4383972e-08
1580,0.065212384,0.0932689905166626,0.0924607664346695,0.0,-0.0056824563,0.5813361,0.03792742,99.97158,510.8678,165.31358,3.067591,1.8562646,0.7357596,0.99986523,0.17194848,166.93246,0.80379426,2.0188482e-07,2.89977e-07,0.009264725,1.2528786e-08
1581,0.06654015,0.09048913419246674,0.09027767926454544,0.0,-0.0074004135,0.54513466,0.04183229,99.94032,697.0601,166.21927,2.8636725,1.6787099,0.86905086,0.9997862,0.17119354,91.519806,0.09298623,1.9630528e-07,2.0494672e-07,0.0091135,1.7462517e-08
1582,0.06532286,0.0956483855843544,0.09547415375709534,0.0,-0.005609829,0.50537825,0.04794533,99.999344,428.78943,163.34824,2.9567983,1.9094328,0.70586866,0.9996622,0.18485433,120.27749,0.4492845,3.870891e-07,1.0611742e-06,0.009068093,1.2896099e-07
1583,0.067166075,0.09248120337724686,0.09233538061380386,0.0,-0.005495671,0.5070012,0.049572647,99.994576,684.66437,166.0539,2.928621,1.5873357,0.98744875,0.99991804,0.17504889,172.35184,0.8940287,3.8121624e-07,3.9887058e-07,0.009145016,3.8242693e-09
1584,0.06871778,0.09366802126169205,0.09349072724580765,0.0,-0.0056492845,0.5161652,0.04487458,99.8511,676.82806,164.17374,2.9336252,1.9152359,0.7231258,0.9997864,0.18179967,183.23714,0.25964034,4.916933e-07,1.9795875e-06,0.009099628,2.0701373e-07
1585,0.06480173,0.09331878274679184,0.0935673713684082,0.0,-0.005820648,0.44501442,0.05023025,99.575165,670.15314,158.09938,3.122434,3.0318224,0.004587398,0.99783194,8.0202557e-07,36.887974,0.014033624,0.0067364513,3.5408373e-08,0.70571536,0.70547855
1586,0.06554066,0.09252144396305084,0.09223338216543198,0.0,-0.005859638,0.5193351,0.044228002,99.963005,483.73947,164.86699,2.843665,1.4458096,1.1281862,0.9999686,0.17541131,77.235535,0.37849522,4.097167e-07,8.3591357e-07,0.009089552,1.0606936e-08
1587,0.06814432,0.0925859585404396,0.09233410656452179,0.0,-0.0064209285,0.5058923,0.04724963,99.93231,690.2667,164.30067,2.919368,1.8135256,0.78023094,0.9998999,0.17624655,40.642303,0.6641829,7.6824455e-07,3.569889e-06,0.009157946,1.5236377e-07
1588,0.065772794,0.09206973761320114,0.09187677502632141,0.0,-0.005520421,0.51734155,0.047290754,99.93272,699.0249,166.08334,2.863028,1.6050904,0.9888633,0.99991155,0.1777341,157.79509,0.6542936,3.354938e-07,1.7562259e-07,0.009090408,2.8504887e-08
1589,0.06719213,0.09156078100204468,0.09116971492767334,0.0,-0.005558263,0.5496424,0.043934654,99.994415,644.7118,164.41396,2.8778236,1.5321352,1.0551573,0.99996555,0.17414817,187.95403,0.4196902,4.2406214e-07,3.133127e-07,0.009265919,3.8401826e-08
1590,0.06856172,0.09310341626405716,0.09305667132139206,0.0,-0.0056982953,0.54289335,0.040700205,99.99679,671.07416,165.1434,2.9454134,1.680993,0.8947182,0.99996585,0.17499982,76.97562,0.4895433,6.164971e-08,2.7787553e-07,0.009118276,3.271348e-08
1591,0.06508094,0.09231176972389221,0.09359882771968842,0.0,0.087947816,0.6400127,0.03275878,99.64886,697.10846,162.2551,2.8611834,1.6524184,0.89574677,0.9996404,0.17988375,144.94087,0.38260552,1.5689406e-07,8.4914245e-07,0.00879541,1.6437873e-08
1592,0.06869851,0.09126778692007065,0.09110115468502045,0.0,-0.005564834,0.5019563,0.05401998,99.999084,471.38187,163.884,2.9078414,1.6274586,0.91288733,0.99998045,0.18113929,161.79034,0.68257165,3.0896675e-07,3.0479234e-07,0.0092564905,6.069016e-10
1593,0.065894015,0.0922846570611,0.09206070005893707,0.0,-0.007434196,0.52513915,0.041919198,99.982254,677.6664,163.73181,2.963533,1.6654181,0.9229718,0.99996,0.17834269,162.69069,0.4659482,5.660355e-07,2.0923526e-06,0.009077942,4.149354e-08
1594,0.063662745,0.09383836388587952,0.09369291365146637,0.0,-0.0059211967,0.51801497,0.045989454,99.95002,686.19165,164.7874,3.0393145,1.710368,0.90700287,0.99996626,0.17338337,76.59942,0.7005178,2.9323073e-07,5.559805e-07,0.009270928,2.6914346e-08
1595,0.06585119,0.09282848984003067,0.09276604652404785,0.0,-0.00601153,0.5120668,0.04729998,99.985016,613.41455,164.23842,2.994366,1.9427376,0.6771404,0.9995465,0.17779489,63.99807,0.84724826,8.038205e-07,1.2444174e-07,0.009184919,2.7258348e-08
1596,0.06627332,0.08964607864618301,0.08944045007228851,0.0,-0.0054590306,0.5069879,0.052511074,99.95582,685.7731,166.73285,2.8290272,1.7508495,0.78022283,0.9998776,0.17144081,103.5744,0.63363236,1.063929e-07,1.8031536e-09,0.009348485,3.5205083e-08
1597,0.06669044,0.09179660677909851,0.09153223037719727,0.0,-0.00545893,0.49403116,0.05172903,99.9781,696.6003,166.30147,2.9425068,1.7026871,0.82690024,0.9999813,0.17799528,58.61544,0.48200664,5.6158143e-07,2.0629497e-07,0.009337145,1.2273836e-08
1598,0.06641325,0.08915840089321136,0.08902611583471298,0.0,-0.006220927,0.53376365,0.04303267,99.9918,699.70807,164.65352,2.98836,1.9998925,0.60964257,0.9999356,0.1723819,63.40229,0.01388539,2.1661785e-07,6.7524655e-07,0.00932784,1.2004847e-09
1599,0.06697877,0.09248191863298416,0.09240894764661789,0.0,-0.005494455,0.530984,0.04537523,99.991745,623.63824,165.43779,2.8786268,1.8106338,0.76066685,0.9999764,0.17456594,66.968605,0.20869392,4.970683e-07,5.94098e-07,0.009181244,4.184588e-08
1600,0.064883634,0.09104794263839722,0.09060374647378922,0.0,-0.0054787225,0.5121003,0.045770407,99.88709,661.306,167.31407,2.9215846,1.385939,1.1783565,0.99960196,0.17491701,139.62177,0.36120594,4.1202227e-07,9.3214385e-07,0.009149165,1.7146267e-08
1601,0.0657685,0.09268907457590103,0.09260401874780655,0.0,-0.0065190666,0.5387697,0.043968055,99.985,699.177,164.05396,3.0055044,2.1274505,0.50188535,0.99969184,0.17924377,129.0121,0.28473753,1.0694929e-07,4.036982e-07,0.009097074,3.448732e-08
1602,0.06769729,0.09126920253038406,0.09114726632833481,0.0,-0.00547553,0.5409151,0.044123564,99.986,692.2268,165.8672,2.9170744,1.9533081,0.62668675,0.99997765,0.1740946,53.86294,0.8774492,3.3636223e-08,1.2409713e-06,0.00920912,1.0687859e-08
1603,0.068845764,0.09135732799768448,0.09094127267599106,0.0,-0.0063651884,0.52083176,0.042074777,99.6939,387.4836,162.15898,3.0519006,2.1647882,0.4902495,0.9995675,0.17438102,126.54286,0.1610538,9.644807e-07,9.938877e-06,0.009257581,1.5545648e-07
1604,0.06828912,0.09483744949102402,0.09455695003271103,0.0,-0.0056045037,0.5475083,0.043716513,99.97379,698.9175,165.20972,3.066951,1.8017333,0.8208811,0.9999729,0.18067524,97.05586,0.1489114,1.2798459e-07,5.513287e-07,0.009130858,2.2318913e-08
1605,0.06684674,0.09258323907852173,0.09249352663755417,0.0,-0.0054584364,0.5274862,0.043721758,99.99624,691.8432,164.28606,2.9688919,1.6108683,0.9594551,0.99997365,0.17568381,40.94832,0.6090611,1.4926684e-07,5.0950465e-08,0.009066621,3.319996e-08
1606,0.06803692,0.09592808783054352,0.0954945757985115,0.0,-0.006365522,0.52891344,0.039543442,99.07639,106.65741,154.28639,3.1291819,0.7494646,1.7349414,0.9999981,0.17769915,40.04792,0.46631545,4.1227186e-06,1.0908494e-05,0.00917964,2.1593069e-08
1607,0.06721116,0.09119335561990738,0.09115675836801529,0.0,-0.005537072,0.53666854,0.043580852,99.99374,699.3613,164.89505,3.0127017,1.8472868,0.72837114,0.99999905,0.17567886,152.03252,0.639954,1.6714193e-07,2.8989777e-09,0.009166661,1.7449775e-08
1608,0.066071235,0.0901922881603241,0.09002082794904709,0.0,-0.0055763996,0.5197033,0.04471513,99.86312,690.77905,164.45265,2.8896108,2.1487672,0.4865619,0.999835,0.1722175,45.110664,0.5306891,7.812646e-07,1.2722333e-07,0.009218309,1.0716464e-08
1609,0.06487145,0.0918787345290184,0.09178868681192398,0.0,-0.0061462983,0.544743,0.04255161,99.952286,698.63916,165.0616,2.9340055,1.6210518,0.9771079,0.9999196,0.17457005,58.790043,0.4925786,3.202319e-07,1.0302371e-06,0.009101859,4.680879e-08
1610,0.06434852,0.09348047524690628,0.0934036523103714,0.0,-0.0054687927,0.5131191,0.04765575,99.99886,687.9492,165.75298,2.953206,1.9962933,0.6725235,0.99986213,0.17749001,94.402985,0.6319339,4.8586475e-07,9.729168e-08,0.009158502,1.02553614e-07
1611,0.06692371,0.09448697417974472,0.09400055557489395,0.0,-0.005595867,0.53978395,0.045453947,99.985176,665.7622,165.86444,2.8638597,1.7933661,0.8151816,0.9999924,0.18056017,46.521202,0.19583623,1.4522774e-07,3.3967171e-07,0.009018104,3.3229412e-08
1612,0.0652687,0.0952586904168129,0.09515980631113052,0.0,-0.0056467447,0.5432166,0.04335728,99.97343,691.7509,164.82878,3.0494347,1.6666554,0.8719306,0.9998623,0.17580786,22.589647,0.038667884,3.161205e-07,1.0694549e-06,0.009106143,9.055112e-08
1613,0.068088256,0.09416329860687256,0.09356804192066193,0.0,-0.006666248,0.5668467,0.03799031,99.912025,698.1708,163.42021,2.9204566,1.8072456,0.8128768,0.99985766,0.17573266,22.495562,0.4383968,8.2417955e-07,1.8922934e-06,0.00885153,4.86032e-08
1614,0.06434533,0.09305484592914581,0.09522704035043716,0.0,0.08478804,0.64597934,0.032362152,99.87913,694.5716,163.17307,2.8163226,1.6578593,0.91286206,0.9996721,0.1828204,96.16544,0.28577262,5.2867483e-07,1.6281173e-06,0.008602953,1.2330561e-07
1615,0.064224064,0.09173795580863953,0.09153544902801514,0.0,-0.0057758684,0.5191166,0.044995982,99.92683,694.514,165.263,3.0117056,1.8873997,0.702978,0.9996466,0.17329913,120.96035,0.46504894,8.1497785e-07,1.7726046e-06,0.009300548,1.1514562e-07
1616,0.068596005,0.09108944982290268,0.0909203588962555,0.0,-0.0055165123,0.4916677,0.053758442,99.995346,696.034,165.78601,2.8778543,1.5186886,1.0064031,0.99987525,0.17972408,64.831856,0.37178206,1.8630426e-07,7.9126437e-07,0.009220491,1.42968695e-08
1617,0.06963859,0.09603655338287354,0.09569244086742401,0.0,-0.0054560094,0.5408523,0.045167636,99.99636,680.15936,163.47981,2.8725388,1.6863859,0.83938175,0.9999674,0.18101344,72.597084,0.40151447,1.7318176e-07,2.9502303e-07,0.00914035,2.0129653e-08
1618,0.06720535,0.09264673292636871,0.09244130551815033,0.0,-0.005739624,0.56741655,0.03586365,99.990555,676.051,162.75426,3.0386539,1.891894,0.67240036,0.9998806,0.17544574,136.1134,0.54595006,1.4684359e-06,2.9900339e-06,0.009052817,7.588782e-08
1619,0.06541755,0.09185528755187988,0.09158148616552353,0.0,-0.005631931,0.5432761,0.044470575,99.88143,641.17865,165.55696,2.896978,1.6943625,0.90028536,0.99946994,0.17735635,197.10324,0.7123043,1.1439547e-06,1.0279318e-06,0.009114459,6.106147e-08
1620,0.06745041,0.09141651540994644,0.0913318619132042,0.0,-0.0055683684,0.5306601,0.044536754,99.89708,317.9225,161.93796,2.932058,1.8073522,0.751465,0.99995464,0.1795501,93.08142,0.10611032,1.455042e-06,6.9695454e-07,0.009084215,1.0078343e-07
1621,0.06613083,0.09238793700933456,0.09191218763589859,0.0,-0.0074596503,0.56716645,0.037182614,99.927414,697.1024,161.54108,3.014632,1.7325664,0.8752858,0.9998888,0.175044,187.4152,0.5448211,4.2441684e-07,8.521285e-07,0.009049807,7.788386e-09
1622,0.06532739,0.09431453794240952,0.094180628657341,0.0,-0.0067314715,0.5328716,0.04276821,99.84241,698.6522,162.95624,3.0534587,2.061512,0.5319659,0.9994377,0.17799811,49.576096,0.11158577,6.8839944e-07,1.5985522e-06,0.009044521,3.823504e-08
1623,0.06558292,0.09409666806459427,0.0940471887588501,0.0,-0.005563323,0.53027356,0.045560196,99.86986,698.339,165.1804,2.9934332,1.0070522,1.5516144,0.99994123,0.17743619,85.18491,0.70167613,2.3173139e-07,5.5715127e-08,0.009200526,4.5242956e-08
1624,0.065134756,0.09117333590984344,0.0911436378955841,0.0,-0.00556537,0.51263785,0.04848063,99.96891,679.0684,164.90318,2.9855592,1.8425345,0.764738,0.99939454,0.1757804,24.896547,0.6247179,2.8689732e-07,2.2998827e-06,0.009174638,8.263963e-08
1625,0.065155685,0.09368119388818741,0.09359098970890045,0.0,-0.005511593,0.50585645,0.050296873,99.548805,582.2438,165.02164,2.962285,1.4292724,1.2042638,0.9994038,0.18160385,61.063747,0.3071779,4.845448e-07,3.0766257e-06,0.009252281,2.758888e-08
1626,0.066358216,0.09256879985332489,0.09250202775001526,0.0,-0.0067806887,0.5400762,0.04252195,99.984245,384.29297,162.73524,3.005195,1.668061,0.8954461,0.99995095,0.17846523,66.92299,0.7600611,3.0268959e-07,6.1708283e-07,0.00907932,4.05398e-08
1627,0.066362485,0.08992389589548111,0.08987996727228165,0.0,-0.0055926624,0.5242753,0.046537507,99.963196,638.83887,165.34677,3.0027666,1.8398874,0.73071504,0.99984825,0.17443769,131.6158,0.78368926,1.0094179e-06,6.620542e-07,0.009265448,4.2958924e-08
1628,0.06623567,0.0901464894413948,0.09001202881336212,0.0,-0.0058696275,0.51440185,0.049357224,99.97674,698.89594,166.96478,2.8519175,1.8162724,0.7519778,0.999993,0.1772862,63.57683,0.3709264,7.6898765e-08,6.921357e-07,0.009271561,3.2040575e-08
1629,0.06637315,0.09483515471220016,0.09417250752449036,0.0,-0.0070169657,0.5494759,0.04492371,99.979416,693.33636,164.7964,2.9110227,1.5890745,1.038761,0.9999481,0.17629607,158.83578,0.42180353,1.9717773e-07,3.3997037e-07,0.008946768,2.8227795e-08
1630,0.06729638,0.09282632917165756,0.09245166927576065,0.0,-0.005518306,0.5322226,0.048624136,99.9981,467.07925,163.72923,2.962472,1.7139316,0.81316763,0.99980366,0.18011944,186.4608,0.890473,1.4673678e-07,3.0340374e-07,0.009254658,1.2519814e-07
1631,0.06587596,0.09335988759994507,0.09327500313520432,0.0,-0.0070364843,0.52474076,0.046116218,99.702866,696.4865,164.4563,2.9350986,1.6110237,0.9412851,0.99970305,0.18095563,54.205597,0.73422676,4.3548252e-07,7.454324e-08,0.009044605,9.499877e-09
1632,0.06494102,0.08999689668416977,0.08971754461526871,0.0,-0.0063407766,0.5461261,0.043782007,99.92549,699.03516,166.50766,2.8602388,2.097264,0.45579204,0.99969506,0.17554656,152.48944,0.9562946,1.0201101e-06,3.6946935e-06,0.009181476,1.00570354e-07
1633,0.06561279,0.09269312024116516,0.09264087677001953,0.0,-0.005662462,0.5174096,0.047743797,99.86122,691.6847,166.01929,2.925932,1.7031755,0.8867121,0.9989051,0.17847914,187.24841,0.07839479,1.1880107e-06,7.899284e-06,0.00926683,1.2608743e-08
1634,0.066144615,0.09239917993545532,0.09217724204063416,0.0,-0.005834067,0.54390746,0.04018556,99.98063,695.91797,164.04602,2.905079,1.3828483,1.1750667,0.99933255,0.17208584,116.9478,0.45394206,1.4009497e-06,1.9786128e-06,0.008983628,9.0100166e-08
1635,0.065357946,0.09219040721654892,0.09215555340051651,0.0,-0.0065735555,0.5293948,0.044757515,99.877525,697.0685,165.36887,2.9067242,1.820787,0.8882184,0.9992048,0.1761245,36.107376,0.51400495,7.3122794e-07,4.9889314e-07,0.009137625,1.30911e-07
1636,0.06602038,0.09115385264158249,0.09075706452131271,0.0,-0.0073204553,0.52397835,0.04697475,99.93389,696.77795,168.38077,2.8885548,2.2579231,0.42609677,0.99999976,0.17631283,61.013382,0.3495009,2.5062263e-07,9.341399e-07,0.009145297,2.2565619e-08
1637,0.06596949,0.09396274387836456,0.09385588765144348,0.0,-0.005935484,0.514858,0.04779316,99.905365,699.929,163.90485,2.8969295,1.0633409,1.4589967,0.99980867,0.18133712,148.11746,0.7038016,7.894822e-07,3.5037596e-07,0.0090715075,8.324016e-08
1638,0.06769889,0.09279254078865051,0.092744842171669,0.0,-0.006020478,0.52060485,0.046569403,99.79317,699.1158,163.64703,2.988855,1.6824619,0.9509372,0.99985665,0.18142775,102.2916,0.4363724,3.6026333e-07,6.027637e-06,0.009159038,4.1682675e-08
1639,0.06741243,0.09123455733060837,0.09091057628393173,0.0,-0.005642549,0.5234693,0.05075687,99.99911,630.74414,166.07735,2.931516,1.5937272,0.96323884,0.99942183,0.1786181,112.81682,0.46144894,4.0587543e-07,3.0068352e-07,0.00921456,1.4103847e-07
1640,0.06481156,0.09261375665664673,0.09250090271234512,0.0,-0.0058275564,0.5311705,0.046375357,99.9881,565.7761,164.45114,2.9356217,1.4841161,1.0395124,0.9996159,0.1796128,44.92096,0.4727228,6.051593e-08,1.8837646e-08,0.009222033,1.7785252e-08
1641,0.064420104,0.0909588411450386,0.09055358171463013,0.0,-0.005459026,0.5154283,0.051966857,99.86325,467.70752,166.01588,2.8427966,1.8780873,0.6779179,0.9997857,0.17969374,164.55238,0.26654965,4.790208e-07,4.7454762e-07,0.009212105,1.7098154e-08
1642,0.06807865,0.09135892242193222,0.09093935787677765,0.0,-0.005991065,0.48350537,0.053942867,99.97938,684.5596,167.20267,2.8854377,1.834362,0.68251544,0.9995047,0.18147472,188.6363,0.47893274,3.4548395e-07,4.398875e-06,0.009257098,2.3650172e-08
1643,0.06969639,0.09404429793357849,0.09390304982662201,0.0,-0.0059504504,0.5187522,0.045023575,99.97624,391.76904,162.88908,2.9680192,1.8107698,0.7979006,0.9996967,0.1792268,169.15532,0.7722736,1.0977507e-06,3.363458e-07,0.009221274,1.951319e-09
1644,0.06491484,0.09120990335941315,0.09082779288291931,0.0,-0.0055218684,0.5116571,0.045486704,99.993454,616.01746,165.0053,2.9677331,1.7522339,0.80910474,0.9999937,0.17244385,30.216938,0.6552303,5.4220084e-08,1.034561e-07,0.009325864,1.3130063e-08
1645,0.06791408,0.09393930435180664,0.09363647550344467,0.0,-0.0057028416,0.5104081,0.04567628,99.943054,436.00665,162.71786,3.006548,1.7922803,0.74452585,0.99959695,0.1809865,167.51575,0.018530913,1.1913368e-07,9.935446e-09,0.009217143,1.3479683e-08
1646,0.066329025,0.09154891222715378,0.091277115046978,0.0,-0.0060016783,0.5419072,0.042921808,99.93486,353.102,161.04257,2.8887277,1.6810653,0.8635003,0.9999549,0.1768574,63.645657,0.47192046,7.9670866e-07,1.6900754e-07,0.009151508,4.0087507e-08
1647,0.06694825,0.09343787282705307,0.0930236354470253,0.0,-0.0058873044,0.56279385,0.04021993,99.99417,383.44083,162.73993,2.9667475,1.852627,0.7594627,0.9991811,0.1767879,104.72753,0.7315523,9.323478e-07,8.728547e-07,0.009054052,2.1817335e-08
1648,0.06516611,0.09484659880399704,0.09470333158969879,0.0,-0.005532601,0.53873646,0.041533783,99.97296,696.7005,165.56914,2.9708023,1.833292,0.7949443,0.9999176,0.17807175,29.484442,0.87877864,4.3933468e-07,1.0146947e-07,0.009015107,2.2908035e-08
1649,0.06473301,0.09397518634796143,0.09391164779663086,0.0,-0.0054749646,0.51914155,0.045379788,99.9564,699.02924,164.39816,3.0046527,1.8368008,0.7342957,0.99992603,0.17919934,87.35765,0.1335885,1.6083968e-07,1.0333972e-06,0.00916588,2.1000107e-08
1650,0.06589005,0.09337849169969559,0.09295836091041565,0.0,-0.005624018,0.49435335,0.05111471,99.83054,697.9192,166.42381,2.8866844,1.9428715,0.611089,0.9995922,0.1816612,100.48148,0.6099283,2.4115545e-07,4.8635127e-07,0.0090716425,2.3630177e-08
1651,0.06712739,0.09013121575117111,0.08927656710147858,0.0,-0.00705393,0.52575606,0.04342102,97.69524,553.54425,164.93767,2.8133087,2.488878,0.02606228,0.99059,0.008979509,50.3729,0.0110710235,9.85166e-06,2.4529654e-06,0.16986871,1.000163e-06
1652,0.06536356,0.0925716683268547,0.09245773404836655,0.0,-0.0065004136,0.52091634,0.046372917,99.99716,698.30475,165.82614,2.9359033,2.0467525,0.5546547,0.99935216,0.17832805,102.46623,0.56075376,1.0945317e-06,4.0826562e-06,0.009075291,2.0322846e-08
1653,0.06635376,0.09230123460292816,0.09195146709680557,0.0,-0.005739804,0.5639735,0.03887965,99.91028,691.69354,162.96454,2.9494953,1.8369912,0.67212284,0.99994135,0.17398496,99.20327,0.59112173,4.095952e-08,4.738393e-07,0.009089338,9.9102415e-09
1654,0.06678715,0.0909874439239502,0.09075701981782913,0.0,-0.0061139762,0.5375382,0.045761127,99.61807,694.5537,166.96765,2.9509768,1.315082,1.3475602,0.99831927,0.17468771,85.61073,0.94808865,4.1826348e-07,5.7863917e-06,0.009247808,1.21255175e-08
1655,0.066402525,0.09195058792829514,0.09170468896627426,0.0,-0.005734231,0.52908844,0.04545121,99.96997,696.0033,165.67061,2.8860304,1.7660674,0.83077735,0.99974185,0.18090352,30.47551,0.573648,3.1730843e-07,1.9536563e-07,0.00901366,1.2425327e-09
1656,0.06794246,0.0930381640791893,0.09288346767425537,0.0,-0.0073564937,0.5288216,0.04306816,99.98967,435.25894,161.98666,2.9347553,1.6820749,0.8938647,0.999689,0.17782797,178.01878,0.76168376,1.9102444e-07,9.2487363e-07,0.009052191,3.4848824e-08
1657,0.06690017,0.09155262261629105,0.09138432890176773,0.0,-0.00642968,0.5474181,0.0402962,99.65504,693.2254,163.71742,2.9412267,1.5292093,1.0180308,0.9998875,0.17766999,83.31417,0.58708864,2.8793966e-07,5.85117e-07,0.008969235,1.1352854e-07
1658,0.06755818,0.09243834018707275,0.09233453869819641,0.0,-0.0056701214,0.54365474,0.04284431,99.947205,699.23065,164.53766,2.9563773,1.7828282,0.78845274,0.9992368,0.17875782,24.684069,0.26270142,1.2712601e-07,3.7394926e-07,0.009190662,2.3420684e-08
1659,0.06645074,0.09441782534122467,0.09427567571401596,0.0,-0.005478792,0.5340822,0.04382636,99.9761,676.88617,163.37373,3.067147,1.8896939,0.7325086,0.9998684,0.17457889,157.91924,0.16219553,4.7559976e-08,4.711319e-07,0.00918055,1.5057468e-08
1660,0.06545609,0.09071928262710571,0.0904441699385643,0.0,-0.0054551153,0.53256595,0.04697154,99.9901,698.054,164.77492,2.8327074,1.4995668,1.0132147,0.99999195,0.17563392,66.31662,0.3852505,2.4847859e-08,9.711839e-07,0.009224534,1.5859428e-08
1661,0.06708148,0.09139178693294525,0.09111630171537399,0.0,-0.006052033,0.52349836,0.04607532,99.976974,669.6886,162.86906,2.9879446,2.0035532,0.5815088,0.9999692,0.17390198,134.52202,0.33814582,3.4155127e-07,5.638964e-07,0.009300079,8.067975e-08
1662,0.067670085,0.09108886867761612,0.09093412756919861,0.0,-0.0060093184,0.52869064,0.046245698,99.92515,695.69476,166.54506,2.864335,1.8742723,0.72788334,0.9997292,0.17691965,108.2183,0.5726698,1.3916868e-07,1.4150086e-07,0.009170755,1.2750936e-08
1663,0.06733153,0.09380146861076355,0.0937102735042572,0.0,-0.0055568106,0.5294523,0.045158982,99.97504,698.38696,165.20107,3.038098,1.7800702,0.76932704,0.99988353,0.17582303,54.10165,0.4867203,1.4551564e-07,1.1920042e-06,0.009277503,1.7567421e-08
1664,0.06728502,0.09573531895875931,0.09510041028261185,0.0,-0.006812498,0.50051814,0.046519566,98.35442,61.51622,153.1521,2.978508,1.6957672,0.7836093,0.9926841,0.18198696,18.69302,0.95349777,4.3298311e-07,8.324474e-06,0.009193668,5.807887e-07
1665,0.06551343,0.0920855775475502,0.0919165313243866,0.0,-0.0072028018,0.5215494,0.04574936,99.99056,514.4434,165.37227,2.9015956,1.2230573,1.3306748,0.9998811,0.17513847,62.435265,0.050454866,4.8159103e-07,4.5854947e-07,0.009090416,5.049831e-08
1666,0.06878379,0.09283332526683807,0.09260115772485733,0.0,-0.0062096966,0.5346076,0.04488092,99.85408,694.8312,164.60118,2.8663151,1.6387508,0.97320724,0.99917257,0.17623553,87.68012,0.5467165,2.7756937e-07,7.0753407e-07,0.009027115,1.391941e-10
1667,0.06521243,0.09498625248670578,0.0969405397772789,0.0,0.08469953,0.63627434,0.034150686,99.98851,698.9887,163.06187,2.8824668,2.0041656,0.63462865,0.9999416,0.18382077,77.168526,0.5925724,6.197746e-07,1.5267389e-07,0.0085784905,4.8579465e-09
1668,0.064441144,0.09433797746896744,0.094239242374897,0.0,-0.005529576,0.54287297,0.041824244,99.97939,695.93945,163.50758,2.9861772,1.6911619,0.9490752,0.9997777,0.17846793,183.78444,0.76736134,8.786077e-08,7.473803e-07,0.009050577,3.226312e-08
1669,0.065692335,0.08968524634838104,0.0894102081656456,0.0,-0.0063181575,0.55068177,0.042750765,99.93597,691.9681,165.69064,2.892371,1.6293234,0.86910325,0.9998439,0.17195266,84.924484,0.2462522,2.786296e-07,2.4993213e-07,0.009284097,3.443131e-08
1670,0.06863554,0.08873845636844635,0.08859364688396454,0.0,-0.005601879,0.5267835,0.04770175,99.99658,696.6914,166.92256,2.9248633,1.7247036,0.85154897,0.99992424,0.17652822,41.250614,0.53910947,6.833043e-07,5.5575686e-08,0.009267576,1.3658037e-08
1671,0.06750195,0.09343314915895462,0.0931946262717247,0.0,-0.006477503,0.53012156,0.04232096,99.96019,699.5107,162.23059,3.0061872,1.6882284,0.8912617,0.9999424,0.17738558,84.29614,0.48336613,8.571717e-08,8.0242565e-08,0.009037583,1.610919e-08
1672,0.06724841,0.09220241010189056,0.09166983515024185,0.0,-0.0070898915,0.5398688,0.04300627,99.99309,699.68805,167.85423,2.915152,1.7190628,0.8590126,0.99985325,0.17698915,44.01346,0.41563213,4.3127753e-07,7.1075476e-08,0.009003333,2.524231e-09
1673,0.06630792,0.09451474994421005,0.09392029047012329,0.0,-0.006188535,0.5510576,0.043923784,99.91248,697.5321,163.93492,2.9444034,1.7981352,0.7911279,0.9997132,0.17582898,119.78252,0.5263539,6.7673426e-07,2.96336e-07,0.008931917,1.1736919e-08
1674,0.06986247,0.0945165604352951,0.09437550604343414,0.0,-0.005564436,0.52487576,0.04357349,99.88515,698.72095,164.65877,3.0622745,1.8477435,0.7399762,0.9998417,0.18033588,121.46645,0.28792682,3.7199936e-08,1.1650848e-06,0.0092107095,1.2361204e-07
1675,0.067545824,0.0911092460155487,0.09080285578966141,0.0,-0.0059797424,0.54433703,0.043337785,99.662636,696.723,163.45528,2.8378716,1.416948,1.13626,0.9994335,0.17673934,43.27407,0.61790985,9.1216475e-07,2.3036635e-06,0.009160751,1.9682785e-08
1676,0.06738325,0.09259836375713348,0.09202298521995544,0.0,-0.0055555473,0.556139,0.04262658,99.95082,699.1308,162.66888,2.9293993,1.7411436,0.82957083,0.9999483,0.17609508,177.04703,0.46489766,9.713051e-08,5.767532e-07,0.009160354,2.3719004e-08
1677,0.06663616,0.09203387796878815,0.09183815121650696,0.0,-0.0055262623,0.5039355,0.047925983,99.962425,697.86914,164.8477,2.939753,1.6667328,0.9500652,0.9998939,0.17842703,83.04171,0.47735676,7.201924e-07,4.63985e-07,0.009197318,2.5373124e-08
1678,0.06658892,0.09397654235363007,0.09325114637613297,0.0,-0.0056879716,0.56204873,0.04285084,99.95946,699.49225,164.18675,2.9516454,1.6296035,0.9511956,0.99959403,0.17856218,45.484737,0.6727129,2.8234787e-08,3.983586e-08,0.009107597,1.8205869e-08
1679,0.06361693,0.09367503225803375,0.09335415065288544,0.0,-0.005538271,0.5173681,0.046207536,99.952126,691.3391,163.39377,3.071432,1.7586515,0.81934506,0.9999442,0.17935616,147.63036,0.06512885,2.0584966e-07,4.4379266e-07,0.009296557,6.3199352e-09
1680,0.06490564,0.09291189908981323,0.09266126900911331,0.0,-0.005826944,0.53285205,0.044240758,99.89789,658.646,166.57649,2.8829062,1.7176015,0.88875765,0.9986938,0.1766347,121.40946,0.2747527,2.9994888e-07,2.954393e-06,0.009060919,2.6342565e-08
1681,0.069059566,0.08996912837028503,0.08942832797765732,0.0,-0.006321352,0.5421022,0.042692967,99.517586,661.9187,166.56056,2.8041973,1.6200405,0.9420052,0.99998987,0.172957,96.55175,0.8367645,6.894947e-07,2.1818644e-06,0.009000737,2.5693907e-08
1682,0.06489164,0.08993861079216003,0.08981237560510635,0.0,-0.007391144,0.5260002,0.044362165,99.95704,697.45306,163.63303,2.8724437,1.4816375,1.0362853,0.99999326,0.17793685,141.27869,0.34112942,1.07403594e-07,3.42122e-08,0.009088328,4.419678e-09
1683,0.06509751,0.09019829332828522,0.09005765616893768,0.0,-0.005668314,0.5183465,0.04578919,99.84036,457.16687,165.82317,2.9323351,1.3915688,1.13718,0.9977157,0.17552063,58.067783,0.27310693,1.6910009e-06,1.2293501e-06,0.009293504,5.706158e-09
1684,0.06587972,0.09341322630643845,0.09319479763507843,0.0,-0.0054974724,0.5426172,0.04359351,99.97976,699.8213,164.69624,2.8930912,1.6762822,0.9221423,0.9999797,0.17754728,100.14816,0.10991116,1.014275e-08,4.7483204e-07,0.009039951,1.1381102e-08
1685,0.06537529,0.09201612323522568,0.09154676645994186,0.0,-0.00551774,0.5015314,0.048598748,98.55326,327.2817,166.69345,3.02743,2.1063404,0.10563222,0.9775368,0.009091795,51.6987,0.010494149,1.3674016e-06,9.265835e-07,0.17077105,2.237527e-05
1686,0.066682875,0.09205225855112076,0.09187415987253189,0.0,-0.005712919,0.50272787,0.049270503,99.95574,682.85095,164.93553,2.9064276,1.588769,0.9917158,0.9999604,0.17559792,184.24376,0.6286951,1.0376398e-07,3.5188376e-07,0.009203216,3.1157562e-08
1687,0.066820785,0.0922856405377388,0.09219132363796234,0.0,-0.005795115,0.5307069,0.042186905,99.95477,363.60382,163.18285,2.9898517,1.9353205,0.64924407,0.9999129,0.17749123,136.47699,0.5170589,7.1660946e-07,2.1983462e-07,0.009180878,1.611801e-08
1688,0.06982484,0.09899882227182388,0.09925564378499985,0.0,0.08914335,0.61875594,0.034158986,99.91855,692.63135,161.23273,3.1437485,1.2073939,1.4888145,0.99739087,0.18488126,86.307465,0.2342946,5.158204e-08,2.3584714e-07,0.008753067,6.117596e-08
1689,0.068981275,0.09242415428161621,0.09225387871265411,0.0,-0.005984313,0.5357751,0.04601352,99.94094,684.7582,165.41864,3.0236917,1.9998457,0.63738066,0.99976456,0.17732373,108.434,0.6631189,1.6924634e-08,1.475263e-09,0.009207403,1.4666197e-08
1690,0.06678149,0.09567077457904816,0.09558061510324478,0.0,-0.0054670116,0.52212954,0.048717573,99.97974,699.08435,164.91696,3.000602,1.6941924,0.8819322,0.99997544,0.1808806,82.954,0.39482638,3.8574384e-09,1.9494477e-07,0.009114869,2.4074668e-08
1691,0.068258904,0.09223761409521103,0.09210189431905746,0.0,-0.006727565,0.5335119,0.042571366,99.95805,627.5131,165.51102,3.0017085,1.8873811,0.6629977,0.9999037,0.17793016,187.56747,0.65855104,5.709464e-07,8.330894e-07,0.009015844,9.275632e-08
1692,0.0647809,0.09496910870075226,0.09482917934656143,0.0,-0.0054756124,0.51342255,0.04602253,98.53175,618.3857,163.08508,3.0022233,2.0252445,0.49606898,0.9988056,0.18381336,81.95416,0.44831455,1.1970025e-06,3.653473e-06,0.009121495,3.604432e-07
1693,0.065375626,0.09272704273462296,0.09260521084070206,0.0,-0.0069423304,0.5444614,0.041413944,99.907616,696.09985,163.03906,3.0311017,1.7183325,0.8192197,0.99977964,0.17593057,23.579874,0.22408286,1.0250527e-07,1.0497495e-06,0.009099485,1.6541138e-08
1694,0.065676436,0.09330429881811142,0.0932205468416214,0.0,-0.0055783154,0.5061677,0.05004006,99.97227,422.29944,163.68327,2.9183402,1.8964428,0.6269688,0.9995074,0.17813,50.734005,0.20405288,3.1025812e-07,3.0727352e-07,0.009235151,5.751704e-09
1695,0.06618706,0.09246466308832169,0.09237347543239594,0.0,-0.0055258754,0.529077,0.043912925,99.96911,694.629,166.06198,2.9813244,1.9038383,0.6744012,0.99981225,0.17770444,71.65439,0.58024806,1.0016818e-06,8.2602077e-07,0.009106378,3.5727073e-08
1696,0.066046156,0.09805665165185928,0.09664851427078247,0.0,-0.0055016666,0.51025885,0.04478614,99.851166,614.7164,161.54216,3.2158592,1.9398303,0.7311989,0.99921495,0.18124184,71.83877,0.14347799,5.828433e-07,3.375455e-07,0.009420237,5.2545204e-08
1697,0.06893996,0.0941648855805397,0.0939398929476738,0.0,-0.0058502816,0.52148765,0.047611192,99.98286,676.2609,166.3416,2.8855655,1.8139851,0.74864453,0.9998297,0.18055764,181.60374,0.2519506,4.4944716e-07,2.3327718e-06,0.009072964,3.1308346e-08
1698,0.06689482,0.09351564198732376,0.0934421643614769,0.0,-0.0055941874,0.50187325,0.05212808,99.99931,553.3011,165.07954,2.9535775,1.649175,0.92678595,0.9999761,0.17731439,104.75299,0.7355941,1.18049115e-07,1.0696751e-06,0.00926049,9.555678e-09
1699,0.06355742,0.09363152086734772,0.09357376396656036,0.0,-0.0054577803,0.5243984,0.04500113,99.970955,443.53827,163.52661,2.9608605,2.0124218,0.5678161,0.99998033,0.1767639,41.33876,0.4017235,3.5900072e-07,5.1988667e-07,0.009101207,3.171403e-08
1700,0.06714817,0.09197703748941422,0.09172505140304565,0.0,-0.006184496,0.54310983,0.042968225,99.98886,296.65558,163.5392,2.9085162,1.5252961,0.9187155,0.9998954,0.18026343,76.77742,0.3175608,9.7063186e-08,1.7104824e-06,0.009165141,1.0308242e-07
1701,0.06664729,0.09405697882175446,0.09394229203462601,0.0,-0.0058999634,0.5238688,0.0453821,99.84541,695.5726,163.47768,2.987552,1.5599328,1.0050706,0.99979454,0.18030085,127.75678,0.20664725,5.6594924e-08,1.122716e-06,0.009233627,7.804862e-09
1702,0.06701719,0.09330384433269501,0.09278158843517303,0.0,-0.0055215266,0.52110046,0.042602528,99.95239,697.6088,162.77824,3.0420427,1.9129071,0.6652045,0.9998107,0.17995371,71.20768,0.39319897,5.1636596e-07,7.345661e-07,0.00925387,9.845206e-09
1703,0.06692821,0.09242174029350281,0.09185439348220825,0.0,-0.0055761007,0.510311,0.053283393,99.9628,695.64105,168.52454,2.8106475,1.7101662,0.8486332,0.9996197,0.17805265,138.08344,0.20627177,4.7700862e-08,5.634488e-07,0.009300386,2.7861892e-08
1704,0.06673563,0.0948965772986412,0.09468730539083481,0.0,-0.005540431,0.5157103,0.046445362,99.99983,698.82556,164.49002,3.0260222,1.6472394,0.9185175,0.99974406,0.17837213,90.98633,0.47226813,3.3904772e-07,4.4179737e-07,0.009305791,1.54821e-08
1705,0.06690649,0.09098938852548599,0.09090905636548996,0.0,-0.0061830557,0.52946275,0.042827472,99.91389,445.81155,162.89815,2.9099877,1.6208854,0.89167666,0.9998283,0.1764714,82.485,0.1475028,6.359985e-08,1.3376903e-06,0.009140776,1.3210467e-07
1706,0.06585816,0.08974093198776245,0.08963028341531754,0.0,-0.0069323652,0.53577214,0.04286959,99.96998,586.4168,165.62193,2.8920367,1.5771309,1.0887226,0.9994289,0.17282614,33.330227,0.027489139,9.198724e-07,2.836414e-07,0.009107131,2.6924154e-08
1707,0.06592905,0.09631887078285217,0.09620979428291321,0.0,-0.00561102,0.53100306,0.043016415,99.979126,699.68866,163.20174,2.9787505,1.6329513,0.9607291,0.99964786,0.1812388,96.62575,0.8895154,2.432323e-09,8.124219e-07,0.009061954,2.628448e-08
1708,0.066937886,0.09269332140684128,0.09251680970191956,0.0,-0.005580732,0.5330135,0.04615192,99.68825,698.7343,164.38133,2.9316485,1.9035877,0.66734076,0.99947774,0.17655832,89.0305,0.048669215,5.749042e-07,2.8216623e-06,0.009307011,2.47809e-08
1709,0.06655717,0.0918722003698349,0.09157808125019073,0.0,-0.0057325796,0.52865696,0.046916276,99.9216,685.47614,167.99968,2.9523313,1.5591285,1.0567236,0.9998792,0.1774005,146.6978,0.23048246,9.774841e-07,2.58923e-07,0.009199519,5.4778013e-08
1710,0.06534026,0.0923910066485405,0.09215956926345825,0.0,-0.005934268,0.53241414,0.041709226,99.91205,683.2777,162.12593,2.9339342,1.6716172,0.83784884,0.99993545,0.1768344,41.266655,0.4760369,7.570337e-08,1.2790899e-07,0.009068939,8.455108e-09
1711,0.06664275,0.09175003319978714,0.09156821668148041,0.0,-0.0069018994,0.5328492,0.04513348,99.930275,683.55664,166.60345,2.8698123,1.7367741,0.8367196,0.99976116,0.17453372,92.90754,0.77634156,2.396452e-07,1.1014123e-08,0.009151178,1.4129792e-08
1712,0.06471377,0.0922141820192337,0.09213728457689285,0.0,-0.0057936413,0.54546416,0.042289723,99.66799,690.1872,164.80017,2.9415112,1.2711978,1.2941034,0.9999568,0.17549154,197.45956,0.83647215,8.9180986e-07,1.1294834e-06,0.009136955,1.5621947e-09
1713,0.065795384,0.09224597364664078,0.09107121080160141,0.0,-0.0062091737,0.55252516,0.024966734,98.045555,464.97232,159.87222,2.8442328,2.3837595,0.113905504,0.9737943,0.008661565,41.992863,0.010763854,2.901278e-06,2.662828e-06,0.17983851,9.64274e-06
1714,0.065388165,0.09342721849679947,0.09334617853164673,0.0,-0.005568635,0.5110824,0.049403936,99.972374,405.45,163.86688,2.972907,1.7188678,0.80272734,0.9992134,0.17826982,147.36137,0.6449454,1.2725285e-06,2.0571122e-06,0.009301254,9.904442e-10
1715,0.068862766,0.09399481862783432,0.0935671329498291,0.0,-0.00565521,0.54660535,0.042554367,99.73875,697.0505,161.15532,3.001892,1.8883588,0.65509295,0.9997615,0.17568131,71.334496,0.24343418,9.362891e-07,3.4797329e-06,0.009138999,4.823528e-08
1716,0.06643573,0.0913606509566307,0.09111995249986649,0.0,-0.006203258,0.546503,0.04415653,99.800995,692.05133,164.46219,2.9667535,1.6125404,0.92698455,0.99965674,0.17261401,88.14402,0.2592836,8.186686e-07,9.710374e-07,0.009114057,1.127013e-07
1717,0.06625702,0.08963557332754135,0.08913258463144302,0.0,-0.005616902,0.54469544,0.044444934,99.97417,485.3404,165.59348,2.7900815,1.8477331,0.71645856,0.9999817,0.17418839,132.99806,0.5039025,2.691277e-07,2.82304e-07,0.009166118,1.1863543e-08
1718,0.06482973,0.09248977154493332,0.09232699871063232,0.0,-0.0055489666,0.49823162,0.053393982,99.95168,476.3123,165.70952,2.9084775,1.5585846,1.0182561,0.9996686,0.18047102,75.777176,0.32913318,1.176065e-06,3.4158386e-06,0.009216055,7.2040564e-08
1719,0.06455922,0.09319712221622467,0.09297920763492584,0.0,-0.005604344,0.5121181,0.04900285,99.943115,648.60547,167.2747,2.960741,1.9076028,0.67881507,0.99920833,0.18000878,187.29018,0.93009293,1.2408211e-06,1.6804679e-06,0.00917333,2.3685774e-07
1720,0.0671035,0.09291278570890427,0.09288051724433899,0.0,-0.0055191973,0.53473234,0.043603823,99.98083,456.05228,163.58687,3.0027173,1.4841787,1.1056639,0.99993294,0.17831808,199.37622,0.44895267,7.825964e-08,6.6413996e-08,0.009096588,2.1080591e-08
1721,0.06728564,0.09241808205842972,0.09214918315410614,0.0,-0.006109142,0.5447581,0.04239234,99.94805,684.1303,163.53563,3.08318,1.9818395,0.6653277,0.9999948,0.17919819,56.069653,0.40659955,7.080142e-07,1.6694489e-06,0.009217897,1.36447e-07
1722,0.068144955,0.09194117784500122,0.09145647287368774,0.0,-0.0074121477,0.53492934,0.04939168,98.57811,609.60504,162.77805,2.94215,0.10185918,2.3849547,0.999223,0.17449135,181.59944,0.39673316,3.8160197e-06,2.33836e-06,0.009290875,5.050652e-07
1723,0.06876214,0.09241396188735962,0.09223784506320953,0.0,-0.0054926537,0.5247108,0.04420991,99.97671,676.30206,165.7738,3.0297759,1.8884655,0.6915507,0.99979293,0.17556417,130.2817,0.3580859,2.1664995e-07,3.4313314e-07,0.009302132,2.123148e-08
1724,0.0660521,0.09223857522010803,0.09209787845611572,0.0,-0.0054868893,0.53329206,0.045548927,99.855896,698.21967,165.96233,2.91286,1.700602,0.9011041,0.9999327,0.17672849,71.29423,0.71037436,1.0102838e-06,2.7061608e-07,0.009108727,5.5537342e-08
1725,0.066323705,0.0950259268283844,0.09488855302333832,0.0,-0.0056787515,0.5207117,0.04503308,99.87789,110.345604,156.33276,2.9591193,1.7048519,0.8264215,0.9996911,0.18273854,56.035748,0.5245703,3.1721743e-06,3.7941834e-06,0.0091687525,3.7447055e-08
1726,0.06547116,0.09641345590353012,0.0961073487997055,0.0,-0.0058649736,0.5304934,0.042388376,99.7685,364.28308,159.77892,3.030571,1.4586728,1.0136801,0.99966663,0.1791062,108.95165,0.9380888,3.6563924e-06,3.767818e-06,0.009087282,3.5519403e-08
1727,0.065978155,0.09065499901771545,0.09050868451595306,0.0,-0.0063931253,0.5415142,0.04320428,99.91753,696.8513,164.98125,2.9513867,1.5889001,0.94600445,0.99994135,0.17671272,27.596428,0.6882414,1.0077025e-06,2.9269688e-07,0.009318927,4.1529436e-08
1728,0.06511202,0.09249783307313919,0.09202037006616592,0.0,-0.005495955,0.47816697,0.05474239,99.9801,620.4907,166.33238,2.95436,1.8623046,0.7153283,0.9999032,0.17718056,50.256866,0.5646976,2.1404435e-07,8.464357e-08,0.009330871,3.120908e-08
1729,0.06763507,0.08993915468454361,0.08986455202102661,0.0,-0.005457113,0.5134328,0.049609628,99.982574,697.4131,165.27368,2.9721203,1.693751,0.8461748,0.9999447,0.17357627,48.122185,0.48064128,9.575906e-08,1.2761188e-06,0.009327946,1.7497422e-08
1730,0.06634545,0.09049076586961746,0.09037955105304718,0.0,-0.007393144,0.51954645,0.045155905,99.952286,690.8812,165.29172,2.8699844,1.686746,0.8090642,0.9999986,0.17417702,104.334625,0.069734484,1.8942767e-07,1.3374401e-07,0.009159725,2.0505565e-08
1731,0.0666998,0.09003553539514542,0.09001565724611282,0.0,-0.005647927,0.52423865,0.046594303,99.96235,696.05,165.40079,2.9243977,1.7244098,0.7810499,0.9993379,0.17717505,65.86131,0.57105887,3.2208985e-07,4.9803223e-08,0.009214699,1.3675245e-08
1732,0.06690621,0.09196058660745621,0.09185068309307098,0.0,-0.005730464,0.5421821,0.04298068,99.9794,384.14047,163.12799,2.994401,2.0165505,0.5175794,0.99998736,0.17981191,113.98034,0.7793353,4.926491e-07,1.2580668e-06,0.009188643,4.580752e-08
1733,0.0653341,0.09406278282403946,0.09385088831186295,0.0,-0.0055515496,0.4751025,0.052445043,99.830826,699.94965,157.14742,3.077985,3.1844559,0.0005703389,0.9999669,5.4613456e-06,37.00152,0.013646142,0.006744338,8.9346e-08,0.9180782,0.1535484
1734,0.065372854,0.0924065038561821,0.09231570363044739,0.0,-0.005909987,0.53928965,0.04395152,99.890236,501.89313,164.43137,2.9304287,1.2614701,1.2779607,0.99965316,0.17516395,76.03021,0.6226628,3.696898e-07,2.5925244e-06,0.009131947,1.4011613e-08
1735,0.06635056,0.09190642088651657,0.09184523671865463,0.0,-0.006735263,0.51052815,0.04850442,99.985115,563.5749,165.19502,2.949478,1.786761,0.7836807,0.9998465,0.17481643,101.140854,0.7154247,8.3152133e-07,1.5002447e-06,0.009207562,2.4354373e-08
1736,0.064295135,0.09251195937395096,0.0924203023314476,0.0,-0.0056027602,0.53007036,0.04648375,99.99712,586.25757,163.7726,2.9720554,1.6657481,0.927633,0.99993056,0.18068908,163.08841,0.97171533,6.453606e-07,6.0919984e-07,0.009091683,3.734812e-09
1737,0.06562369,0.09323786199092865,0.09285563230514526,0.0,-0.005464014,0.5169176,0.046469815,99.98841,698.86597,164.0266,3.0807068,1.7154552,0.8340674,0.99984896,0.17651084,53.130066,0.57719594,5.595652e-08,2.3420294e-07,0.009361529,2.655834e-09
1738,0.06736281,0.0889020636677742,0.08883804082870483,0.0,-0.006032179,0.52337164,0.044616446,99.82397,698.59906,165.27722,2.909535,1.1942482,1.3686193,0.99975085,0.17446367,69.31162,0.38425183,1.2485776e-07,4.3884256e-07,0.009231265,6.644446e-08
1739,0.06629341,0.09402686357498169,0.09349582344293594,0.0,-0.0055672117,0.48148185,0.0533734,99.954025,469.44208,165.868,2.9300108,1.8361093,0.7076227,0.99969196,0.18123819,119.60281,0.8377021,1.6076508e-06,8.7234866e-07,0.009353858,3.9199634e-08
1740,0.06373152,0.09467920660972595,0.09423676878213882,0.0,-0.005649006,0.5361542,0.046924464,99.88077,682.68,162.77899,2.9633076,1.8171155,0.7973121,0.9994791,0.17898984,162.33823,0.8435308,7.347846e-07,2.7887668e-06,0.00922431,3.5072826e-08
1741,0.06506259,0.09374993294477463,0.09341593831777573,0.0,-0.0067169187,0.55229014,0.041322894,99.98747,621.48114,165.78094,2.911599,1.5519001,1.0834137,0.999976,0.1765427,65.876724,0.61485434,2.0664916e-07,1.4545694e-07,0.009025061,1.2861307e-08
1742,0.06427956,0.09461595118045807,0.09455139935016632,0.0,-0.0056029013,0.5131801,0.04918159,99.90777,696.999,164.37434,2.984659,1.5367367,1.0418586,0.99945587,0.1742678,56.769676,0.5459102,8.661956e-07,6.549534e-07,0.009261788,3.9085474e-08
1743,0.066047184,0.0941198319196701,0.09391852468252182,0.0,-0.006210867,0.5421119,0.038351133,99.74364,490.01483,161.81136,3.0481775,1.6297815,0.9293423,0.9998434,0.18027098,97.13578,0.49451214,8.538002e-08,5.6154154e-06,0.009018364,2.9057517e-08
1744,0.067191765,0.09442966431379318,0.09439050406217575,0.0,-0.007223076,0.5308114,0.04436908,99.76849,687.0198,165.27835,3.0012584,1.7974182,0.8064996,0.9997362,0.17979442,88.515656,0.122770645,4.431898e-07,1.3009049e-05,0.009121065,4.1295843e-07
1745,0.065936625,0.09085337072610855,0.08999685943126678,0.0,-0.0074723624,0.5543404,0.04280179,99.58668,120.76265,157.39688,2.857494,1.5466105,0.85957795,0.9999583,0.182196,69.61374,0.2238491,3.742602e-06,1.0027396e-06,0.009078381,4.3059717e-07
1746,0.06633946,0.09324915707111359,0.09315401315689087,0.0,-0.0060509546,0.50607836,0.05200157,99.76492,647.1931,164.49084,2.9289975,1.6865343,0.74876183,0.99929947,0.17719302,135.11925,0.24293558,1.3847387e-06,3.0885592e-06,0.009338258,1.2212922e-08
1747,0.06578841,0.09219806641340256,0.09191583842039108,0.0,-0.0054787775,0.50301313,0.04860153,99.99877,610.095,163.97438,2.9332914,1.7086196,0.80527997,0.99999475,0.17940222,76.984474,0.1209656,4.4697903e-09,5.9407046e-08,0.009313552,1.255086e-08
1748,0.067487165,0.09435328841209412,0.09430544823408127,0.0,-0.00724128,0.53119075,0.044129483,99.971,665.94434,164.06682,2.9612455,0.5090973,1.886744,0.99923396,0.1810304,69.36757,0.45288634,1.0260257e-05,1.4661473e-09,0.009057023,3.9188276e-07
1749,0.064872324,0.09077027440071106,0.08335055410861969,0.0,-0.0063829008,0.5184102,0.032332107,75.25614,527.9124,135.12143,2.6831403,3.7213209,0.024518069,0.97287637,0.006984464,37.857258,0.010063042,8.910328e-05,3.229219e-06,0.1718504,0.0005429159
1750,0.06574331,0.09299708157777786,0.09266690909862518,0.0,-0.0056455783,0.5059752,0.047368012,99.97671,681.5728,163.90189,3.0237384,1.8669035,0.7036371,0.9999651,0.17611334,127.58289,0.7529205,3.5193835e-07,3.0171857e-06,0.009213122,4.3249972e-08
1751,0.06601952,0.09160223603248596,0.09153398871421814,0.0,-0.0060038078,0.54663885,0.040663593,99.984566,698.9671,164.42105,3.0308378,1.7539308,0.7479837,0.9999614,0.1752132,164.61328,0.035595253,1.1782424e-06,8.257477e-07,0.009049601,7.632209e-08
1752,0.066953935,0.0942234992980957,0.09406515955924988,0.0,-0.0055430834,0.5240615,0.043240912,99.927605,667.26324,164.35483,3.058673,1.5804641,0.92803055,0.99998784,0.17866476,89.04978,0.12779038,1.9573279e-06,4.4490926e-06,0.009143825,2.2838494e-08
1753,0.065850876,0.09392617642879486,0.09389220923185349,0.0,-0.005971553,0.5297924,0.044523034,99.97973,696.22986,164.1913,2.97594,1.8844302,0.6488367,0.99991333,0.17514394,67.4785,0.58129525,1.0224968e-06,2.6096184e-06,0.009199977,3.6377077e-08
1754,0.068747245,0.09148697555065155,0.09126444160938263,0.0,-0.0060681025,0.54245114,0.044523254,99.9717,698.38495,165.57596,2.9099767,2.2213683,0.4084899,0.999541,0.1766994,122.788055,0.58247477,8.5537124e-08,6.514457e-07,0.009129438,5.860061e-10
1755,0.066970155,0.09230107814073563,0.09186304360628128,0.0,-0.0055230292,0.54275423,0.045866784,99.97349,508.65744,165.57208,3.0180347,1.7744795,0.79681563,0.9997385,0.17934741,165.2512,0.5793282,1.0475423e-07,2.768376e-07,0.0093106255,2.2667482e-08
1756,0.06603104,0.09495715796947479,0.09484710544347763,0.0,-0.006406987,0.5298065,0.045842286,99.94779,443.68042,163.5114,3.0976226,1.8677285,0.7904295,0.9997909,0.18142714,106.51566,0.6499127,5.501868e-07,1.0554469e-06,0.009156438,1.0973196e-08
1757,0.06548116,0.09224116057157516,0.09213387966156006,0.0,-0.00611896,0.53486687,0.041509457,99.96035,699.97253,164.21512,2.9198148,1.6313668,0.96517617,0.9998814,0.17806777,38.450317,0.56517196,1.4388065e-07,3.0120285e-07,0.009036443,5.463917e-08
1758,0.06321113,0.09166236966848373,0.09161128103733063,0.0,-0.005780032,0.5274335,0.044771202,99.906876,638.17316,165.12677,2.8998036,1.8808749,0.70008314,0.99991626,0.17839447,154.93831,0.57715434,3.4192544e-07,1.1696699e-06,0.009283401,1.08078346e-07
1759,0.06625412,0.09225121885538101,0.09207648783922195,0.0,-0.0057849805,0.53505474,0.04640558,99.984024,696.681,164.63017,2.9613428,1.9124562,0.6863808,0.9998539,0.17539334,55.718277,0.029025387,2.3560591e-07,2.224514e-06,0.009233821,1.0460754e-08
1760,0.06580635,0.09196235984563828,0.09184307605028152,0.0,-0.007084996,0.5483322,0.041369177,99.948296,582.11127,164.84882,2.9052372,1.5394276,0.994825,0.9996744,0.17764966,138.92235,0.15213391,3.3140413e-08,2.1086291e-06,0.009155108,5.8429896e-09
1761,0.06621181,0.09509989619255066,0.09485115110874176,0.0,-0.005539459,0.558067,0.03813187,99.952515,691.1553,162.62495,3.089402,1.6674216,0.90925306,0.9999445,0.17433977,126.62047,0.30736008,5.7841794e-07,1.0172125e-06,0.009099426,2.247237e-08
1762,0.06636695,0.0903119370341301,0.08978860825300217,0.0,-0.006293069,0.53982157,0.046829417,99.891914,699.4512,166.81024,2.91333,1.3539885,1.1967362,0.9994491,0.17426123,167.17004,0.4931271,1.1445086e-06,1.6885251e-07,0.009107221,1.9387482e-08
1763,0.0658298,0.09561651945114136,0.09552835673093796,0.0,-0.005680691,0.51654285,0.04721541,99.88112,384.72488,162.48628,3.0505507,1.5244834,0.95607376,0.99979264,0.18128406,108.411026,0.49600562,2.3421446e-06,1.0524622e-06,0.009194162,9.0828394e-08
1764,0.06840575,0.09164804220199585,0.09154772013425827,0.0,-0.005718355,0.52912784,0.045950945,99.9618,595.6966,166.42265,2.9711614,1.8534846,0.7663416,0.9993944,0.17544132,77.481026,0.77324724,7.116611e-07,1.5332326e-06,0.009229217,1.7561174e-08
1765,0.066208676,0.0936189666390419,0.09336668998003006,0.0,-0.0062417868,0.51256084,0.045192372,99.505455,681.8986,165.35811,3.0059931,1.9265155,0.6642533,0.9999317,0.17655651,67.00113,0.021505881,6.277931e-07,2.7381174e-07,0.0091876155,6.278154e-08
1766,0.067974895,0.09222697466611862,0.0920868068933487,0.0,-0.006599373,0.5498076,0.04094592,99.98228,697.6862,165.5,2.9103703,1.2738298,1.2335758,0.9997224,0.17527969,134.18912,0.53397274,3.7120087e-06,1.6434884e-06,0.009074628,4.645998e-08
1767,0.06571383,0.09249167144298553,0.09245505928993225,0.0,-0.005572616,0.51915514,0.04634657,99.855225,696.90344,165.03566,2.9642117,1.6919998,0.8695878,0.9994272,0.17663963,63.797592,0.5368034,1.1219048e-06,1.7079124e-06,0.009200293,4.75959e-08
1768,0.06788619,0.09330692887306213,0.09319688379764557,0.0,-0.0056619393,0.5178885,0.04691528,99.989174,481.60925,164.27792,3.0602489,1.7930299,0.8014084,0.99993765,0.1793736,96.453476,0.54268456,4.4267193e-07,1.4765128e-06,0.009254081,1.2400588e-08
1769,0.06715246,0.09268094599246979,0.09246103465557098,0.0,-0.006664859,0.54704595,0.044006027,99.750786,696.8066,165.09601,3.0347955,1.8634955,0.7621126,0.99995935,0.17326285,155.86632,0.3387228,4.7161384e-07,1.5997302e-06,0.009114431,1.930028e-08
1770,0.06277519,0.09017622470855713,0.09012055397033691,0.0,-0.0070014787,0.52308863,0.048770823,90.99694,540.1011,156.1217,2.6830552,2.396277,0.054219168,0.99044526,0.009196454,54.44046,0.66438437,6.553087e-06,1.3729635e-06,0.17375903,4.121506e-05
1771,0.06541213,0.09581828117370605,0.09682656824588776,0.0,0.0893803,0.6071181,0.03564544,99.97136,699.8218,162.71536,2.9718995,1.6327091,1.0021161,0.99988157,0.18564893,117.42424,0.9137654,1.9187975e-07,4.8492853e-07,0.00891196,2.5525306e-08
1772,0.064674065,0.0938582569360733,0.09368858486413956,0.0,-0.005548032,0.51217145,0.04637317,99.97923,545.3046,164.28513,2.8817146,1.5843483,1.004745,0.999652,0.1794824,94.55444,0.60057974,2.7242666e-07,1.1980808e-06,0.009129832,5.5228884e-09
1773,0.06509554,0.09386095404624939,0.0935254767537117,0.0,-0.005546646,0.50619125,0.053210244,99.98978,699.1395,166.98184,2.960188,1.6311224,0.95683724,0.9999367,0.18339565,50.936005,0.21268576,2.1533944e-07,3.1307573e-07,0.009385513,3.068557e-08
1774,0.06456595,0.0901392325758934,0.08994252234697342,0.0,-0.0056729903,0.52653766,0.048623875,99.91165,696.64185,166.48657,2.9285498,1.5489676,0.9593443,0.9993486,0.17575954,191.10788,0.43479586,6.481288e-07,1.7780218e-06,0.009266786,1.4946089e-08
1775,0.068255775,0.09149539470672607,0.09140659868717194,0.0,-0.0072613987,0.52655566,0.04348465,99.931755,632.84796,166.12544,2.947698,1.4809966,1.0805622,0.99984604,0.17858316,42.279335,0.86017674,6.022075e-08,2.4467347e-06,0.009170205,8.1375e-08
1776,0.06453325,0.09216266870498657,0.09192430973052979,0.0,-0.0055770655,0.5427746,0.04442596,99.962746,523.071,165.6347,2.9902778,1.7461779,0.8560402,0.99996215,0.17921379,109.778175,0.63712496,1.0385277e-07,5.314227e-07,0.00918829,6.9730914e-09
1777,0.06632856,0.0896950215101242,0.08965220302343369,0.0,-0.0060201543,0.51389265,0.04857581,99.94155,469.93872,164.38884,2.9252002,1.4595988,1.0370345,0.9999106,0.1808189,107.57987,0.24545759,2.4188756e-07,4.713838e-06,0.009227603,9.047384e-08
1778,0.06229809,0.09206922352313995,0.09180223196744919,0.0,-0.0056572547,0.52604944,0.04569917,99.97724,572.6901,165.84386,2.8772566,1.7541063,0.82921886,0.9996527,0.17117415,146.01498,0.9863011,2.9007248e-07,2.4448767e-07,0.009052027,3.0137144e-08
1779,0.06528498,0.09320691972970963,0.09296096861362457,0.0,-0.0054817377,0.51745206,0.04583149,99.96047,438.92944,162.0158,3.0656066,1.5512422,1.0161896,0.99902546,0.17877595,153.93947,0.9130727,9.841517e-07,5.958949e-07,0.009192793,2.5313149e-08
1780,0.065102,0.09057027101516724,0.0902896299958229,0.0,-0.006949317,0.50116825,0.04781449,99.95959,549.85864,164.27571,2.9337296,1.8149692,0.8756752,0.99999,0.17817113,78.74976,0.6119942,9.0763376e-07,1.0666377e-06,0.009190422,1.026124e-07
1781,0.06645404,0.09239786118268967,0.09219099581241608,0.0,-0.0058454056,0.52034026,0.046453264,99.79307,15.502254,155.11646,2.976902,1.0875505,1.3838503,0.9979051,0.18022265,94.84228,0.40452436,1.987283e-06,1.0586425e-05,0.009097743,5.439997e-07
1782,0.066649675,0.09378953278064728,0.09356977790594101,0.0,-0.005569498,0.5160709,0.045531645,99.97675,504.07767,164.21657,2.91846,1.7737304,0.862511,0.9999928,0.17549814,105.41934,0.3920156,6.863239e-08,1.079611e-07,0.00908783,3.3219965e-08
1783,0.06715916,0.08917675912380219,0.08894068747758865,0.0,-0.005537684,0.5264136,0.0451225,99.88958,695.2668,168.00836,2.8317392,2.1162279,0.4156275,0.99999684,0.17508797,166.2366,0.648414,1.4566518e-07,9.760826e-07,0.009346496,3.2781078e-09
1784,0.06703683,0.09279265254735947,0.09242130070924759,0.0,-0.005595214,0.517328,0.043154113,99.77353,359.07382,161.00124,2.9584763,1.5803733,0.9795344,0.9999274,0.17866154,159.98387,0.87084967,5.9476963e-07,6.684321e-08,0.009074339,2.982041e-08
1785,0.06454708,0.09273715317249298,0.0926375612616539,0.0,-0.005490765,0.5372098,0.042193905,99.99808,696.9292,164.62848,3.024102,1.824695,0.74803877,0.9998702,0.17830689,77.23962,0.5968749,2.0863342e-07,3.9781273e-07,0.009243274,2.0826183e-08
1786,0.06565321,0.09384648501873016,0.09365244954824448,0.0,-0.005476929,0.5260213,0.04418469,99.93681,689.3624,165.85213,2.9443915,1.5048126,1.0957898,0.9997954,0.17711899,194.1661,0.8037685,1.912804e-07,7.149762e-07,0.009032563,2.4059247e-08
1787,0.065242656,0.09415142983198166,0.09347806125879288,0.0,-0.0055326032,0.56107736,0.043183353,99.993965,696.2874,165.77953,2.9279141,1.7132092,0.84029335,0.9996147,0.1777127,116.06849,0.78538257,7.850144e-08,5.6546884e-07,0.009172287,3.8439417e-08
1788,0.0657676,0.09420370310544968,0.09379871934652328,0.0,-0.0056545055,0.49739483,0.05154079,99.97377,336.835,161.10863,3.0404947,1.6899695,0.84851766,0.99992216,0.18162955,185.3636,0.4616087,1.9677823e-07,2.6590146e-06,0.009342523,7.0612742e-09
1789,0.064132676,0.09592480957508087,0.09571930766105652,0.0,-0.006591998,0.53060865,0.046490256,99.90078,692.59393,163.22318,3.0706446,1.6832296,0.87039506,0.9994916,0.1778748,168.71738,0.4744038,4.440638e-07,4.6410048e-07,0.009164329,6.7583315e-08
1790,0.06754216,0.08954959362745285,0.08938160538673401,0.0,-0.0065525034,0.5243191,0.047027536,99.94416,690.7472,167.29742,2.867651,1.7515537,0.7532325,0.9999328,0.17642373,172.93979,0.03391521,5.1614757e-07,1.5552315e-07,0.009236134,4.6780224e-09
1791,0.06451651,0.09334439039230347,0.09298990666866302,0.0,-0.007417582,0.54951286,0.043112013,99.99834,699.32263,163.37277,2.977522,1.8008736,0.82012945,0.9998644,0.17799614,140.04727,0.72752583,1.249119e-07,4.3935472e-07,0.00899213,2.996222e-08
1792,0.06725947,0.08918819576501846,0.08858255296945572,0.0,-0.0072892467,0.5519871,0.044598944,99.94811,692.35803,166.3687,2.8791428,2.0524888,0.50139326,0.9999765,0.17041168,64.35106,0.88467544,5.8568105e-07,5.645907e-07,0.009170974,5.4880186e-08
1793,0.065031,0.09075718373060226,0.09064724296331406,0.0,-0.0071575777,0.5437206,0.042033494,99.99602,690.8792,164.95395,2.914451,1.7540184,0.7609243,0.9995511,0.17767738,150.36969,0.91170335,6.937829e-07,1.0779261e-06,0.009080107,1.696453e-08
1794,0.06742209,0.09513859450817108,0.09467034786939621,0.0,-0.005872468,0.5052138,0.04524529,99.75183,690.3705,163.71968,2.9731348,1.9483194,0.6796598,0.9993621,0.17828108,93.38131,0.3569677,1.9048163e-06,1.1040852e-05,0.009132011,1.9109544e-07
1795,0.06704954,0.09034115821123123,0.09019732475280762,0.0,-0.0069341683,0.52184683,0.047179144,99.97437,698.7878,163.7905,2.8625307,1.6114719,0.9500968,0.9999395,0.1709316,113.2291,0.48596892,9.817709e-08,2.0788893e-06,0.009131401,6.8641794e-09
1796,0.06674287,0.09386491030454636,0.09349560737609863,0.0,-0.0054865307,0.5153226,0.04736398,99.946594,696.2497,161.56186,3.034897,1.6105917,0.9069855,0.9994204,0.1766092,55.299038,0.30410498,2.9423479e-08,1.8644164e-06,0.009222836,3.7479325e-08
1797,0.06552214,0.09281601756811142,0.09244348853826523,0.0,-0.007459373,0.54616785,0.040401656,99.961205,475.30884,163.18027,2.946974,2.064728,0.55549335,0.99951255,0.17355558,135.93054,0.41246936,3.993433e-08,1.1098084e-07,0.008869726,3.941769e-08
1798,0.065076835,0.09100466221570969,0.09082679450511932,0.0,-0.005572358,0.53460246,0.046014216,99.95638,696.4121,164.04741,2.8782344,1.4348764,1.0686904,0.9998612,0.17182301,112.518906,0.81424093,2.8979306e-07,2.6603852e-08,0.009188223,4.329166e-08
1799,0.0666059,0.09601520001888275,0.09594111889600754,0.0,-0.0055179843,0.5183598,0.046308573,99.9728,547.20703,163.85768,3.0073216,1.6210538,0.9521454,0.99931896,0.18136969,54.41835,0.91182923,3.953538e-08,2.8556795e-07,0.009186361,1.9740437e-10
1800,0.06631483,0.09175194799900055,0.09173817187547684,0.0,-0.0056362245,0.5248048,0.046592318,99.76383,697.33356,164.79704,2.9419508,2.0382345,0.5505418,0.99915415,0.1772838,143.84325,0.5862043,9.3697184e-07,1.1795556e-06,0.009180181,1.1233341e-07
1801,0.06551346,0.09094447642564774,0.09035060554742813,0.0,-0.005909235,0.53532827,0.04627395,99.6,677.5969,168.3269,2.8393755,1.670097,0.87634647,0.99963874,0.1774352,21.664244,0.2817776,1.968718e-06,3.9064744e-06,0.009141581,1.4116722e-09
1802,0.06616884,0.09540505707263947,0.094930000603199,0.0,-0.005498755,0.49070463,0.05395976,99.991615,375.08035,163.45953,3.0801942,1.857092,0.6294789,0.99980897,0.1840176,82.11309,0.36994222,3.490526e-07,1.2682052e-06,0.009417869,1.7882827e-07
1803,0.066954404,0.0919225886464119,0.0917680487036705,0.0,-0.005771804,0.52269053,0.047685985,98.57221,665.57745,161.96495,2.8731372,2.512865,0.114433564,0.99968374,0.17370047,65.11649,0.1610834,6.8413915e-06,1.5710295e-05,0.009286361,2.552605e-07
1804,0.06583241,0.09343104064464569,0.09316134452819824,0.0,-0.0057788435,0.5387614,0.044337735,99.97741,621.84894,164.47415,2.8413904,1.3321388,1.1477264,0.9992349,0.18207432,112.52258,0.5845944,1.1958474e-06,1.08021995e-05,0.009043284,1.14004095e-07
1805,0.067847766,0.09097401797771454,0.09077829122543335,0.0,-0.0074691423,0.5640036,0.037317615,99.01703,698.5814,162.77388,2.919591,1.8629278,0.66251147,0.9998941,0.17270133,64.92872,0.35634023,4.9621553e-07,2.2272372e-06,0.009109429,1.3426923e-07
1806,0.06745894,0.09099352359771729,0.09095112234354019,0.0,-0.0056115943,0.5215439,0.045560222,99.98781,699.3116,165.54283,2.9651885,1.7266657,0.8463061,0.9997475,0.17659014,96.62761,0.9066346,9.541952e-08,3.4095711e-07,0.009190012,1.7912754e-09
1807,0.06725563,0.0949387177824974,0.09448693692684174,0.0,-0.005643923,0.5595912,0.039354987,99.8354,664.3646,161.44118,3.0926297,1.8041179,0.8318214,0.9999015,0.17430729,42.8156,0.30629593,7.250757e-07,3.612957e-07,0.009096918,3.0217768e-07
1808,0.06640352,0.09402647614479065,0.09341082721948624,0.0,-0.005487658,0.4884638,0.049955186,99.95913,630.3446,165.11095,3.0044265,1.9243553,0.7180108,0.9997753,0.17975883,88.75749,0.31840053,6.9399636e-07,2.4324558e-07,0.009228363,2.72296e-08
1809,0.06755339,0.09291113913059235,0.09287580847740173,0.0,-0.005656741,0.5356059,0.042391535,99.95676,583.0367,164.22867,3.0178251,1.7318088,0.8916652,0.99942124,0.17481065,39.781334,0.66366076,2.844976e-07,1.2125882e-06,0.009127287,7.874457e-08
1810,0.067485265,0.09014809131622314,0.08985268324613571,0.0,-0.0065543884,0.5285796,0.045244414,99.48535,694.6145,167.36667,2.8555992,1.766211,0.8917137,0.9996056,0.17617324,30.58878,0.6561274,1.9380238e-07,2.1181029e-06,0.009143073,1.401557e-07
1811,0.06548998,0.09297853708267212,0.09293410181999207,0.0,-0.0055383076,0.5296339,0.043411937,99.58307,680.1822,163.89514,2.971825,1.7616267,0.7835492,0.999102,0.17611188,40.84503,0.77383757,1.7237143e-06,2.380565e-06,0.009126144,3.1789053e-08
1812,0.065826766,0.09158230572938919,0.09113077074289322,0.0,-0.007370199,0.51761997,0.04591654,99.99987,697.80774,165.11171,2.8241625,1.6162235,0.9887571,0.9998564,0.17387,159.18146,0.34697244,3.6493472e-07,1.5603419e-07,0.008976004,2.5507834e-08
1813,0.06599031,0.08903125673532486,0.08860766887664795,0.0,-0.006758558,0.5138649,0.043967903,99.962135,697.04846,164.72575,3.0227273,2.1759553,0.42752495,0.99979824,0.17698526,30.307251,0.5629786,5.708398e-07,1.1424165e-07,0.009289651,3.326137e-08
1814,0.06544597,0.0935065746307373,0.0931200161576271,0.0,-0.005578398,0.52228487,0.04258407,99.9895,457.79144,162.3955,3.057421,1.6724064,0.9109563,0.9997413,0.17854755,22.51451,0.7098412,1.325194e-08,7.360245e-08,0.009254192,2.4084786e-08
1815,0.06550472,0.09310001879930496,0.0930454432964325,0.0,-0.0055011827,0.5447419,0.040885773,99.790436,689.20636,163.47682,2.9851387,1.7548187,0.80741215,0.99940723,0.17631312,32.748405,0.11425558,4.282079e-07,3.704055e-06,0.009090074,8.507338e-08
1816,0.06821373,0.09419731050729752,0.09410460293292999,0.0,-0.005528026,0.51739484,0.047337294,99.91186,652.6368,164.60043,3.0331595,1.6493038,0.9404281,0.9992289,0.18271527,98.96422,0.83738273,8.2776415e-07,6.092381e-07,0.009235815,5.569016e-08
1817,0.06820458,0.09649018198251724,0.0958724394440651,0.0,-0.0061970335,0.55403465,0.043498367,99.88361,647.63837,162.27563,3.1548305,1.6415696,0.98673356,0.9998553,0.18123548,141.09126,0.33381557,4.9924e-07,1.5412249e-07,0.008993176,1.952786e-08
1818,0.06779105,0.0945458933711052,0.0944460853934288,0.0,-0.005458463,0.52349293,0.04465639,99.973595,699.8546,165.92,3.014981,1.701836,0.90775186,0.99999,0.17930302,92.6195,0.80226547,1.8572456e-07,1.209369e-07,0.009207154,1.10140155e-08
1819,0.067129835,0.09294092655181885,0.09281288087368011,0.0,-0.007396298,0.531806,0.043405175,99.99501,694.153,165.34836,2.9761536,1.6005248,1.0130556,0.9999639,0.17657277,70.021935,0.21062349,2.0831291e-07,6.0980295e-07,0.009025721,6.618314e-09
1820,0.06781579,0.09024158120155334,0.09012862294912338,0.0,-0.0054890597,0.5134238,0.047806215,99.93959,698.21423,165.51523,2.9236393,1.6555979,0.84696996,0.9997469,0.17257118,150.9358,0.67284155,4.8609894e-07,1.3061342e-07,0.009329911,2.5889653e-08
1821,0.06315448,0.09232364594936371,0.09195665270090103,0.0,-0.0057360902,0.54029685,0.04492038,99.98461,392.10922,164.70937,2.8562844,1.6841226,0.835957,0.9999572,0.17641045,90.372116,0.50102043,5.5539488e-08,1.8088414e-07,0.009073581,2.410771e-08
1822,0.06563688,0.09369195997714996,0.09339895844459534,0.0,-0.0054877433,0.5383114,0.046438318,99.77577,693.4246,165.81262,2.913649,1.5732956,0.9682292,0.9980935,0.17921093,51.692154,0.40782335,1.0114082e-06,6.074051e-07,0.009209548,1.0792563e-07
1823,0.063687295,0.09220713376998901,0.09205295145511627,0.0,-0.005739286,0.5376128,0.04494885,99.991104,673.41846,166.4263,2.9181168,2.0221562,0.59435195,0.99981564,0.17787158,49.789383,0.22901241,5.068516e-07,5.623832e-07,0.009167248,4.5106896e-09
1824,0.06570583,0.09454533457756042,0.09452532976865768,0.0,-0.0055082985,0.53161955,0.04420668,99.83448,596.2139,163.82718,2.936189,1.490637,1.0868725,0.99981874,0.17901373,20.918781,0.1840481,2.2358101e-06,3.3874423e-06,0.00916835,3.1060203e-09
1825,0.06504001,0.09211769700050354,0.09190351516008377,0.0,-0.0069972873,0.5250517,0.04275254,99.92497,695.9421,165.6797,3.0475254,1.7414834,0.8936823,0.99979514,0.17521761,98.62596,0.14749236,1.5554384e-07,1.1036917e-06,0.009146398,6.1274484e-08
1826,0.06599088,0.09194248914718628,0.09188822656869888,0.0,-0.006052109,0.52934754,0.044981893,99.87197,433.7452,163.92203,2.9579093,2.2117608,0.36569583,0.9996387,0.17129679,172.49573,0.62445563,2.4539892e-07,2.7776451e-08,0.009132775,3.2936974e-08
1827,0.065513074,0.09346793591976166,0.09556302428245544,0.0,0.0849727,0.61814433,0.03367222,99.9384,699.0401,164.02776,2.922597,1.5315752,1.0683602,0.9998103,0.18388134,110.61396,0.619963,1.087033e-06,9.673798e-07,0.0087164305,3.1601964e-08
1828,0.06633346,0.09575557708740234,0.0956295058131218,0.0,-0.005472448,0.5363938,0.045083098,99.980415,698.7237,163.87515,2.9971063,1.6350641,0.98643225,0.99962807,0.18130468,22.78889,0.46179557,2.7729638e-07,4.8213025e-08,0.009098942,1.0952841e-08
1829,0.06654814,0.09262602031230927,0.09254683554172516,0.0,-0.0058555724,0.52716416,0.04319793,99.9343,698.47894,165.14409,3.0143116,1.6068761,0.9698486,0.99962854,0.18062584,163.96147,0.5334177,3.8401203e-07,7.677876e-08,0.009129778,2.5301636e-08
1830,0.065444574,0.09356678277254105,0.09341646730899811,0.0,-0.005460551,0.5247563,0.047670227,99.99932,592.8206,162.81157,2.967236,1.6665958,0.891728,0.99999887,0.17632498,137.44432,0.5307322,6.391877e-08,1.3582434e-07,0.009211305,2.8613957e-08
1831,0.06967274,0.09469370543956757,0.09448835998773575,0.0,-0.0058914707,0.49829486,0.049803887,99.92871,644.2523,165.48201,2.9652448,2.0274823,0.48159522,0.9992069,0.18116505,112.02515,0.76380503,9.576643e-07,1.8672602e-06,0.009233729,1.454736e-07
1832,0.06717949,0.09386853873729706,0.0937914028763771,0.0,-0.0059763654,0.54507047,0.04140985,99.98099,668.00507,164.11977,3.030751,1.8359549,0.75326854,0.99925506,0.1750347,65.87737,0.8349775,9.7082285e-08,4.763207e-07,0.009191941,3.8731717e-08
1833,0.06729286,0.08978281170129776,0.08969375491142273,0.0,-0.0074322037,0.5253962,0.044646695,99.93493,697.9282,166.20665,2.940503,1.7463926,0.8047174,0.9999199,0.17027569,187.5547,0.87470096,1.4313873e-07,9.602029e-08,0.009242343,5.2564375e-09
1834,0.06343088,0.09217652678489685,0.09201793372631073,0.0,-0.0067203427,0.54622334,0.04266709,99.94429,384.5061,163.51431,2.9864552,1.8417528,0.7552791,0.99990195,0.17775033,22.016674,0.6943735,6.541844e-07,1.7087794e-07,0.009125352,2.0654334e-09
1835,0.06555302,0.0923067033290863,0.09196245670318604,0.0,-0.0054824436,0.502833,0.050428186,99.97816,623.81726,166.50475,3.0643811,1.9853451,0.64789134,0.9997855,0.17828089,162.13142,0.124951914,9.371737e-08,5.2468227e-08,0.009387927,9.3756526e-08
1836,0.06695458,0.08955852687358856,0.08946831524372101,0.0,-0.005753632,0.5301876,0.045522515,99.968605,698.7878,166.47801,2.9070933,1.9256604,0.6119315,0.999787,0.17863216,39.3946,0.5438122,1.1270059e-07,9.190416e-07,0.009258323,1.3575546e-08
1837,0.0680622,0.090810127556324,0.09037090837955475,0.0,-0.005559431,0.51421577,0.04924977,99.90881,517.4301,162.97403,2.969811,1.350072,1.1094451,0.999884,0.17244448,74.72691,0.9166764,7.932609e-07,1.3850116e-07,0.009457059,2.6399963e-08
1838,0.067101024,0.09323212504386902,0.09311944991350174,0.0,-0.00562373,0.53448397,0.045341168,99.96146,684.5157,164.35081,2.9253592,1.8350356,0.7647404,0.99928945,0.17803589,110.310646,0.7494929,2.8232262e-07,2.5554489e-06,0.009099117,1.6753276e-08
1839,0.063678615,0.09330900758504868,0.09330296516418457,0.0,-0.006298241,0.52256584,0.046595067,99.98168,690.22156,165.28175,2.9816542,1.5549244,0.94541097,0.99989134,0.17932458,58.150906,0.47795808,2.2512144e-07,7.2022067e-07,0.009160309,1.2176866e-07
1840,0.06603811,0.09467159956693649,0.09436260908842087,0.0,-0.0056798626,0.5364401,0.045465626,99.86995,607.4979,162.72163,3.0858252,1.4052542,1.1515658,0.999773,0.18233703,112.81925,0.6094478,3.0085002e-07,6.228254e-07,0.009211156,4.2542357e-08
1841,0.06858677,0.0949816182255745,0.09444737434387207,0.0,-0.005461597,0.531097,0.04618779,99.93825,699.75323,167.21107,2.8836067,2.0222802,0.6128554,0.99990284,0.17931154,157.18573,0.79981905,1.2399853e-07,1.4921237e-07,0.008990232,1.2984289e-08
1842,0.06455771,0.09283406287431717,0.09271522611379623,0.0,-0.005673852,0.49859634,0.052038383,99.80369,694.81396,164.0295,2.9583838,1.8250303,0.7585033,0.99997455,0.17832702,31.031403,0.8231733,1.1135132e-06,8.7530213e-07,0.009287259,1.6797362e-08
1843,0.06703634,0.0967361330986023,0.09643558412790298,0.0,-0.0054574166,0.52920264,0.04510211,99.69674,661.1317,162.80827,3.1277742,1.6893752,0.8330186,0.99991184,0.17882542,61.18655,0.6630517,1.3490114e-06,8.279029e-08,0.009219694,3.201047e-08
1844,0.069248475,0.09293077141046524,0.09283532202243805,0.0,-0.005800157,0.50433934,0.05206267,99.99385,580.5247,165.8091,2.9307845,1.4698821,1.042059,0.9997954,0.17969379,79.14935,0.77471316,3.4282957e-07,1.4821026e-07,0.009276766,3.5589064e-08
1845,0.0647306,0.0930323451757431,0.09297925978899002,0.0,-0.0056807357,0.52344406,0.045326788,99.630516,690.3621,163.29424,2.9817708,1.2622955,1.4061654,0.9989047,0.17433655,189.19467,0.74016905,2.6744303e-06,4.9930954e-06,0.009128948,7.504722e-08
1846,0.06543601,0.09320563077926636,0.09290389716625214,0.0,-0.005630297,0.5212269,0.043303,99.86221,679.13965,164.74129,2.8787346,1.5211782,1.1211702,0.9997558,0.17681128,112.11645,0.446671,5.880178e-07,1.0043685e-06,0.009049741,6.518516e-08
1847,0.06602492,0.09276676177978516,0.09241851419210434,0.0,-0.005725493,0.53947085,0.046035167,99.99513,536.52686,164.80205,2.8851814,1.7691729,0.8231694,0.99990875,0.17336908,119.97673,0.40415034,4.8579288e-08,4.4801652e-08,0.009090498,1.8835514e-08
1848,0.068067834,0.09198994934558868,0.09189572930335999,0.0,-0.007143365,0.52060497,0.044918492,99.99067,581.5181,163.91888,2.8908165,1.7689681,0.77396345,0.9992453,0.17654541,164.83813,0.8855065,5.059046e-07,4.742866e-07,0.009117435,4.758994e-08
1849,0.06801195,0.09389319270849228,0.09356936067342758,0.0,-0.005506449,0.4952893,0.04920748,99.87016,679.3332,164.4319,3.0027456,1.6400716,0.9752795,0.9999335,0.18235086,183.09035,0.5510811,1.5869671e-06,2.3163755e-06,0.009184262,1.2251275e-08
1850,0.06611073,0.09044262766838074,0.09023510664701462,0.0,-0.005951031,0.5264439,0.047501367,99.8926,698.0711,166.14467,2.8610885,1.8028686,0.7619631,0.9996697,0.1749999,24.569769,0.40802386,6.328893e-08,1.5263591e-06,0.009138685,1.3888132e-07
1851,0.06469614,0.09231184422969818,0.092218317091465,0.0,-0.005753934,0.5250827,0.043694988,99.97714,695.24164,164.37373,2.9947534,1.7214156,0.8378502,0.9999708,0.1791427,94.596115,0.784566,1.0210585e-07,2.3056596e-07,0.009180144,2.624314e-08
1852,0.065864354,0.09335364401340485,0.09285800904035568,0.0,-0.0055553755,0.5209706,0.046532035,99.96541,576.787,167.4421,2.8695393,1.7152922,0.8963342,0.9999987,0.17998925,130.15729,0.6645684,1.7117954e-07,2.0845257e-06,0.009035375,2.3245558e-08
1853,0.06477846,0.09142553061246872,0.09134265035390854,0.0,-0.0061368714,0.5350817,0.042567722,99.83821,696.6287,163.3705,2.9735618,1.7767341,0.79309833,0.999661,0.1729097,51.93452,0.6243305,4.834222e-08,1.4244266e-07,0.0091340905,7.870597e-09
1854,0.06694473,0.0927247554063797,0.09265486150979996,0.0,-0.005461004,0.52464545,0.04494786,99.94635,697.16693,164.15242,2.9577172,1.418093,1.116573,0.99990034,0.17888889,23.787346,0.34164357,6.765244e-07,1.4602308e-07,0.0092434725,1.283582e-08
1855,0.065375745,0.0959426611661911,0.09486425668001175,0.0,-0.0066699297,0.56633043,0.040096886,99.95687,695.8895,164.56154,2.8620038,1.5375243,1.0263263,0.9999077,0.17730077,119.54582,0.30403292,1.439805e-07,3.633721e-07,0.008808422,1.2172705e-08
1856,0.06590329,0.09584163874387741,0.0957811027765274,0.0,-0.0055970964,0.5327954,0.0427066,99.81251,689.93024,165.49808,3.003867,1.7416997,0.84599525,0.999969,0.17770292,127.4665,0.26699767,7.422238e-07,9.966453e-07,0.0091371555,1.764161e-08
1857,0.0641175,0.09108216315507889,0.09063953161239624,0.0,-0.005996273,0.5476023,0.044774387,99.98793,577.33374,165.76295,2.8942673,1.6839638,0.89574707,0.99987155,0.17671618,83.15873,0.5024142,1.644371e-07,3.151815e-07,0.009196767,2.8665575e-08
1858,0.06600874,0.09231401234865189,0.09212012588977814,0.0,-0.006773379,0.5081593,0.048329066,99.95159,688.4648,166.58922,2.884145,1.4906393,1.0998874,0.99996877,0.18387279,77.604225,0.8009249,3.864761e-07,4.0801374e-06,0.009153543,1.208121e-08
1859,0.06596603,0.09132060408592224,0.09103694558143616,0.0,-0.0054765265,0.5496778,0.042678695,99.97761,411.09866,163.59097,2.8794556,1.6770401,0.86829245,0.9997763,0.17445333,142.56546,0.2744951,2.0952453e-07,7.0893293e-07,0.009207506,3.4591114e-08
1860,0.0691892,0.0937095433473587,0.09348379820585251,0.0,-0.0060610706,0.523087,0.049725763,99.799545,670.9667,166.04797,2.9580836,1.6164482,0.9286916,0.9999291,0.17990042,160.78748,0.59774286,1.0882488e-06,1.1540425e-06,0.009213106,2.618922e-07
1861,0.06642884,0.09402955323457718,0.09310024976730347,0.0,-0.0056363083,0.5373689,0.04283959,99.93538,692.4357,166.60141,2.8372562,1.6461438,0.88272065,0.9991891,0.17873842,102.05024,0.97173077,2.458227e-07,4.2187867e-06,0.008822845,1.881092e-08
1862,0.066559255,0.09167691320180893,0.09124574810266495,0.0,-0.0069107176,0.5618275,0.04088676,99.69297,690.9916,165.52573,2.9071567,1.8848842,0.6973384,0.9988569,0.17469022,119.346756,0.92988,2.292399e-06,1.5454956e-06,0.009083608,3.0435004e-07
1863,0.06593694,0.08996795862913132,0.08991412818431854,0.0,-0.0057532787,0.5237824,0.04627858,99.953285,683.7734,165.08537,2.879835,1.5694562,0.9462491,0.99995416,0.17480248,41.521885,0.31028667,7.231537e-07,7.645499e-07,0.009169929,1.18684085e-08
1864,0.064652644,0.08964556455612183,0.08937530964612961,0.0,-0.005769483,0.5345234,0.044818882,99.817795,680.8536,164.84196,2.9180825,1.2948288,1.1405343,0.9998911,0.17149371,108.40866,0.76545334,2.8947027e-06,2.3830736e-07,0.009432876,1.14608724e-07
1865,0.06674976,0.09266029298305511,0.09232013672590256,0.0,-0.005965952,0.540504,0.045501843,99.99732,634.5331,165.07225,2.883431,1.5416629,1.068646,0.9991757,0.17848703,123.706856,0.0851784,2.1698202e-06,1.9205208e-06,0.009072929,1.1911153e-07
1866,0.06916937,0.09479629248380661,0.09467289596796036,0.0,-0.005472018,0.4981767,0.0535577,99.964294,697.9178,163.32193,3.0068097,1.8652569,0.71718395,0.99978393,0.17884463,138.3888,0.6366328,3.2763995e-07,2.4277531e-07,0.00919732,6.05379e-08
1867,0.06720413,0.09134677797555923,0.09090958535671234,0.0,-0.0064970083,0.50526273,0.046761427,99.9214,655.0699,164.19868,3.001118,1.2988148,1.2223028,0.9997426,0.17574623,168.46083,0.13260953,8.213902e-06,7.759846e-06,0.00936677,7.326925e-07
1868,0.06560312,0.09036979079246521,0.09024214744567871,0.0,-0.0055355527,0.5007419,0.052596748,99.970604,675.33234,165.56783,2.8397267,1.5585619,0.96588445,0.9999389,0.17740327,81.5402,0.7020138,1.511511e-07,3.842727e-08,0.009241746,3.3068364e-08
1869,0.06481669,0.09066607803106308,0.09046313911676407,0.0,-0.0055509643,0.5230668,0.048430737,99.996895,378.46265,164.70007,2.87716,2.0878198,0.48852658,0.9999884,0.17603755,107.14986,0.5114979,8.375315e-08,2.5143424e-07,0.009222638,1.82791e-08
1870,0.06610003,0.0926625058054924,0.09260548651218414,0.0,-0.005505706,0.51451427,0.048780296,99.96329,685.118,164.24022,2.9310563,2.21645,0.45577314,0.99974203,0.17786281,96.66604,0.9214982,1.8503509e-06,1.4239306e-06,0.009256837,7.705009e-08
1871,0.06672586,0.09458047151565552,0.0943850502371788,0.0,-0.0056400574,0.5320972,0.045739923,99.88492,683.8699,163.4356,2.9227135,1.447861,1.0322808,0.9997302,0.18404299,105.190186,0.6508099,6.0965824e-08,1.6080611e-06,0.009070169,3.2293034e-08
1872,0.06668761,0.09169893711805344,0.09161999821662903,0.0,-0.0055177016,0.5144852,0.046708133,99.85465,494.89255,164.3591,2.9400454,1.2423623,1.2896986,0.99928486,0.1794567,57.851116,0.320071,1.5825336e-06,1.0509938e-06,0.009227905,8.8183466e-10
1873,0.06468014,0.0953112542629242,0.0949098989367485,0.0,-0.006925868,0.4612144,0.048842914,98.47551,623.2752,155.7359,3.2747605,3.5774207,33.318474,0.9995538,8.216149e-07,36.883183,0.014306093,0.006772912,1.303287e-06,2.1908589e-05,0.73401284
1874,0.06736524,0.09220699220895767,0.09383463859558105,0.0,0.0846684,0.6293948,0.033157863,99.87321,697.74194,163.19362,2.8313453,1.3893478,1.2019514,0.9994837,0.17927319,143.2033,0.5421767,6.247279e-07,4.2977427e-07,0.008609637,4.0551097e-08
1875,0.06645027,0.09291455894708633,0.09270297735929489,0.0,-0.0064291344,0.55089664,0.04207382,99.65387,684.2469,163.47197,2.938238,1.9028909,0.7208604,0.99957806,0.17438468,90.49969,0.33680367,3.3999726e-08,7.494556e-07,0.00918434,7.558326e-08
1876,0.068243705,0.09236560761928558,0.09216514974832535,0.0,-0.0055331667,0.52495813,0.046597697,99.98021,695.6284,165.77357,3.0197892,1.6339755,0.93962795,0.9999341,0.17549756,43.16091,0.54350364,1.5014406e-07,1.4825576e-06,0.009382902,3.4884124e-08
1877,0.06372598,0.09461271017789841,0.09448381513357162,0.0,-0.0054608947,0.54098517,0.04145042,99.93263,697.6021,165.7145,3.0196047,1.7842419,0.842663,0.999768,0.1795826,56.488373,0.61381036,1.9817378e-08,5.124985e-07,0.009030348,7.743702e-10
1878,0.06751708,0.09384184330701828,0.09351707994937897,0.0,-0.0056167953,0.50475013,0.051113054,99.986336,699.24036,167.504,2.9862258,1.6495429,0.9848506,0.99990016,0.17950043,146.62445,0.7007813,3.903212e-07,6.970105e-06,0.0094177965,5.1510714e-08
1879,0.06744547,0.09436243772506714,0.09398271888494492,0.0,-0.005742716,0.54376733,0.046016954,99.97141,388.13745,163.76767,2.9523969,1.4985694,1.0465862,0.99953973,0.17825496,187.28937,0.7699587,1.05722e-07,2.954883e-06,0.009183728,3.238521e-08
1880,0.06697098,0.09427344799041748,0.0941157191991806,0.0,-0.0064323144,0.5463009,0.040415566,99.76541,666.248,164.58626,2.9707847,2.2421217,0.4014142,0.9988398,0.17776497,50.614204,0.18188909,2.8206108e-07,1.602826e-06,0.008950071,5.1618308e-08
1881,0.06740796,0.0929558202624321,0.0927891731262207,0.0,-0.005511534,0.502469,0.05312136,99.94388,394.56445,164.56873,2.898429,1.5582277,0.95646745,0.99968845,0.18128619,174.50383,0.4331412,3.200299e-07,3.09633e-07,0.009214271,3.76946e-09
1882,0.06759043,0.09178894758224487,0.0916278138756752,0.0,-0.0054859687,0.51007706,0.04810753,99.9993,699.8176,164.62486,2.9387865,1.6458658,0.8675431,0.9999389,0.17474526,85.06068,0.12915806,1.9714387e-08,1.1031812e-07,0.009319008,2.7945372e-08
1883,0.06620576,0.09342821687459946,0.09328598529100418,0.0,-0.005559472,0.5413072,0.041776534,99.98664,678.93835,162.80382,3.0168087,1.3982813,1.1716346,0.9999573,0.17904119,94.25309,0.046272453,1.3262412e-08,1.2998585e-06,0.00896918,3.1282813e-08
1884,0.066502556,0.09619734436273575,0.0959651991724968,0.0,-0.0058812737,0.5498361,0.041395694,99.979675,484.1661,161.75826,3.089695,1.5012434,1.0606654,0.9999263,0.17706494,78.73982,0.10558769,1.8708998e-07,3.841019e-07,0.009049795,6.765157e-09
1885,0.06475728,0.09577707201242447,0.09541166573762894,0.0,-0.0063163545,0.5053039,0.04806837,99.76231,634.9863,164.50735,3.1014583,1.3827829,1.2081821,0.99907005,0.17878436,122.68567,0.5144155,3.730298e-07,1.2040232e-05,0.009309448,2.543199e-07
1886,0.06483627,0.09187651425600052,0.09183310717344284,0.0,-0.0064435997,0.5269602,0.043493487,99.94412,697.8092,165.18948,2.9364343,1.8175839,0.81698245,0.9993195,0.1785629,118.8147,0.20449586,1.983222e-07,1.4927537e-06,0.009177547,1.0935532e-07
1887,0.06526019,0.09442849457263947,0.09393595904111862,0.0,-0.0055640684,0.5438715,0.046168562,99.96465,695.71655,165.5483,2.8603115,1.884009,0.7072416,0.999943,0.17804658,25.272135,0.3267804,1.4616019e-07,6.296201e-07,0.009134753,9.046344e-09
1888,0.06762141,0.09603697061538696,0.0959065854549408,0.0,-0.0055331956,0.50713456,0.051204845,99.8008,547.8604,165.36409,2.8876328,1.6157559,0.9638278,0.9996656,0.1786882,106.17779,0.67362726,5.93082e-07,2.0539136e-07,0.009151357,6.394974e-08
1889,0.06837196,0.09134059399366379,0.09111827611923218,0.0,-0.0054559633,0.50558656,0.049294934,99.98717,693.2805,166.49846,2.9820476,1.8334503,0.81546813,0.9999778,0.17568448,67.86281,0.31321913,7.8006667e-07,6.5699815e-08,0.00935979,4.8964246e-09
1890,0.06530582,0.09235210716724396,0.09223902970552444,0.0,-0.0054910276,0.520792,0.044744007,99.99582,699.7328,165.50488,2.9106557,1.5981401,0.9507125,0.9998869,0.18153118,120.74168,0.6268282,4.0650193e-08,3.766739e-07,0.009109699,1.583391e-08
1891,0.06642135,0.0923001691699028,0.09219536185264587,0.0,-0.005499276,0.5184142,0.046835285,99.984406,670.5043,165.09389,3.0102046,1.8805517,0.72237897,0.9998274,0.1780846,171.02481,0.5587806,4.124223e-09,4.6355026e-07,0.009289105,1.5878465e-08
1892,0.067300595,0.08970489352941513,0.08963241428136826,0.0,-0.005610566,0.51369554,0.047725156,99.9996,503.673,165.14613,2.8956525,1.4228071,1.091809,0.9998886,0.17902568,117.05016,0.93783695,2.7049648e-08,2.088028e-07,0.00923276,3.3067124e-08
1893,0.06834994,0.09505569189786911,0.09487321972846985,0.0,-0.0056837047,0.5119323,0.04998251,99.87664,692.8888,164.75618,2.8754916,1.4151206,1.1639171,0.9996115,0.17988758,147.40205,0.3740769,5.622409e-07,1.4183257e-07,0.009049593,4.80556e-08
1894,0.06622149,0.09377572685480118,0.09494508802890778,0.0,0.08909473,0.6321619,0.033785816,99.9339,699.7478,163.51434,3.024181,1.7535022,0.90270734,0.99978185,0.18533742,40.944027,0.6797478,3.436765e-08,5.05659e-07,0.008729256,1.7942178e-08
1895,0.06578422,0.0910898894071579,0.09082654863595963,0.0,-0.0056041074,0.5356482,0.044708155,99.99544,697.36194,162.92616,3.0534213,1.5100993,1.0308484,0.9998046,0.17482528,151.45238,0.11818028,6.3678044e-08,1.4843805e-06,0.009234893,2.0263519e-08
1896,0.06607392,0.09563447535037994,0.09554552286863327,0.0,-0.0059043583,0.5306905,0.044916373,99.92686,381.27966,163.95085,3.0581222,1.1428103,1.5538827,0.99985135,0.18210341,110.388535,0.6071608,5.1491475e-07,3.995732e-07,0.0090995515,1.031797e-08
1897,0.06838299,0.09067417681217194,0.09042336046695709,0.0,-0.0065209856,0.5260514,0.042266086,99.881256,694.45917,163.51807,2.874924,1.7692995,0.8846509,0.9999947,0.17497106,47.855278,0.62909514,1.0727939e-07,4.561235e-07,0.0090952795,1.3577013e-08
1898,0.06473104,0.09413320571184158,0.09352371096611023,0.0,-0.0054746857,0.56257963,0.041006524,99.97826,699.7458,165.4189,2.900273,1.7361932,0.84902906,0.99997336,0.18052801,95.46307,0.3212008,4.0298445e-08,2.7320735e-07,0.009028129,1.9418641e-08
1899,0.06496981,0.09576918184757233,0.09677556902170181,0.0,0.08930977,0.6443224,0.03424809,99.956055,699.79675,164.4373,2.860912,1.5948045,1.0420845,0.99953705,0.18612027,70.28896,0.31253675,8.0372686e-08,1.6484523e-07,0.008663658,1.2573527e-08
1900,0.06661307,0.09463690966367722,0.09442798048257828,0.0,-0.006002913,0.5212126,0.04878005,99.90127,442.82083,164.5368,3.0291467,1.806844,0.80015874,0.99981135,0.18113542,118.152245,0.475204,6.872301e-07,1.8694732e-07,0.0092706885,7.289083e-08
1901,0.062907144,0.09274474531412125,0.09267787635326385,0.0,-0.0057812324,0.53175926,0.045925412,99.98945,695.0528,164.7073,2.9492018,1.765154,0.8269955,0.9999719,0.17841807,105.290794,0.1330079,1.9990169e-07,3.7104033e-07,0.009150603,8.8093316e-08
1902,0.06498868,0.08875977247953415,0.08861227333545685,0.0,-0.0066634393,0.50083995,0.0503339,99.54793,653.7118,164.67938,2.9339416,1.8534148,0.58852184,0.99987555,0.17529123,192.02008,0.78898054,3.1188438e-06,7.2854455e-06,0.009319092,4.358681e-09
1903,0.06497133,0.0924963727593422,0.09229489415884018,0.0,-0.006643808,0.5303394,0.04258619,99.96748,629.5992,164.45558,2.9130554,1.8104085,0.729149,0.9997006,0.17427666,106.5117,0.38857013,7.5522685e-08,7.6286165e-07,0.009003008,2.4396025e-08
1904,0.06751183,0.09640990197658539,0.09819070249795914,0.0,0.08935267,0.642011,0.03378266,99.99496,699.9373,163.926,2.9470062,1.7737181,0.91355634,0.9999948,0.18878946,93.23214,0.5905328,1.9272733e-08,8.327912e-08,0.008648544,2.5513282e-08
1905,0.065757014,0.09229322522878647,0.09198161214590073,0.0,-0.0056331027,0.5356292,0.04261367,99.906395,119.24544,154.8083,3.0399468,1.3989515,1.0292165,0.999587,0.1776462,148.93506,0.7193138,7.8488895e-08,2.9719113e-06,0.009221766,8.174933e-09
1906,0.066784546,0.09560608118772507,0.09546580910682678,0.0,-0.005486789,0.5292166,0.043632515,99.96021,697.1928,165.76674,3.0470498,1.7134557,0.885158,0.9999602,0.17719974,58.305607,0.06679813,2.4601107e-07,8.32509e-07,0.009309784,4.8967333e-08
1907,0.06837003,0.09142220765352249,0.09134867787361145,0.0,-0.005651597,0.5231449,0.044067275,99.97469,698.19604,164.58344,2.980095,1.6612357,0.8932551,0.9998329,0.17749652,156.00002,0.44400874,7.6788524e-07,2.6995465e-07,0.009150744,1.1961164e-08
1908,0.067151695,0.09139372408390045,0.08998379856348038,0.0,-0.005655281,0.53266394,0.05052545,99.99613,427.31308,166.97362,2.760501,1.329467,1.2307568,0.99973977,0.18064444,129.545,0.9489127,2.393631e-07,2.4545784e-06,0.009096134,1.2369246e-08
1909,0.065498926,0.09189356863498688,0.09143117070198059,0.0,-0.0054892413,0.5104193,0.046251606,99.933586,678.2376,165.99033,2.8350737,1.7222277,0.8180345,0.99987227,0.17259468,45.250336,0.56096095,6.803617e-08,6.972185e-07,0.009103082,3.156906e-09
1910,0.066822715,0.09468022733926773,0.09427409619092941,0.0,-0.0057110814,0.547155,0.04228218,99.65238,28.494017,153.83582,3.005111,1.8483539,0.673301,0.99934006,0.1793935,70.049324,0.87265885,4.4202547e-08,4.918975e-07,0.00906409,9.0911435e-08
1911,0.0653018,0.09211846441030502,0.09158695489168167,0.0,-0.0058587245,0.5041077,0.04700122,99.95665,694.5763,164.56033,3.056833,1.8934894,0.7456477,0.9998338,0.17217521,43.077614,0.23768824,2.649939e-07,2.0889784e-10,0.009305839,7.351358e-08
1912,0.06739438,0.0919298604130745,0.09168379008769989,0.0,-0.005717999,0.5453731,0.042519562,99.88813,698.5978,165.5639,2.9261663,1.8523245,0.72837156,0.99989855,0.17801034,158.60631,0.846424,5.970287e-07,4.190444e-06,0.009014075,2.4360883e-08
1913,0.06675845,0.09258273243904114,0.09232495725154877,0.0,-0.005679599,0.51637095,0.049371906,99.912346,698.33887,166.32054,2.8385372,1.642257,0.9602076,0.99990016,0.17744952,31.261293,0.7022655,6.8382916e-10,3.6429998e-07,0.009098735,2.2760993e-09
1914,0.06618585,0.09131912887096405,0.09095815569162369,0.0,-0.005815853,0.5131065,0.045392856,99.7034,691.09827,162.84288,2.9793458,1.8103039,0.677762,0.9992036,0.17528544,97.00967,0.28008875,1.0920674e-06,1.2333259e-06,0.009196882,2.1903996e-07
1915,0.06581311,0.09092045575380325,0.09078400582075119,0.0,-0.0060056793,0.5135796,0.050892442,99.81093,662.9276,167.0469,2.9645967,1.7614532,0.8951758,0.998704,0.17489527,98.7512,0.6252763,1.646962e-07,2.1130986e-06,0.009317255,3.3118772e-07
1916,0.06579487,0.09282747656106949,0.09268877655267715,0.0,-0.0061788815,0.5425036,0.04258209,99.81527,692.4717,163.38123,2.9031332,1.6684523,0.94356185,0.9996356,0.17821641,88.62649,0.7647076,4.5840403e-07,3.189381e-07,0.009072512,3.0667252e-08
1917,0.06640519,0.09275748580694199,0.09254948794841766,0.0,-0.0055926447,0.5151074,0.050532278,99.99119,697.58386,166.2076,2.9183564,1.8550053,0.7225694,0.9999926,0.1800543,139.52988,0.49577665,1.4583638e-07,2.6359234e-07,0.0091189565,1.2588596e-07
1918,0.06608272,0.09110584855079651,0.09102298319339752,0.0,-0.005490547,0.5283726,0.046272427,99.96162,666.8101,164.90662,2.8706534,1.80669,0.7513505,0.99970776,0.17683329,107.34142,0.3628196,1.8760948e-08,1.4376058e-06,0.009173614,1.6603543e-08
1919,0.066105336,0.09275143593549728,0.09264470636844635,0.0,-0.0058557233,0.5388871,0.040865082,99.97409,683.8847,164.70107,2.9978878,2.0100515,0.69495225,0.9996274,0.17224875,182.33086,0.6447095,1.031269e-06,1.5182778e-06,0.00903779,3.0110513e-08
1920,0.06642064,0.09232223778963089,0.0921730175614357,0.0,-0.005759284,0.5312267,0.04612333,99.97632,677.73627,165.52344,2.9522395,1.8733512,0.7645436,0.9999067,0.18049453,25.631437,0.22760074,4.5640107e-07,6.9628004e-07,0.009297004,4.1115666e-08
1921,0.0641653,0.09210854768753052,0.09204813092947006,0.0,-0.005651202,0.53859884,0.04191256,99.99045,595.7896,164.23015,3.050198,1.7559694,0.8421086,0.9998643,0.17331542,36.06998,0.27445674,4.9444445e-08,2.4296776e-06,0.0091626085,1.7694669e-08
1922,0.06760131,0.09376329928636551,0.09358283877372742,0.0,-0.005521213,0.5148306,0.046176013,99.98638,698.9187,163.7433,3.0656297,2.0448983,0.54633987,0.99995095,0.17800973,93.556854,0.64522797,1.5533841e-07,2.8507209e-08,0.009205935,1.716947e-08
1923,0.06417023,0.09057991206645966,0.09054572135210037,0.0,-0.005957986,0.53023374,0.04504768,99.99509,696.718,164.33546,2.9303617,1.7096967,0.85863155,0.9999617,0.17680623,57.620255,0.3749958,3.5642298e-09,2.8196547e-07,0.009185936,1.1861807e-08
1924,0.06725226,0.09298977255821228,0.09254679828882217,0.0,-0.00708809,0.55137926,0.043206986,99.988045,393.3651,162.88832,2.8862343,1.5505874,0.96325153,0.9997918,0.17581122,128.87503,0.46360642,1.7555952e-07,2.9586542e-07,0.009090685,1.7375218e-08
1925,0.06383182,0.09275110065937042,0.09243901818990707,0.0,-0.0059745666,0.5495719,0.04337787,99.97504,697.9853,164.9466,2.8886657,1.7588181,0.7969578,0.99993396,0.17721552,145.15665,0.25314796,1.1533494e-06,3.0078337e-07,0.009150956,9.69137e-08
1926,0.06714709,0.09091714024543762,0.09137827903032303,0.0,-0.0070381965,0.44885373,0.054119267,99.75468,679.06104,158.6367,3.0424123,3.0406013,0.022349909,0.9984277,1.4405576e-06,36.269547,0.013750042,0.0067589334,6.120668e-08,0.3901173,0.19462645
1927,0.068577304,0.09455915540456772,0.094333216547966,0.0,-0.0057654274,0.53083307,0.04329265,99.98882,680.1282,162.47945,3.114053,1.7506421,0.8590221,0.9998309,0.18010789,57.899914,0.22668423,2.9819904e-07,1.6313223e-07,0.00913161,1.0104154e-08
1928,0.06856102,0.09216052293777466,0.09206713736057281,0.0,-0.007078906,0.53161657,0.043322764,98.32513,598.5827,161.48451,2.867722,1.515592,0.9667816,0.99911386,0.17340052,150.96326,0.74757636,5.051642e-07,1.0075509e-05,0.00912258,1.2872131e-06
1929,0.06549619,0.09330455213785172,0.093203105032444,0.0,-0.0056998148,0.5420038,0.042661276,99.919754,699.80804,165.25427,3.0288832,1.9434754,0.65758115,0.9996885,0.18035562,52.433784,0.63876754,2.834975e-07,5.412852e-07,0.009049638,4.0312303e-10
1930,0.06514808,0.0922410786151886,0.09194798767566681,0.0,-0.005480866,0.5267236,0.048451964,99.98485,676.9247,166.42699,2.8288698,1.6103139,0.90619093,0.99967235,0.17918701,53.57262,0.38376236,6.029494e-07,2.0000275e-06,0.0092401905,4.868634e-09
1931,0.06503013,0.09247224777936935,0.09225376695394516,0.0,-0.0055450285,0.52138484,0.04520784,99.95394,600.8317,164.60738,3.060669,1.6020446,0.97066116,0.9999385,0.1736795,124.06085,0.07807932,1.9385935e-08,3.2249747e-07,0.009321419,1.6463611e-08
1932,0.067452386,0.08994487673044205,0.08966738730669022,0.0,-0.0057510575,0.5276709,0.046392996,99.99913,699.38477,168.02763,2.860477,1.762652,0.8168456,0.9998182,0.17407806,181.01648,0.5311851,3.1949227e-07,5.1038325e-07,0.009211159,3.2501024e-08
1933,0.06629107,0.09675562381744385,0.09669435024261475,0.0,-0.005886433,0.5372749,0.041742403,99.8424,690.2225,164.24324,3.0239763,0.6520183,2.0261576,0.99955666,0.17950201,71.126396,0.18134975,7.7084417e-07,2.5970833e-06,0.009029991,5.6843547e-08
1934,0.06802649,0.09317877143621445,0.09291141480207443,0.0,-0.00558612,0.52012384,0.04554467,99.96152,687.029,163.92368,2.875682,1.516851,1.0214351,0.9999071,0.17410128,91.152245,0.37045538,4.721091e-07,1.4958191e-06,0.009007372,1.0804781e-07
1935,0.06517028,0.08995690196752548,0.08984100073575974,0.0,-0.005954112,0.5352509,0.04548319,99.96247,655.1324,164.48415,2.916189,1.4882673,0.9901619,0.9996106,0.175072,95.092606,0.35940832,2.4671104e-07,5.5783094e-08,0.009227312,5.4470394e-08
1936,0.06853965,0.09147540479898453,0.09132374823093414,0.0,-0.006650583,0.529241,0.0438038,99.949776,699.63824,166.26396,2.951355,1.5181333,1.0533696,0.99985343,0.17426234,104.36813,0.74890906,3.1667935e-07,6.446109e-06,0.009099897,5.365947e-09
1937,0.065624796,0.09060192108154297,0.09042848646640778,0.0,-0.005929054,0.5143737,0.047909576,99.98929,666.1272,167.41129,2.9443505,1.6485233,0.8969003,0.9994415,0.17630436,102.61162,0.45269015,6.514856e-08,1.0028039e-06,0.009297505,5.548406e-08
1938,0.065692544,0.09228295832872391,0.09208312630653381,0.0,-0.007077098,0.53638697,0.044801224,98.848694,691.1938,161.62265,3.0361967,1.7391948,0.86436075,0.9992401,0.17256531,117.46405,0.7634842,1.968155e-06,1.0193382e-06,0.009174506,1.3958403e-07
1939,0.06747553,0.09230915457010269,0.09203359484672546,0.0,-0.0054901275,0.5362615,0.045356136,99.98524,478.89688,166.7619,2.9800825,1.7226918,0.88168705,0.9998949,0.17731865,49.51717,0.11733107,1.2501655e-08,1.190373e-06,0.009206937,1.7731097e-08
1940,0.06776791,0.09348776191473007,0.09286747872829437,0.0,-0.006029653,0.54666024,0.04619029,99.984,670.3079,165.87404,2.9298682,2.192512,0.38153285,0.9997484,0.180989,54.83927,0.38511607,1.3747626e-06,1.1674757e-05,0.00918715,8.9951016e-08
1941,0.06852901,0.09538375586271286,0.09680308401584625,0.0,0.08505169,0.63399875,0.032089915,99.927284,697.7059,161.06587,3.0354774,1.5754594,1.1307509,0.9994769,0.1824679,83.688736,0.4314784,1.3464522e-07,1.2789174e-06,0.008548564,1.6680097e-07
1942,0.06562817,0.095112644135952,0.0943857803940773,0.0,-0.005566958,0.5166496,0.04412457,99.94606,541.5067,162.06226,3.184625,1.9627751,0.6457699,0.9998471,0.17673302,144.3173,0.4269271,4.6261e-07,8.0500595e-06,0.009252786,2.7295616e-07
1943,0.065658726,0.0894998162984848,0.08929578214883804,0.0,-0.006358414,0.5439579,0.04409151,99.878044,699.2863,166.45175,2.931868,1.690462,0.8374903,0.999781,0.17521246,41.13552,0.7333191,8.989473e-07,2.1551525e-06,0.009240526,7.764071e-08
1944,0.06487255,0.09066439419984818,0.09060133993625641,0.0,-0.0057825446,0.5345102,0.044784054,99.94,566.3489,164.69342,2.9107018,1.7289451,0.84794307,0.9994428,0.17785838,97.685104,0.6461165,4.024365e-07,7.466962e-07,0.00918572,2.6112872e-08
1945,0.06589368,0.09036099165678024,0.08956994116306305,0.0,-0.006975717,0.55548906,0.044224698,99.35976,688.72906,162.73708,2.9132762,1.68604,0.7891549,0.99744785,0.17767835,144.12137,0.9415505,2.5632664e-06,1.063953e-06,0.009165909,2.7833275e-07
1946,0.0665035,0.09240514785051346,0.09427361935377121,0.0,-0.0056699594,0.45194528,0.052500103,91.229996,684.1475,148.23055,3.0224783,2.818055,0.0043908674,0.9976391,5.2139403e-06,36.988026,0.013574626,0.0067464164,1.220855e-06,0.56444484,0.5415279
1947,0.06500215,0.09055343270301819,0.09045752882957458,0.0,-0.0060184137,0.51998454,0.04576619,99.88728,694.94775,165.99908,2.9845505,1.6448171,0.90732473,0.9999903,0.17767698,168.58209,0.42019424,6.9539493e-07,2.4750966e-06,0.009307924,2.3698412e-08
1948,0.06453082,0.0916663408279419,0.0915849432349205,0.0,-0.005818693,0.52717364,0.045185003,99.98541,325.4767,163.57358,3.0022879,2.2152731,0.32895732,0.9996036,0.1806072,171.69508,0.44489443,3.1731048e-07,8.349434e-07,0.0092041595,1.7678817e-08
1949,0.068476334,0.09389010816812515,0.09379523992538452,0.0,-0.0057044304,0.54853153,0.040243033,99.90662,699.6364,165.13809,3.0426025,1.7600055,0.8912671,0.9999864,0.17835851,113.9979,0.3473474,8.5740744e-08,1.7733777e-07,0.009053526,1.6737834e-08
1950,0.06832191,0.09373132884502411,0.09357181936502457,0.0,-0.0055160387,0.53336036,0.04412556,99.91125,653.4756,166.12502,3.041126,1.7977096,0.83290195,0.99970263,0.1815468,139.97992,0.5230003,7.9919784e-07,3.0662505e-07,0.009079575,4.1045276e-08
1951,0.06167842,0.09164129942655563,0.09136822074651718,0.0,-0.0055200537,0.50512534,0.052506294,99.94239,425.90546,166.27194,2.8991723,1.794893,0.7842226,0.999976,0.1795522,46.853527,0.4509457,9.375044e-08,2.159242e-06,0.00921626,1.2074198e-09
1952,0.06685491,0.09396006166934967,0.09370804578065872,0.0,-0.005769357,0.49957395,0.049263537,99.91935,627.5466,164.98424,3.0531447,1.7370254,0.89710385,0.99953395,0.1815137,162.50569,0.96844035,2.3529391e-07,5.0063452e-08,0.009258258,3.2781902e-09
1953,0.06753012,0.09105503559112549,0.0909438505768776,0.0,-0.005661065,0.51241195,0.047295902,99.98655,699.84204,164.5689,2.9450078,1.8240029,0.7153671,0.9997491,0.17943415,44.20355,0.7413419,1.133877e-07,5.2645067e-08,0.009264095,4.9500994e-09
1954,0.06584721,0.09439849108457565,0.0959484875202179,0.0,0.0889681,0.61767554,0.03342029,99.91599,699.0067,161.72646,2.9344876,1.6493646,0.9504916,0.9999916,0.18619314,175.91891,0.8407272,1.0864599e-07,7.546912e-07,0.008729285,2.2032173e-08
1955,0.06715045,0.0945252925157547,0.09449966996908188,0.0,-0.005476453,0.5323614,0.04339873,99.99939,699.59174,165.1346,2.9615169,1.8353455,0.80160004,0.99995244,0.17833917,32.006504,0.7599644,3.684331e-08,3.3633e-07,0.009117467,1.6387284e-08
1956,0.066167645,0.09185595065355301,0.091631680727005,0.0,-0.00701445,0.49629432,0.05072416,99.97421,698.87335,166.26361,2.9641526,2.0751796,0.4936539,0.99893254,0.17649305,87.98706,0.5808553,1.6395951e-06,8.477823e-06,0.009292226,1.12006866e-07
1957,0.064882,0.09527257829904556,0.09665867686271667,0.0,0.089366466,0.61565536,0.034944605,99.99599,698.75726,163.5184,2.9483898,1.7657369,0.8922626,0.99989486,0.18848367,49.764057,0.13033381,1.4380066e-07,1.1994081e-07,0.008722443,9.151055e-09
1958,0.065935954,0.09344267845153809,0.09306667000055313,0.0,-0.0060523585,0.5584942,0.041177455,99.93995,688.9384,164.21782,2.9211588,1.6395984,0.88452166,0.99991214,0.1775453,58.705376,0.4298411,6.713312e-07,1.4281118e-06,0.009104019,4.331405e-08
1959,0.06719176,0.09666033089160919,0.09659431129693985,0.0,-0.0057966476,0.52737075,0.043935314,99.870926,693.7984,164.2979,3.0478415,2.2199488,0.44870153,0.99970293,0.1849692,116.800186,0.1505622,1.5479277e-06,4.247009e-06,0.0091125285,6.99662e-08
1960,0.06503828,0.09230196475982666,0.09224167466163635,0.0,-0.0069561694,0.5307907,0.04512235,99.813614,685.3518,164.96681,2.9580712,1.5200615,1.060871,0.99953276,0.1792341,139.7994,0.3090503,2.1363185e-07,2.2731427e-07,0.009092118,1.8572612e-08
1961,0.06531801,0.09126871824264526,0.09109924733638763,0.0,-0.005476262,0.53577447,0.045059044,99.9726,687.68536,166.27368,2.965559,1.8934642,0.6628549,0.9997594,0.17354706,79.37354,0.52313447,4.1079394e-07,7.179278e-07,0.00936163,2.7247358e-08
1962,0.06584568,0.09302780032157898,0.09259811043739319,0.0,-0.0054641766,0.5095878,0.045663226,99.97712,698.58685,163.82736,3.083011,1.9249076,0.64953744,0.9999587,0.18018296,56.80068,0.35513568,4.4630397e-08,2.2791394e-06,0.00920214,3.5353045e-09
1963,0.067188345,0.0942576453089714,0.09527000784873962,0.0,0.08883558,0.633942,0.034561615,99.99256,698.9384,165.80557,2.9114633,1.7540221,0.9026503,0.9999717,0.18586293,108.41886,0.38182676,1.9587267e-07,6.8962675e-07,0.008717265,4.858949e-09
1964,0.06707906,0.09264032542705536,0.09232880175113678,0.0,-0.0074166483,0.5227739,0.044895373,99.97904,699.9427,163.45041,2.8612463,1.4322067,1.0835164,0.9998156,0.17889531,76.71137,0.71257806,1.1786844e-06,1.7189122e-07,0.008961573,3.838429e-08
1965,0.06664777,0.09097366034984589,0.09051167964935303,0.0,-0.0055486388,0.5314987,0.048876926,99.96502,687.10974,167.20035,2.927629,1.7615865,0.81293863,0.99997973,0.1773205,127.85914,0.91385406,9.4274725e-08,1.9281321e-08,0.009233425,2.0181515e-08
1966,0.066002056,0.09098486602306366,0.09076418727636337,0.0,-0.0054742782,0.5267222,0.04829409,99.90217,493.75665,164.7221,2.9054985,1.5033216,1.0708207,0.999611,0.17866153,99.93613,0.15257345,9.814014e-07,1.2932688e-06,0.009297111,1.07054134e-07
1967,0.06525487,0.09211871027946472,0.09200476109981537,0.0,-0.0057214876,0.5373625,0.044224866,99.99587,695.44104,163.70898,2.9602194,1.7824427,0.7981126,0.99990493,0.17729925,45.31124,0.5007582,5.801085e-07,1.0984865e-06,0.009165501,7.3477864e-08
1968,0.06614324,0.09345414489507675,0.09321829676628113,0.0,-0.0057286033,0.5132712,0.046271812,99.98556,699.8866,166.02579,2.9583821,1.9326161,0.64093,0.9999947,0.1818988,187.3609,0.18975246,5.5734404e-08,2.2826029e-07,0.00906209,1.0566275e-08
1969,0.06677797,0.09479106217622757,0.0945744439959526,0.0,-0.0054767965,0.52298856,0.043480303,99.99453,699.3044,165.95662,3.057656,1.8248153,0.7987082,0.9999473,0.17952374,37.617825,0.7513384,8.270641e-08,2.2765424e-07,0.009158877,1.2678516e-08
1970,0.06722794,0.09257709980010986,0.09246224164962769,0.0,-0.0056555527,0.52368516,0.046492003,99.93028,698.0201,164.2341,3.0228724,1.4621781,1.1202016,0.9994822,0.17509238,104.12473,0.8309614,7.022937e-07,2.0178884e-06,0.0092811845,1.2800011e-07
1971,0.06645822,0.09195102751255035,0.09181277453899384,0.0,-0.005560576,0.49448028,0.05357393,99.96061,652.73987,164.3299,2.9469364,1.5978742,0.95284253,0.9998853,0.17646956,51.177006,0.46251035,5.3333395e-07,1.4776699e-06,0.0093324855,4.947819e-08
1972,0.06555535,0.09074609726667404,0.09044401347637177,0.0,-0.0061676204,0.53340757,0.0454909,99.830376,699.90826,167.7679,2.8524961,1.8165032,0.81187314,0.9997041,0.17647855,64.18824,0.80439466,6.3948795e-07,5.878298e-07,0.009205241,3.0106257e-08
1973,0.06519867,0.09250278770923615,0.09231510013341904,0.0,-0.0056559443,0.51897115,0.044320133,99.83032,692.2029,163.88655,2.9292183,1.720706,0.9047533,0.999877,0.17788623,59.22229,0.7213449,4.445057e-07,4.5519187e-06,0.009109497,3.835314e-09
1974,0.06643418,0.08994261920452118,0.08976608514785767,0.0,-0.0060635223,0.5180543,0.048956983,99.98328,697.3885,166.68594,2.8447769,1.4973207,0.9985678,0.99992913,0.17112541,58.232357,0.64557,5.6347454e-07,6.777122e-07,0.009209769,3.9481883e-08
1975,0.06431742,0.09189817309379578,0.09146881848573685,0.0,-0.0054582222,0.49431175,0.050586022,99.99333,636.3104,166.15802,3.0036294,1.854996,0.7130585,0.9999923,0.17369616,125.32048,0.775495,1.8946649e-07,8.427057e-08,0.009338785,2.8643626e-08
1976,0.066972636,0.09171850979328156,0.09120367467403412,0.0,-0.0062443265,0.5604903,0.041453693,99.94102,488.47543,162.97366,2.9881911,1.9811738,0.6497649,0.999411,0.17462906,126.03269,0.6416991,1.5445964e-07,2.3488487e-06,0.009232432,2.728937e-07
1977,0.06688004,0.09354335069656372,0.09348993003368378,0.0,-0.0059637153,0.53358126,0.043963306,99.90377,682.4671,164.61424,2.9437964,2.026262,0.5933703,0.999588,0.17484099,40.5268,0.285674,1.1898884e-06,4.429682e-07,0.009069285,2.0782904e-08
1978,0.06622669,0.09519605338573456,0.0948231965303421,0.0,-0.0055849478,0.5487115,0.044219214,99.94199,652.96014,163.61958,2.98691,1.65431,0.92126197,0.99994767,0.17831141,60.10014,0.7301593,1.520914e-07,6.798732e-07,0.009125619,7.345677e-09
1979,0.06544631,0.09446049481630325,0.09385208040475845,0.0,-0.0055304854,0.49349287,0.050298803,99.96206,689.1721,163.7751,3.0254314,1.4398767,1.0520351,0.99989206,0.17749682,18.45,0.41753936,3.7787494e-08,1.6424583e-08,0.009392904,3.8471986e-09
1980,0.068109505,0.09435021877288818,0.09399265050888062,0.0,-0.0063028005,0.50969005,0.045965184,99.920235,688.07416,163.47905,3.0763438,1.2791876,1.2856599,0.99969697,0.18252619,78.32451,0.5426662,7.3705415e-08,3.4163684e-06,0.009184231,2.30318e-08
1981,0.064793125,0.0938628539443016,0.09402939677238464,0.0,-0.005458936,0.45415825,0.048827466,99.80529,695.45166,156.73979,3.192697,3.1472976,0.0013695081,0.9999939,7.195509e-07,36.569527,0.014032095,0.006833214,7.601504e-09,0.61477727,0.22492133
1982,0.06636013,0.09172368794679642,0.091475710272789,0.0,-0.0055207685,0.48997572,0.05506705,99.92816,693.906,167.2366,2.8740387,1.9247181,0.60020465,0.9999867,0.17761852,29.776148,0.49381006,7.656692e-07,1.7802901e-07,0.0093834745,3.077467e-08
1983,0.06318321,0.09177500009536743,0.09157878905534744,0.0,-0.0056018867,0.51695424,0.0498456,99.65332,660.24817,163.4406,2.9904537,1.3748246,1.1467445,0.999935,0.17405213,63.67936,0.39303723,6.911385e-08,3.0591918e-06,0.009335605,3.0121887e-09
1984,0.06676187,0.09615593403577805,0.09590382128953934,0.0,-0.0056336145,0.5256711,0.042805895,99.91032,678.87305,164.90445,3.1188447,1.7144824,0.9611302,0.9995097,0.179086,147.35591,0.726294,1.3807223e-06,7.6884746e-08,0.009073576,1.0122869e-07
1985,0.065670185,0.09200237691402435,0.0913579985499382,0.0,-0.005639695,0.5465512,0.045238286,99.96848,698.14056,165.77377,2.8192942,1.5942636,0.92997265,0.99988943,0.17812109,32.51752,0.8225576,2.2415017e-07,4.405026e-08,0.009065818,1.392782e-08
1986,0.06720567,0.09252849221229553,0.09182211011648178,0.0,-0.005465361,0.55637395,0.043349754,99.94538,696.71875,166.12999,2.8699303,1.7368199,0.85069567,0.99975014,0.17556578,127.35912,0.3196389,1.4842736e-07,6.756374e-08,0.009029368,1.5547161e-09
1987,0.06655374,0.09258804470300674,0.09242051094770432,0.0,-0.006891051,0.5423902,0.042416237,99.885826,689.36633,164.19199,2.9184945,1.9826176,0.6271324,0.99962896,0.17589472,69.34905,0.4681788,5.5563316e-08,5.792579e-07,0.009022618,1.13431284e-07
1988,0.06569151,0.09513092041015625,0.0945962518453598,0.0,-0.0055111325,0.51255363,0.044286832,99.97851,488.53912,161.0014,3.055958,1.7474035,0.791669,0.9998739,0.1810662,149.75613,0.99656755,5.0910653e-10,6.1519e-08,0.009162382,2.483191e-08
1989,0.06536535,0.09336408972740173,0.0932704359292984,0.0,-0.0055549215,0.54143965,0.0431767,99.93225,417.4962,163.4784,2.9925,1.4205824,1.1389419,0.99992377,0.17720751,86.831024,0.20452417,6.5863236e-07,6.9710035e-07,0.009233707,2.2991607e-08
1990,0.06637921,0.09149608016014099,0.09139782190322876,0.0,-0.0055203303,0.51048577,0.047945824,99.9572,696.8879,165.46985,2.882522,1.6158017,0.8613466,0.9999405,0.18027648,114.445274,0.8158716,5.526536e-07,7.2275895e-07,0.009230498,2.2244715e-08
1991,0.065859005,0.08945447206497192,0.08919433504343033,0.0,-0.0056400225,0.5149396,0.049798023,99.92306,459.0674,167.02785,2.9546707,2.069597,0.5469948,0.9999629,0.17192894,72.77151,0.6758342,5.226719e-07,2.9215269e-06,0.009322208,2.1065664e-07
1992,0.065539226,0.09451866894960403,0.09419545531272888,0.0,-0.0055118673,0.5195982,0.045757107,99.98679,696.62836,167.13423,2.876597,1.8504452,0.69361377,0.9999081,0.17966217,114.927795,0.16274832,9.619535e-08,4.875931e-07,0.009074401,2.569479e-08
1993,0.064912714,0.08997535705566406,0.08963952958583832,0.0,-0.0056062886,0.4896964,0.052795056,99.88202,691.40485,164.39626,2.8223472,1.9567875,0.53260535,0.99872166,0.17796919,18.960415,0.8381129,3.129268e-06,3.4916065e-06,0.009198451,3.7729286e-08
1994,0.06503289,0.09195856750011444,0.09187823534011841,0.0,-0.0065083075,0.5560792,0.0367362,99.49386,676.18176,163.87148,2.9395142,1.1859248,1.399869,0.9995694,0.17646503,77.27722,0.13034864,2.2572792e-07,2.5025372e-06,0.009043921,2.4930222e-07
1995,0.06449814,0.09283290803432465,0.09258837252855301,0.0,-0.005471163,0.52708197,0.046260294,99.96979,693.3094,162.64871,2.9542198,1.7524717,0.7412476,0.9996333,0.17916186,151.48735,0.6757685,8.058697e-08,4.667474e-08,0.009247918,3.6985103e-08
1996,0.06477923,0.0917465090751648,0.09152834862470627,0.0,-0.0054632626,0.50476474,0.048668493,99.95394,698.2194,166.55882,2.9226258,1.7266067,0.77615917,0.9998992,0.17746949,73.603134,0.22086224,7.442669e-08,6.719793e-07,0.009207619,2.307459e-08
1997,0.06620935,0.09014608711004257,0.0829869732260704,0.0,-0.005664158,0.5096669,0.035486255,92.83196,434.0169,151.15558,2.7210596,3.652821,0.01499338,0.94930667,0.0068506575,38.42086,0.010015168,0.00022828483,7.057358e-06,0.1770289,0.00031368225
1998,0.06638297,0.09419964998960495,0.09410151839256287,0.0,-0.0055966843,0.5305994,0.044182085,99.992455,597.41534,162.91821,3.0698826,1.7645305,0.83726573,0.9998782,0.17810538,138.7044,0.15867323,2.1942074e-07,1.3575674e-06,0.009104282,3.076024e-08
1999,0.06630965,0.09049646556377411,0.09042499959468842,0.0,-0.005487136,0.5319535,0.04408153,99.92017,691.55725,166.35757,2.9334526,1.1455586,1.4356947,0.99972665,0.17652312,182.16362,0.392156,3.0487917e-07,6.131411e-07,0.009137281,7.579089e-08
